sentence1,sentence2
"We are not stronger than him ? "" ( 1 Corinthians 10 : 20 - 22 ) .",Are we stronger than he ? ( 1Cor 10:20 - 22 )
Bassianus refused and fled to Ravenna .,Basiano rejected it and traveled to Ravenna .
"As this decision is being appealed by the Sofia CSKA , the Bulgarian Football Federation has not yet announced a replacement .","As this decision was appealed by CSKA Sofia , the Bulgarian Football Union granted a license to them subject to legal proceedings ."
""" Temptations , unlike opportunities , will always give you second chances . ""","temptations , as opposed to opportunities , always gives you a chance to"
Krystal Forscutt is without a doubt one of God 's very best works .,A grilled pork chop is undoubtedly one of God ’s greatest creations .
fifteen . Issues were raised regarding the best way to subject taxation to the rural / agricultural sector and the unstructured sector .,Questions were raised on how best to bring the rural / agricultural and informal sector into the tax net .
""" Ultratop.be – Diana King – Ai n't Nobody "" ( in French ) .",""" Ultratop.be - Diana King - Ai nt Nobody "" ( in French ) ."
"Jorts and trees teach me nothing , but it makes people in a city .","Now the country places and the trees wo n’t teach me anything , and the people in the city do ."
But this vote will have an impact on how the United States views the UN and how we view countries that are disrespectful to us in the UN .,"But this vote will make a difference on how Americans look at the @UN , and on how we look at countries who disrespect us in the UN ."
"He was the only Hmong ethnic group to reach the rank of general officer in the Royal Army of Laos , and was loyal to the King of Laos without ceasing to be a hmong champion .","He was the only ethnic Hmong to attain the rank of General officer in the Royal Lao Army , and he was loyal to the King of Laos while remaining a champion of the Hmong people ."
"Originally the final track of the album would be "" I 'm catching Hell "" ( "" I 'm holding hell "" ) , a song from Cole not very popular during his concerts .","Originally an album track , the album 's closer , "" I 'm Catching Hell "" , nonetheless became a popular Cole song during live concert shows ."
"Many politically correct , in my discretion , have an unconscious notion that if we , who belong to the majority population in Europe , promote our interests , it will go beyond the minorities .","Many politically correct people have to our understanding a subconscious notion that if we , who belong to the majority of the population in Europe , promote our interests it will be to the expense at the minorities ."
In 1847 they traveled to a valley that many explorers felt was uninhabitable .,In 1847 they went to a valley that many explorers meant were completely
"Classes are taught in the target language , and our trainers are prepared to overcome all obstacles , making you speak no less than 50 % of the time .","The classes are taught in the target language , and our trainers are prepared to overcome inhibitions , so you speak at least 50 % of the time ."
"An analysis of current religious and political developments on the basis of biblical texts , claiming that the Papacy , Freemasonry , and the United Nations ( among other institutions ) are anti - Christian oriented organizations .","An analysis of current religious and political developments on the basis of biblical texts , which affirm that the papacy , the Freemasonry and the United Nations ( among other institutions ) are organizations aimed at Christianity ."
But there was one thing that helped Joseph not to be completely crushed by loneliness .,"One thing , though , kept Joseph from being crushed by loneliness ."
"At that time , GuitarFreaks was not very recognized in North America . Redoctane was doing Dance Pads for games such as Dance Dance Revolution for home consoles and also an online rental service similar to Netflix .",RedOctane was making dance pads for games like Dance Dance Revolution for home consoles and also operated an online video rental service similar to Netflix .
"Historia Sin Palabras ( History without words ) , de Frans Masereel .",Histoire Sans Paroles ( Story Without Words ) by Frans Masereel .
"Lecturers , employees and students use e - mail to exchange information , but limitations on file sizes made it impossible to exchange large files .","Lecturers , staff and students were using email to exchange information , but limits on file sizes prohibited them from sharing large files ."
"If further discussion on that item is necessary , it could be scheduled during the second week rather than continuing on the following day .","If the debate should continue , instead of continuing it the next day it could be scheduled for the second week ."
"But when the Chinese fleet struck to the emperor 's side , there was no hope of a French victory , and then both armies were broken and exhausted .","But when the Genoese fleet defected over to the Emperor ’s side any hope of a French victory was lost , and by that point both armies were broke and exhausted ."
"This is not surprising , given the complexity of the matter and the practical problems involved in determining those values .","This is hardly surprising , given the complexity of the issue and the practical problems in the way of establishing such values ."
"- In the same period , 13 health centers , partially or fully supported by doctors without borders , have been hit by bombs or grenades .","Over the same period 13 medical facilities , fully or partially supported by MSF , have been hit by bombs or shells ."
"This same concern was repeatedly transmitted to the independent expert in his visits to the country , especially by non - governmental organizations and sectors of the opposition .","This concern was repeatedly expressed to the Independent Expert during his visits to El Salvador , especially by the NGOs and opposition sectors ."
"At one point , Vanessa shows Bob a photo she keeps in her wallet of her biological father ( whose picture , unbeknownst to Vanessa , is of mass murderer Richard Speck ) .","In a moment , Vanessa shows him a photo that she has on her wallet of her biological father ( the photograph used is actually an image of the Richard Speck killer ) ."
"That did not happen , as he unfortunately had a cardiac arrest in his hotel room during a training camp in the United States on May 1 , 2012 .",He died of a heart attack in his hotel room while at a training camp in the US on the 1st May 2012 .
That night was a valiant fight that sealed an unprecedented win and went down as one hell of an upset for the favourite .,That night was a brave fight that sealed an outstanding victory and went down as a hell for the favorite .
"Jan Stuart said at The Advocate that although the film tries to subvert the stereotypes over Los Gais , he does not get it .","Jan Stuart , writing for The Advocate , said that although the film tries to subvert gay stereotypes , it is unsuccessful ."
""" Sometimes we expect our loved ones and close friends to read our non - verbal tracks about what happens to us , "" Life Coach , Klay S. Williams , Bustle .",""" Sometimes , we expect our loved ones and close friends to read our nonverbal clues as to what 's going on with us , "" Life Coach , Klay S. Williams tells Bustle ."
"It is your choice whether you want us to collect this information , and therefore you can choose not to share this data by following the steps described here .","It is your choice if you want us to collect this information , and therefore you can opt out of sharing this data by following the steps listed here ."
These data will be stored for a maximum of 180 days as a technical safeguard to protect the data processing systems against unauthorized access .,This data is stored for a maximum of 180 days as a technical precaution to protect the data processing systems from attacks .
Unbelieving Israelites were cut off from their nation because of their unbelief .,The deep downtime state Israel 's people were in their cause in their own disbelief .
"Like all her sisters , Savoy would remain unmarried , dying at the age of 38 in Turin .","Like his sisters , he would remain single , dying at the age of 38 in Turin ."
"If you think you are a world citizen , you are not a citizen of anywhere .","If you believe you are a citizen of the world , you are a citizen of nowhere ."
"B. Convention for the Suppression of Unlawful Seizure of Aircraft , signed at The Hague on 16 December 1970 ( entered into force on 14 October 1971 )","B. Convention for the repression of the illicit surveyment of aircraft , signed in the Hague on December 16 , 1970 ( it entered into force on October 14 , 1971 )"
"Be patient , and with time , you 'll determine whether predictive signaling works for you or does n't .","Be patient , and over time , you decide if predictive signaling works for you or not ."
"They can become uninterested in other people , toys and their surroundings .","They may become disinterested in other people , toys , and their surroundings ."
Undoubtedly the most famous sculptor of the 15th century was Donatello .,The greatest sculptor of the early Renaissance was Donatello .
"And it is thus that We might make him a sign unto mankind , and a mercy from Us .","For we shall make him a sign for the people , and proof of our grace ."
Yet it is their children – more powerless and paid less – who are offered the jobs .,"But it 's her children , who are even poorer and more underpaid , who offered the jobs ."
"He said that no matter where they went , the locals told them what the government and police said .","He told me where they went , told the local them what the authorities and police said ."
The bird was not free .,The bird was free .
"Which non - European city has a name that means "" White House "" ?","What North African city has a name meaning "" White House "" ?"
""" We have n't sent you other than a mercy to people . """,“ We only sent you as a mercy to all of the worlds ” .
"Of course , formally , everything is legal , but in practice , people from countries such as India , Pakistan , and China are forced to work long hours for basically no money .","Of course , everything is formally seen in accordance with the law , but in practice people come from countries like India , Pakistan and China here to make money and become entirely dependent on the employer ."
Inadequate employment opportunities compound the existing deep clan and regional divisions .,The scarce employment opportunities aggravate the deep divisions between clans and regions .
"Commending the Secretariat on the early completion and submission of the budget proposal , her delegation welcomed the prudent measures taken by the Secretariat to reduce spending .",Malaysia congratulates the Secretariat for having concluded and presented the draft budget and welcomes the measuring cautas adopted by the Secretariat to reduce spending .
Why did n't Chewbacca received a medal in Star Wars ?,When did chewbacca get a medal in Star Wars ?
"How wonderful it is not to always have three handsome men to visit me , no matter how old I am ?",How lovely will it be to always have three handsome men visiting me no matter how old I am ?
This took place already in September 2006 and was a direct consequence of his unjustifiable behavior .,"This occurred otherwise in September 2006 , and directly to his illoyal behavior ."
The proposed air reservoir would have been insufficient for an animal the size of Parasaurolophus .,The proposed air tank would have been scarce for an animal the size of parasaurolophus .
"It does n't come as a surprise , I taught several years before we ended up in it .","It comes as a surprise , this , I taught several years before we ended up in it ."
"Modern theoretical physics is dominated by superstring and M theories , with 10 and 11 dimensions , respectively , which are still untested .","Contemporary theoretical physics is dominated by superstring and M theories , with 10 and 11 dimensions , respectively ."
"Billy Batson without problems distracts the agent , giving Constantine time to kill him , and Billy recovers his power .","Billy Batson distracts the agent , giving Constantine time to kill it , and Billy regains his power ."
You do not need a Spanish Nie number to visit Malaga .,You do nt need a Spanish NIE Number to visit Malaga .
No one likes war ?,Does anyone like war ?
( See non - disjunction . ),( See Defragmentation ) .
An unconscious Oswald was taken by ambulance to Parkland Memorial Hospital — the same hospital where Kennedy was pronounced dead two days earlier .,"Oswald was transported by hospital truck to Parkland Memorial Hospital , the same hospital where President Kennedy died two days before ."
"Auto workers in China need to reach out to their counterparts in North America , including the US , Mexico and Canada , and Europe to build a unified movement based on a genuinely socialist program .","Car workers in China must reach out to their colleagues in North America , including the United States , Mexico and Canada , and Europe , to build a united movement based on a genuinely socialistic program ."
But do n't forget about control .,So forget about control .
It was n't until 1263 that his relations with the Teutonic Order where normalized .,It was not until 1263 that relations with the Teutonic Order returned to normal .
Many students improperly assume that electromagnetic induction may take place in the presence of static magnetic fields .,Many students mistakenly assume that electromagnetic induction can occur in the presence of static magnetic fields .
Advice : Do not deny what your body tells you it needs .,* Advice : Do nt deny what your body tells you it needs .
"It is known that the band was not liking from the Mayor of Moscow , Yuri Luzhkov , who canceled many of his concerts in the city .","The band was so disliked by the then mayor of Moscow Yuriy Luzhkov , that he cancelled all of its attempted large - scale events in the city during his term in office ."
"In his first round , he faced the world not . 27 ° and 23 ° of the Radek Štěpánek tournament and beat it in five sets .","In his first round , he faced world no . 27 and 23rd seed for men 's singles Radek Štěpánek and beat him in five sets ."
Cuba has publicly expressed support for India 's candidacy for a permanent position in the UN Security Council on numerous occasions . Both nations are also members of the non - aligned movement .,Cuba has publicly expressed support for India 's candidature for a permanent seat in the UN Security Council on numerous occasions .
Do n't forget how many times you have failed God .,Remember how many times you 've failed God .
"Fallen mutants now scavenge the tombs of the Golden Age , and the plague they have unearthed in the wastes is more dangerous than even they understand .","False mutants now rob the tombs of the Golden Age , and the plague they have dug up in the waste is more dangerous than even they understand ."
"However , it should be clarified that some of the governments did not receive complaints until October or November 1994 .","However , some of these Governments received the allegations as recently as in October or November 1994 ."
"Sam , Bill and Harry encounter unable to the party , and guests persuade them to stay ( "" gimme !","Sam , Bill , and Harry accidentally walk in on the party , and the guests persuade them to stay ( "" Gimme !"
He wants them to walk away with an incredible experience and a desire to return .,"He wants them to go home with a good experience , and a desire to come back ."
"To prevent severe contact lens - related eye issues , ask yourself this three - part question at the start of each day of contact lens wear : Do my eyes look excellent , see excellent and feel good ?","To avoid serious contact lenses - related eye problems , ask yourself this three - part question at the beginning of each day with contact lens sheet : Have my eyes good , look good and feel good ?"
"SHAPELESS CHILDREN : A personality that constantly repeats "" Dad do not do it "" .","The Shapeless Children : Constantly repeat "" Daddy don ' do it "" ."
"However , retrograde and progressive can also be referred to an object that is not the primary , if it is described .","However , retrograde and prograde can also refer to an object other than the primary if so described ."
Varosha would have returned to Greek Cypriot Board as part of Annan 's plan for Cyprus had the plan not rejected by Greek Cypriot voters .,Varosha would have been returned under Greek Cypriot control as part of the Annan Plan if the plan had been accepted by the Greek Cypriot voters .
s.23 Procuration of girl under 21 to have unlawful sexual intercourse in any part of the world 2 years,Instigate a woman less than 21 years old to have illicit sex anywhere in the world
"If there is , decide if it is worth continuing with the behavior that resulted in your unhappiness .","If it is , decide whether it is worth continuing with the behavior that resulted in your accident ."
Men may also be more likely to behave ruthlessly and use drugs or alcohol to handle depression .,Men also may be more likely to behave recklessly and use drugs or alcohol to deal with depression .
Today&#39;s confusing situation is unsatisfactory and in itself affects freedom of expression in Norway .,The uncertainty of the current situation is far from satisfactory and in itself harms freedom of expression in Norway .
"In particular , the production facility at the Al Hakam site has long raised concerns relating to its original intent , as opposed to its current use .","In particular , it causes concern to determine what was the original purpose of the production plant located in the area of Al Hakam , which seems to differ from its current use ."
Do not miss - museum highlights this weekend :,Don´t miss out – museum highlights this weekend :
"They boasted their knowledge , but they were unaware of God 's demands and were full of hypocrisy .","They boasted of their knowledge , but they were ignorant of the requirements of God and were full of hypocrisy ."
"Nor do parks or places where you play , and as cities grow , fewer and fewer game zones are left for children .","There are few parks or playing fields , and , as the cities expand , fewer and fewer play areas are left for children ."
"When Katherine then seriously begins to wonder if Alice is a person she wants to have as a friend , she discovers something else : Alice does n't like to be pushed aside ...","And when Katherine starts to wonder if Alice is really the kind of person she wants as a friend , she discovers something else - Alice does nt like being cast off . . ."
Nor does he care to get down to work when necessary .,It also leaves the hands free to do work if necessary .
"Not long after , the prison closed permanently and sold .",A few days after the jail is evicted and closed definitely .
"She 's right ( Shhhhh , do n't tell her I said ) .",He was right ( shh - don’t tell him I said that ) .
The opinion expressed by some coordinators residing in the countries that still did not give an official response in this regard is that the government is indifferent about the concept of the note .,A view voiced by some resident coordinators in countries where an official answer on the CSN is still pending is that the Government remains indifferent towards the concept .
Battle alongside Legendary and Mythical Pokémon to save the world from a crisis in a tale of unprecedented scale .,Fight with legendary and mythical Pokémon to save the world from a crisis in this story in a unique scale .
Her work was always on a humanitarian rather than a political level .,"Her work was always at a humanitarian level , rather than political ."
"In all we do , we are determined that "" well enough "" is not more than a starting point .","In everything they do , they truly believe that ' ' good enough ' ' is merely a starting point ."
"UNDP could only be based on the conditions relating to effectiveness and the repercussions of programs , but could not establish general policy conditions that kept the respective country program in suspense .",UNDP could only build on conditions related to effectiveness and impact rather than establish overall policy conditions that could hold the country programme in abeyance .
"The investigations of the accident determined that the cause of the same was a ruling of the pilots , who did not delete the aircraft before leaving .",Investigation into the accident determined the cause of the accident to be the failure of the flight crew to have the aircraft deiced before departure .
"In this sense , teaching , training and dissemination methods will be sought both with formal and non - formal scope .","It is therefore important to look to both formal and informal methods of teaching , training and dissemination ."
You may or may not be required to watch this TV program during a visit to China during this special time of year .,You may need to see this TV program if you visit China at this particular time of year .
You have tried to force them to produce milk for four cows and become amazed that they do not manage it .,"You force them to produce the milk of four cows , then act surprised ."
"Midas learned Iron Man 's secret identity , but was reduced to a mindless husk by the mental powers of Marianne Rodgers .","Midas discovered the secret identity of Iron Man , but was reduced by the mental powers of Marianne Rodgers and became a patient in a psychiatric hospital ."
"And if you are alenor , it is unfortunate to grow up with only one person around the clock .","And , if you are a single mom , it 's a bad situation to grow up with only one person 24 hours a day ."
"In addition , too scarce a protection is provided to the notifying state that makes expenses arising from the fact that the State that received the notification did not respond in a timely manner .","There is , moreover , too little protection for a notifying State which incurs expenses as a result of the failure of the notified State to respond in a timely manner ."
"Worldloppet promotes and organizes touring races all over the world , and offers you your own inalienable Master title if you are just persistent enough .","Worldloppet promotes and organizes cross country marathons around the world , and gives you the opportunity to gain your own everlasting Master title if you ’re just persistent enough ."
Nine of the 11 unsolved murders were matched to Turner using DNA evidence .,13 Storting representatives selected for DNA joined to NKP at the split .
"The liberal / progressive / left is unable to understand that by demonizing white heterosexual men , they then demonize all whites and thus themselves .","The liberal / progressive / left are incapable of understanding that by demonizing white heterosexual males they are demonizing all whites and , thereby , themselves ."
"According to the administration , the development of the project was affected by the important changes introduced in the organization and the lack of stability in the Department of Administration and Management .","According to the Administration , major changes in the Organization and instability in the Department of Administration and Management had an impact on the project development ."
"It was said that she fought like an unleashed lioness protecting her young — in this case , the Sumerian people .",It was said that she fought as a detached lioness who protects her young - in this case the Sumerean people .
"Similar to a positive charged species , the radical species is most stable when the unpaired electron is in the more substituted position .","Again , in the same way as with positive charge , the radical is more stable when it is in the most substituted position ."
"But upon finding out that Najera had a losing record and was part of Barrera 's team , the California State Athletic Commission decided to rule the fight a no contest bout .","But when he learned that Nájera had a losing streak and that was part of the barrier team , the California Athletic Commission decided to annul the fight ."
"Meanwhile , unruly wandering Arab Bedouin tribes increasingly spread anarchy in Morocco , which accelerated the decline of the empire .","Several Arab tribes outside government control extended the anarchy by Morocco , accelerating the decline of the Empire ."
"No , avoid aspirin too .",Avoid aspirin too .
"The raw material is also completely free of the unhealthy cis - isomers , which can be found in cheap synthetic Q10 raw materials of low quality , which is normally produced from waste products from the tobacco industry .","The raw material is also completely free of the dangerous cisisomes , which are often found in cheap , synthetic Q10 raw materials of low quality , and normally produced by waste products from the tobacco industry ."
"So if you are an Apple fan like myself and want to get the certificate for a loved one , you are unfortunate .","So if you ’re an Apple fan like myself and want to get the certificate for a loved one , you ’re outta luck ."
- The Olympic Committee 2012 will not remember Munich,· 2012 Olympics Committee Fails to Recognize Munich 11
"It 's the opening week of a grand slam , and you see the best players all pulled towards relative unknown .",It 's the opening week of a Grand Slam and you see the top players are all drawn against relative unknowns .
"With 40 % support , PSUV still got the voices from more than five million Venezuelans , even in the middle of unbearable adversity .","Moreover , ” With 40 % support , the PSUV still gained the votes of more than five million Venezuelans , even in the midst of excruciating hardship ."
""" What a lovely surprise to finally discover how unlonely being alone can be """,""" What a wonderful surprise to finally discover how little it is to be alone can be . »"
"His hallucinations are so vivid that they seem real and , disconnected from reality , the user can become hostile and dangerous to himself and others .","His hallucinations are so vivid that they seem real , and out of contact with realities , he can become hostile and dangerous to himself and others ."
"In February 1941 , during the XVIII Congress of the PCP , Mikhail was warned that if his factory did not meet his production goals he would be expelled from the party .","In February 1941 , during the 18th Conference of the Communist Party , Mikhail was warned that if the plant missed its quotas he would be eliminated from the Party ."
"He did not get his job before in 1946 , when the war ended .",He only got his job back in 1946 when the war ended .
"In developing countries , half of economically active women are used in the unstructured sector .",About one half of all economically active women in developing countries are employed in the informal sector .
"b ) If that law is not repealed , the mission recommended that the following amendments be introduced :","( b ) Alternatively , the following amendments should be made to the Act :"
"Despite being delusions and generally unavailable , Don Quixotes seems to escalate and follow prominent moves at Campbell 's Heroic Journey .","Despite being delusional and generally incapable , Don Quixote ’s journey does seem to escalate and follow predominant traits of Campbell 's Heroic Journey ."
Too many states benefit from the Electoral College .,Many small tenses benefit from the election man colleague .
"This year , and without an album to promote , they embarked on a two and a half term tour , use your illusion tour .","In May 1991 , the band embarked on the two - and - a - half - year - long Use Your Illusion Tour ."
"When they fall in love , Robert senses the doomed nature of such a relationship and flees to Mexico under the guise of pursuing a nameless business venture .","They begin to fall in love intensely , but Robert , feeling the condemned nature of any relationship that could develop between them , flees to Mexico with the excuse to pursue an innominate business company ."
The execution had been unlawful .,This act would have been illegal .
"The main conclusion from the investigation was that the work was carried out in an area that was inadequately secured , and the practices were changed immediately after the accident .","The main conclusion from the investigation was that the work was in an area that was too poorly secured , and the contractor 's practice was immediately changed after the accident ."
How can you not enjoy this trip .,How can you enjoy this trip !
"But not on that day , Surely , God put seven words in Mrs. Leonard ’s mouth that changed Mary ’s life forever .","But that day it was as if God himself let seven words into Mrs Leonard 's mouth , words to change Marie 's life forever ."
"Fear erodes their confidence and causes unnecessary stress on the young , ripening brain .","Fear erodes their self - esteem and causes undue stress on the young , maturing brain ."
People recently disembarked in Libya are now locked up in overcrowded detention centers .,People who have recently gone ashore in Libya are now locked in crowded detention centers .
The President : I will now give the floor to representatives who wish to make statements - that are not explanations of position - on the draft resolutions that are part of group 1 .,"The Chairman : I call now on representatives wishing to make statements , other than in explanation of position , on draft resolutions in cluster 1 ."
"But as a country that continues to suffer daily the consequences that this power has not fulfilled its obligations , we must appeal to the alternatives we can find .","However , as a country that every day continues to suffer the consequences of the failure by that Power to meet its obligations , we must look to such alternatives as we may find ."
"One of the most worrying aspects of our environment is how much we are exposed to some unpleasant metals ( lead , cadmium and mercury ) .","One of the most worrying aspects of our environment is how much we are exposed to some nasty metals ( lead , cadmium , and mercury ) ."
I would recommend spending no more than a couple of days in Kathmandu .,We advise you to spend a few days extra in Kathmandu .
"Per Haddal in Aftenposten said the film did not scare as much as the sequel , but that it would not threpore the solid work of the team yet .","Per Haddal in Aftenposten concluded that the film failed to scare its audience as much as it intended , but he nevertheless complimented the solid handiwork ."
o and have sworn by those who are no gods .,"1.No , verily , I swear by this city ,"
"The deaths in homes have not been recorded in the data presented . A large number of patients with minor symptoms , had a full recovery , and many patients with more severe symptoms improved significantly .",A large number of patients with minor symptoms recovered completely ; those with more serious symptoms improved .
"The challenge is among other things , that important things should not always be done today or this week .",“ The problem is that the important task rarely must be done today or even this week .
"Like all economic rights , it requires a financial and material base which is not available to a large part of the population .","It is a right that , like all economic rights , requires financial and material support from which it lacks a large part of the population ."
"For many , there is no Christmas mood before Coca - Cola - Nissen appears .",Some say it is n’t Christmas until the Coca - Cola ad appears .
Multiple victimization can happen at practically all levels of response in the hands of untrained and insensitive assistance .,"Virtually at all levels , personnel lacking sensitivity or due training can cause new suffering to victims ."
"With only one driving axle and three unpowered leading axles , too much of the locomotive 's weight was distributed over the unpowered lead three axles .","With only one motor shaft and three bearing axes , most of the weight of the locomotive is distributed over the latter ."
Were there big bets that made the bookmakers not accept the bets of betting player A ?,Was it big stakes that put bookmakers off accepting Bettor A ’s bets ?
""" It selectively justify abortion , also in rape cases , is the same as defining the unborn child in the mother life as an enemy , a ' thing ' that must be destroyed .","To selectively justify abortion , even in the cases of rape , is to define the innocent child within the womb as an enemy , a ' thing ' that must be destroyed . """
The UCSB team examined the effect of exposure during pregnancy in this agricultural dominated area and observed an increase in unwanted outcomes due to very high levels of exposure exposure .,The UCSB team investigated the effect of exposure during pregnancy in this agriculturally dominated area and observed an increase in adverse outcomes accompanying very high levels of pesticide exposure .
"This model of government was not well structured to respond to fundamental changes , since the freedom of action of the ruler was limited to traditional responses .","This model of rulership was poorly structured to respond to changes , with the ruler 's freedom of action being limited to traditional responses ."
"Green , non - past due guajillos can also be harvested and used in cooking .","Green , immatured Guajillos may also be harvested and used in cooking ."
The main problem of defining a dynamic development may be that any definition is not up to the various currents that give rise to a certain type of literature .,The main problem of defining a dynamic development may be that any definition will fall short of the various currents which lead to a certain type of literature .
Protocol for the Suppression of Unlawful Acts against the,Protocol for the repression of illicit acts against the safety of platforms
"Regardless of why you need WhatsApp spy online , this article will explain everything you should know .","Whatever you need whatsapp spy online , this article will explain everything you should know ."
Can you not use it for internal training ?,Can you use it for indoor training ?
"Prime Minister Giuseppe Conte said that , among other things , the Dublin agreement may unravel .","Prime Minister Giuseppe Conte said that they would , among other things , go up the Dublin agreement in the seams ."
More comprehensive environmental disclosures are made on a non - compulsory basis by large corporations .,Large companies physically disclose broader environmental data .
Did not David dance before the Lord ?,David dances before the Lord .
Still I do the exercises that he taught me and I 'm painless .,I still do the exercise he taught me and I am pain free .
We would be able to see them as blessings rather than bothersome challenges .,We could see them as blessings instead of troublesome challenges .
"Suu Kyi wrote an open letter to the government and demanded the formation of an independent committee , so no democratic choices could be held .","At that time , Suu Kyi wrote an open letter to the government asking for the formation of an independent committee to hold democratic elections ."
Scientists believe the brain rather than the body helped Hof to respond to cold exposure .,Scientists believe that the brain instead of the body helped the HOF to react to cold exposure .
"Needless to say , his next invention was a pilot 's safety harness !",Moreover it is saying that its next invention was a safety harness for the pilot .
"The inscriptions and especially the epitaphs document the names of a large number of women across the Roman Empire , but they do not tell us much more about them .","Inscriptions and especially epitaphs document the names of a wide range of women throughout the Roman Empire , but often tell little else about them ."
The main step ( not done above ) in deriving this equation is establishing that the derivative of the stress tensor is one of the forces that constitutes Fi .,The first step to derive this equation is to establish that the derivative of the tension tensioner is one of the forces constituted .
"This is one of the big setbacks , many people face when they are not planning for business trips and vacation escapades early .","This is one of the huge setbacks , that many people face when they fail to plan for the business trips and holiday escapades early ."
"Damage of the statue statue has been injured and destroyed many times since the mid-1960s for various unknown reasons , but has been restored every time .","This statue has been damaged and defaced many times since the mid-1960s for various reasons , but has been restored each time ."
It is a practically unprecedented fact in the history of humanity .,This is a situation with rare precedents .
"Popularly known for her eye popping curves and her baby - like breathless voice , Tilly has indeed captured and held the TV audience ’s breathe for a long time .","Perhaps best known for their beautiful baskets and her baby - like voice , so has Tilly actually caught and held the TV audience close long ."
4 ) Superior officials ( category P-4 and higher ) will be allowed to import vehicles during the time of their destination without rights or taxes .,"4 ) Senior officials ( P4 and above ) will be allowed , for the duration of their posting to import vehicles free from customs duties and taxes ."
"This is inaccurate , as the film was released on February 2 , 1935 , the first day of the Lunar Chinese New Year .","This is a mistake since it was released on February 2 , 1935 , Chinese New Year 's Day ."
Hazardous wastes that have been left in the Marshall Islands are a clear show that there is no security against nuclear tests of any kind that are .,The hazardous waste that had been left in the Marshall Islands was clear testimony to the danger of all forms of nuclear testing .
"From this perspective , liberal multiculturalists and leftists are the ones enabling racism , by ignoring the psychological and sociological repercussions of squashing ineluctably dissimilar people together on buses , trains and tubes .","From this perspective , there are liberal multiculturalists and left - handridde causing racism , by ignoring the psychological and sociological consequences of pushing different people together on buses , trains and paths ."
"The interior decorations of the MSC Sinfonia are described as European Moderne by cruise review author Douglas Ward , with minimalist furniture that is in places impractical .","The decoration of the interior of the MSC Sinfonia is described as a modern European by the author of the remodeling of the Douglas Ward cruise , with minimalist furniture that are in very practical places ."
"Mark Henry defeated Carlito at 6:49 , while the other participants , MVP , Triple H and Swagger could not defeat their adversaries in less time .","Henry set the pace by defeating Carlito in 6:49 , while MVP , Triple H , and Swagger failed to defeat their opponents ."
"The show currently is no longer airing , however , The Even Stevens Movie continues to air on Disney Channel and on Family Channel occasionally .","The Even Stevens movie continues to appear in Disney Channel and Teen Nick , and in Family Channel from time to time ."
This issue was addressed by disabling XML parameters in the Rails implementation used by Profile Manager .,This problem was resolved through the deactivation of XML parameters in Rails implementation used by Profile Manager .
A drunken Renee reveals to Susan she once slept with him putting Susan in uncomfortable situation .,Renee Perry being drunk reveals to Susan who once slept with Tom .
"If he does not feel pressure and that you are happy and enjoying their sex life together , it can help him have control .","If he feels less pressure , and that you ’re happy and enjoying your sex life together , it can help him keep control ."
"The flamboyant clothing and visual styles of performers were often camp or androgynous , and have been described as playing with nontraditional gender roles .","The flashy , colorful costumes and the visual style of glam musicians were often excessively feminine or androgyn , and have been linked to new perceptions on gender roles ."
We had what we called [ unclear ] Tuesdays and Thursdays .,We have scouting on Nedenes ( Thursdays ) and Nersten ( Wednesdays )
"Makeup for redheads should start with flawless skin , which can be achieved from a combination of foundation , powder and concealer .","Makeup for redheads should start with perfect skin , which can be achieved by a combination of foundation , powder and concealer ."
MSDN has historically offered a subscription package according to which developers have access and licenses of use of almost all Microsoft software that has never been made available to the public .,MSDN has historically offered a subscription package whereby developers have access and licenses to use nearly all Microsoft software that has ever been released to the public .
"He does not confuse truth with plausibility ; he takes for truth what is true , for forgery what is false , for doubtful what is doubtful , and probable what is probable .","In sports with judges who evaluate subjectively ( dance , ski jump or turn ) , it will be tactical to know the premises of the judgment , and possibly a special judge 's preferences ."
"Thus , it would be necessary to try to solve this problem and consider asking non - governmental organizations to send their documents three months in advance so that the Committee can take them into account .","An attempt must , therefore , be made to solve that problem and the NGOs should be asked to submit their documents three months in advance so that the Committee could take them into account ."
How to isolate a car fire to prevent tunnel fire and fire spread in a parking garage,How to isolate a car fire to avert tunnel fire and fire spread in parking garage
"However , club manager Mehmed Baždarević , who was hired while Giroud was on his loan stint at Istres , deemed the player surplus to requirements and , subsequently , listed him for transfer .","However , coach Mehmed Baždarević , who was hired as Giroud was assigned in Istres , put the player on the transferable list ."
He says that life is good right now – even if we might characterise his circumstances as extremely impoverished .,He says life is good right now - even though we might characterize his circumstances as extremely poor .
"Moreover , the system of justice has to be reconstructed from its very foundations so as to ensure that in future justice is administered fairly and impartially .","In addition , it is necessary to reconstruct the justice system from the foundations in order to ensure that , in the future , justice is administered with equanimity and impartiality ."
"It may sound like an unyanced version of New - Age philosophy and mystery , but as Coelho says "" simple things are the most valuable and only wise people appreciate them "" .","That may sound like an oversimplified version of new - age philosophy and mysticism , but as Coelho states ‘ simple things are the most valuable and only wise people appreciate them ’ ."
KSAT provides unbiased multi - mission near real - time services providing accurate information based on satellites to users worldwide in less than 20 minutes from data acquisition .,"KSAT offers impartial multi - mission , near - real - time services for delivering accurate information based on satellites to users worldwide in less than 20 minutes from data recording ."
The Committee suggests that research be undertaken on the issue of child abuse and neglect within the family .,The Committee proposes that the issue of abuses and the negligent treatment of children in families be investigated .
"Legislation can not be made which applies on Sark without the approval of the Chief Pleas , although recently Chief Pleas has been delegating a number of Ordinance making powers to the States of Guernsey .","Legislation applicable to Sark must be accepted in Chief Pleas , but the body has delegated a number of regulations that have given power to Parliament at Guernsey ( States of Guernsey ) ."
"A spokesperson for the National Union of Mineworkers said to the SABC that the "" no work no pay "" strike would go on until FIFA assessed penalties on the organisers .",A spokesman for the National Union of Mineworkers said to SABC that the strike would continue until FIFA had entered to stop the underpayment .
"Given the marked reduction of personnel that took place in February 1996 , I recommend that the staffing remains without modifications .","Bearing in mind the sharp reduction of staff in February 1996 , I recommend that the staffing level remain the same ."
"The General Assembly would be required to appoint a person to fill the unexpired portion of the term of office of Mrs. Goicochea Estenoz , namely until 31 December 1995 .","The General Assembly must appoint a person to fulfill the remaining period of Ms. Goicochea Senoz , namely until December 31 , 1995 ."
"In some cases , even when the recommendations were followed , the information provided is not comparable by its very nature .","In some instances , even where the recommendations in the Guidelines were followed , the information provided was"
The 2.4 GHz system almost does not receive interference .,The 2.4 GHz ISM band is fairly congested .
"Then try to catch one of the concern tanks , such as "" nobody at school likes me . ""","Now , catch one of the worried thoughts , like “ No one at school likes me . ”"
"Moreover , it is recommended that the Commission complete its work no later than six months from the date of its establishment .",It is also recommended that the work of the Commission conclude within a period of six months from its constitution .
"Is there respect for other countries to say to them that if you do not do what we say , "" So we will bomb you back to the Stone Age "" ?","Is it respect for other countries to inform them that unless they do as they are told , “ we will bomb you into the stone age ” ?"
Only that now does not stretch out and take off life tree too and eat and live forever ! »,"And now lest he put out his hand and take also of the tree of life , and eat and live forever . """
In the early 1890s frequent clashes between the Armenian inhabitants of Sason and the Turkish forces took place because of Sassontsis ' refusal to pay retroactive taxes to the Turkish government .,"At the beginning of the 1890s , there were constant clashes between the Armenian inhabitants of Sason and the Ottoman army , due to the negative the first to pay retroactive taxes to the Ottoman Government ."
"With clear rules established , members can concentrate on market competition and not worry about others trying to curry special favours from the Government .","When there are clear norms , members can focus their work on market competition and stop worrying about the fact that others try to achieve special government favors ."
""" It 's a great advantage for us to outsource the systems , so we do n't have to risk the risk of a break - in , power outage or anything else .",""" It 's a great advantage for us to outsource the systems , then we release to sit on the risk if there was a burglary , power outage or anything else ."
"In other words , it helps us take the path of least energetic resistance – similar to a surfer who moves with the ocean waves rather than against them .","In other words , it helps us decorate the least energetic resistance - about as a surfer that moves with the waves instead of against them ."
"Recreational , cultural and sports services ( which are not audiovisual services )","Recreational , Cultural and Sporting Services ( other than audio - visual services )"
"Kristen Stewart as Bella Swan , 17-year - old girl who falls in love with the Vampire Edward Cullen , both feel an attraction that can not avoid .","Main cast Kristen Stewart as Bella Swan , a seventeen - year - old girl who moves to the small town of Forks , Washington from Phoenix , Arizona and falls in love with Edward Cullen , a vampire ."
"It has been outlined by Etna a few million years ago , and has been impeccable since , and it is now part of the PLemmiri 's Protected Marine area , characterized by clear and hot water .","It has been outlined by Etna a few millions of years ago and has remained immaculate since and it is now part of Plemmirio 's Protected Marine Area , characterised by clear and warm water ."
"The area of ​​688 m , with a basement and other buildings , designed for 2831 m of usable area .","The area of 688 m , with a basement and other buildings , designed for 2831 M utility area ."
This event provoked a general revaluation and recovery of Bach 's works that at that time had been widely forgotten and were considered outside and no possibilities of recovery .,"This epochal event sparked a general re - evaluation and revival of Bach 's works , which were then largely forgotten and regarded as old - fashioned and beyond resuscitation ."
"And in a way , do n't just see the Danes on the king , they care and also fit each other .","And in a way , not only do the Danes watch out for the king , they all care and watch out for each other as well ."
The proposals contained a provision for inflation based on the latest available assumptions regarding cost increases in respect of non - salary - related items and on standard cost parameters .,In the proposals there is a provision for inflation based on the most recent hypotheses with respect to cost increases in the items other than salaries and standard cost parameters .
Item 144 Convention on the law of the non - navigational uses of international watercourses,Topic 144 Convention on the right of uses of international water courses for purposes other than navigation
"Subsequently , claims were accepted to recover premiums as an additional insurance for risks of war still winning bidders who had not included that departure in their offers .","Thereafter , claims to recover the premiums for additional war risk insurance were accepted even from those successful bidders who had excluded this item from their bid ."
"Poultices are sometimes applied as a precautionary measure after the horse has worked hard , such as after a cross - country run , to prevent heat and filling .","Sometimes , the poultice apply as simple prophylactic measure after the horse has worked hard , or after a run - up race ."
"부산 육상 父子 , DNA는 못 속여 .","Sapito niñera de dunn , prostherapis dunni ."
The diversity of species in this area is unequaled in any other similarly sized reserve in the world .,The diversity of species of this area is important as other reserve of equivalent size in the world .
"Unfortunately , in practice this substantive obligation has been transformed into nothing more than a belated formality , with little content .","Unfortunately , such an obligation , which should be of substance , in practice remains a mere late and almost always of scarce content ."
Nei TIL EU .,Outside the city yes .
"While the Senators highlight the ‘ unfairness ’ in 49 % of Air Italy ’s funds coming from a state - owned airline , why are other state - owned airlines continuously tolerated , or rather , ignored ?","While the senators point out "" Injustice "" in that 49 % of Air Italy 's funds coming from a government airline , why are other state - owned airlines continuously tolerated , or rather , ignored ?"
"As of April 17 , the outbreak was still ongoing , but not with as much strength as before .",Fighting started again on 4 June with even less results than on the previous day .
Those are the last words Jason Dessen hears before he is knocked unconscious .,It 's the last words Jason heard before he was doped down .
"The head of the Arcade version Mafia is not found in the port of Snes , which identifies Marta as the band leader from the beginning instead .","The crime boss from the arcade version is missing in the SNES port , which establishes Martha as the leader of the gangs early on instead ."
- There is no doubt that the problems associated with the Estonian branch was much greater than expected when we started the investigation .,It is clear that the problems related to the Estonian branch were much bigger than anticipated when we initiated the investigations .
"In the course of replacement reactions , the unit can not be flexed , converting the linear ligand not 3E- to the ligand flexed not 1E- .","In the course of substitution reactions , the MNO unit can bend , converting the 3e− linear NO ligand to a 1e− bent NO ligand ."
Tomorrow we will get the ISM manufacturing survey numbers and we will round out the week with the Friday Labor Department report on changes in US non - farm payrolls .,"Tomorrow we will get the ISM production survey numbers , and we will come around the week with the report from Friday&#39;s Department of Labor on changes to the U.S. Wage Act ."
"alcohol- serves as one of the main unfavorable factors that destroy the effect of almost all systems of the male body , including reproductive function .","Alcohol - is one of the most important negative factors that destroy the impact of almost all systems in the male body , including reproductive function ."
Do you know what happens if we pigs do n't do our duty ?,“ Do you know what would happen if we pigs failed our duty ?
"With no strong advocates for survival , Johnny Ringo was cancelled after one season of thirty - eight episodes .",For that reason Johnny Ringo was canceled after a season of 38 episodes .
"In finally tabling his non - vote of no - confidence , Corbyn again took the opportunity to present himself and Labour to the ruling elite as the only political force that can avoid further instability .",By ultimately promoting their proposal for mistrustsotum used Corbyn again the opportunity to present himself and Labor for the control unit as the only political power that can prevent further instability .
"In 1994/1995 the capture of the Loligo squid arrived at an unprecedented level of 91,117 metric tons .","During 1994/95 , record catch rates of Loligo squid amounting to 91,117 metric tons were achieved ."
"I was so "" unfortunate "" to be born into a wealthy family who owned a successful building company .",I had the “ misfortune ” of being born into a wealthy family that owned an important construction company .
"Compuserve offered licensing the design of your KL to Dec power supply at no cost , if Dec promised that any new KL purchased by Compuserve would have installed the most efficient power supply .",CompuServe offered to license the design for its KL supply to DEC for free if DEC would promise that any new KL bought by CompuServe would have the more efficient supply installed .
"It 's a sharing community - when eating , and everyone eats - or no ...","They are a sharing society - when one eats , they all eat - or they all do without ."
"You could n’t help but feel sorry for these people , and sometimes worried .","You could nt help but feel sorry for these people , and sometimes worried ."
Why not make a difference in a young woman 's life by being a mentor ?,Make a difference in the life of a young person by becoming a mentor .
"Caesar was still in deep debt , and there was no money to be made by being governor , whether by extortion [ 45 ] or by military adventures .","Caesar was still deeply in debt , and there was money to be made as a provincial governor , whether by extortion[45 ] or by military adventurism ."
"In April , some of Spider - Man 's suits were stolen and Sony offered a $ 25,000 reward , although they were never returned .","In April , 4 of the Spider - Man costumes were stolen , and Sony put up a $ 25,000 reward for their return ."
"Without a doubt , the apostles usually directed to adults , and the first to baptized were people who had reversed to the Christian faith .","It is beyond doubt that the preaching of the Apostles was normally directed to adults , and the first to be baptized were people converted to the Christian Faith ."
"After these victories , Nobukata increasingly became selfish and started to hold victory ceremonies without firmly winning a battle .",After these victories Nobukata began to become selfish and maintained victory ceremonies when the battle was still developed .
"The devil was furious and tried to destroy the bridge , but did n't .","Enraged , the Devil attempted to destroy the bridge , but failed , but that is why it is bent ."
Five European Union members also do not recognize Kosovo 's independence .,"Also , five EU countries have to recognize Kosovo 's independence ."
Supported without bastant conclusions strongly about reating the use of their own power,""" Sterkt om Røkkes bruk av egen makt "" ."
These occur naturally as part of the aging process and are believed to be the result of the eye 's inability to eliminate waste products in the eye of the eye .,These naturally occur as part of the ageing process and are believed to be the result of the eye ’s failure to eliminate waste products in the cells of the eye .
"Recognize that throughout this beautiful day , you have an incredible amount of opportunities to move your life into the direction you want it to go . ”","Realize that throughout this beautiful day , you have incredibly many opportunities to move your life in the direction you want it to go . """
"Then , she tells the police that he found Ben after he was hanging and that Violet must have taken the baby , leaving without a trace .",She tells the police that she found Ben after he hanged himself and that Violet must have run off with the baby .
"If the Croatians do not comply with this request from the Security Council , severe economic sanctions on Croatia should also be immediately imposed .","If the Croats fail to comply with this demand by the Security Council , stringent economic sanctions should immediately be imposed on Croatia too ."
"And ye shall hallow the fiftieth year and proclaim liberty throughout all the land unto all the inhabitants thereof . ” ( The Holy Bible , Leviticus 25:9 and 10 )","And sanctify the year fifties and will ask all their inhabitants to land ; That year will be Jubilee you ... "" ( The Holy Bible , Leviticus , 25 : 9 and 10 )"
"The problem is , despite being based on established technology , a prism reactor not yet built , and the UK is understandably a little reluctant to commit to this solution .","The problem is , despite being based on established technology , a PRISM reactor has yet to be built , and the UK is understandably a little reluctant to commit in this direction ."
"With this in mind , the Journal of the American Society of Naval Engineers said that keeping the old freedom or captain Prat in service ( respectively ) was not a waste of money .","With this in mind , the Journal of the American Society of Naval Engineers opined that maintaining the older Libertad class or Capitán Prat ( respectively ) was now a waste of money ."
"He devoted himself to moving factories to the interior cities , providing stable income and "" high - tech "" education to thousands of people who would not have this possibility in such a short time .","He became a champion of moving factories into the inner - cities , providing stable incomes and "" high - tech "" training to thousands of people who would otherwise have little chance at either ."
"AD 300 established a powerful , imaginative and original tradition of monumental sculpture and architecture , without any external influence .","A.D. 300 established a powerful , imaginative and original tradition of monumental sculpture and architecture , free from any external influence ."
"Veolia 's lawsuit , which has not yet been finalized , was taken out on the basis of an investment agreement between France and Egypt .","Veolia ’s claim , still in process , relates to an investment treaty between France and Egypt ."
"When Parallax soon after it comes to Earth , he kills Hammond for not having killed Hal Jordan .","When Parallax soon after arrives on Earth , he kills Hammond for failing him ."
"The creation of Bitcoincore . Org website and other communication have been good faith effort , but it has not yet come a source where the point of view and plans represented by Core can be found and digested .","The creation of the Bitcoincore.org website and other communications have been good faith efforts , but there has yet to emerge a source where the point of view and plans represented by Core can be found and digested ."
"Photographing policemen and public buildings belonging to the king , and of course especially the king himself , should n't be photographed .","Police and public buildings belonging to the king , and of course , especially the king , one must be extremely careful to photograph ."
"It is one of the ironies of land - mines that , while they are inexpensive and easy to lay , they are long - lasting and extremely difficult to find and clear .","One of the irons of landmines is that , although they are cheap and easy to place , they are long - lasting and very difficult to find and remove ."
"His orders were first trying to negotiate with the governor of Vichy , and if he was not successful , take the city by force .","Their orders were first to try and negotiate with the Vichy French governor , but if this was unsuccessful , to take the city by force ."
"With the increase in the capabilities of the telescopes , stars have been made , not before , too many to have a name .","With the advent of the increased light - gathering abilities of the telescope , many more stars became visible , far too many to all be given names ."
"While technically open 24 hours a day , Forex trading closes on Friday afternoon and does not open again before Sunday night .","While technically open around the clock , Forex trading closes on Friday afternoon and does nt reopen until Sunday evening ."
"The next day when the monks held their daily reading of a chapter of Benedict 's Rule , Majolus threw himself onto the ground and acknowledged that he had sinned by refusing to become abbot .","The next day , when the monks carried out their daily reading from a chapter of the Rule of Benedict , Mayolo threw himself to the ground and acknowledged that he had sinned to refuse to become Abbot ."
"Walter Johnson in 1911 with 25 victories , it did not help much so that the senators will end at the number seven in that season .","Walter Johnson blossomed in 1911 with 25 victories , although the Senators still finished the season in seventh place ."
It was pointed out that those words might be interpreted as excluding situations where more than one person might jointly hold title to the goods .,It was pointed out that it could be interpreted that this phrase excluded situations in which the rights exerted with respect to the goods corresponded to several people together .
"Or where is there a people upon earth , that has not sinned before you ?",Or do you grow them in soil from sack that was well fertilized in advance ?
"If the door to metaphysical cognition remains closed , if the limits set by Kant for human knowledge are insurmountable , faith is doomed to fade : it simply lacks air to breathe .","If the door to metaphysical cognition remains closed , if the limits of human knowledge set by Kant are impassable , faith is destined to atrophy : It simply lacks air to breathe ."
"Do not perform long - term , costly toxicological and clinical trials that manufacturers of original meters have already completed","perform lengthy , costly toxicological and clinical studies that brand manufacturers have already done"
"From the fragments of unordered scenes left by Büchner , Berg selected fifteen to form a compact structure of three acts with five scenes each .","From fragments of messy scenes left by Büchner , Berg chose 15 in a compact structure of three acts with five scenes each ."
"A distributed - parameter resonator has capacitance , inductance , and resistance that can not be isolated into separate lumped capacitors , inductors , or resistors .","A resonator of distributed parameters of a type circuit has capacitance , inductance and resistance that can be isolated in a set of capacitors , inducers and resistors ."
"Initially , this was inspired by the difficulty and unreliability of visual star counting techniques , especially when there is obscuring dust .","This was initially inspired by the difficulty and reliability of the visual star counting techniques , especially in the presence of dust , which can cause obscurity ."
- I am not sure if an expansion of the protection against discrimination will weaken the focus on gender .,“ I doubt that an expansion of the protection against discrimination will weaken the focus on gender .
The disclosures of humanity will give you the truth about their history and open their eyes to that events in the newer amount of time are not as you have been enticed to believe .,"The revelations about Humanity will give you the truth about your history , and open your eyes to recent events that are far from what you are led to believe ."
"Larter 's figure Niki Sanders is wife and mother , but has a past like internet stripper from Las Vegas , and she has unnatural strength and an alternative personality named Jessica .","Larter 's initial character Niki Sanders , was a wife , mother , and a former internet stripper from Las Vegas who exhibits superhuman strength and alternate personalities who go by the names of Jessica and Niki ."
Until then the Academy has had an impoverished existence with weak leadership .,"Until then , the academy had had a painful existence , with a weak leadership ."
"As the aenigma epithet implies , its relationships of kinship have not been conclusive for a long time .","As the epithet aenigma ( "" the enigma "" ) implies , its relationships have long been elusive ."
"The indictments fifteen to seventeen , included , are points that entail pure publication of state secrets , regardless of any prior activity involving Manning in the illegal collection of the information .","Counts fifteen to seventeen inclusive are counts which allege pure publishing of state secrets , independently of any antecedent activity involving Manning in illegally obtaining the information ."
"In the development of most vertebrate limbs ( though not in some amphibians ) , the cartilage skeleton is replaced by bone later in development .","In most of the skeletons of tetrapod quirid members ( with the exception of some amphibians ) , skeletal cartilage is replaced by bone in the subsequent stages of development ."
"Proof was provided in the form of unconnected bits of information such as pictures drawn by patients , heavy metal album covers , historical folklore about devil worshipers , and pictures of mutilated animals .","The test is presented in the form of inconnected parts of information such as images drawn by patients , heavy metal album covers , historic folklore over satan worshipers , and photographs of mutilated animals ."
"The resulting LP does n't just move between hip - hop , EDM and Latin pop — it shows all three genres trading ideas .","The resulting LP is not only moved between Hip - Hop , EDM and Latino pop , the three genera who trade ideas are shown ."
"Usually once the effects of these long acting estered injectables are beginning to be realized , users discontinue use of the oral compound .","Usually when the effects of these long - acting Estered Injectables begin to be realized , users quit using the oral compound ."
Acute diarrhoeic illness control means that such illnesses are no longer the first cause of infant mortality and death rates among children under five .,"Regarding the control of acute diarrheal diseases ( EDA ) , it has been displaced from the first place in infant mortality rates and under 5 years ."
"Regardless of their age group , nearly three quarters ( 72 % ) of employees are keen to make a greater impact at work , increasing their productivity through training and technology .","Whatever age group , almost three quarters ( 72 % ) of employees want to gain greater impact on the workplace and increase productivity using training and technology ."
"Lawrence recovers unnaturally quickly , and develops heightened vitality and senses .","Lawrence recovers amazingly fast , shows great vitality and increased in his senses ."
"In Bangkok , typical family life is that of the family nucleus in which both spouses work - in the structured sector or in the unstructured - and children go to school .",Family life there is typified by the nuclear family in which both husband and wife are employed ( in either the formal or informal sectors ) and children attend schools .
Single rate salaries Net salaries determined for staff without a primary dependant .,Special systems according to the salary system of the
Many of these critics are simply not informed of my intentions . »,Many of these critics are generally misinformed about my intentions . ”
"SA227-CC was a temporary model with Garrett TPE 331 - 111 motors , but only a handful of aircraft without flaps and part .",The SA227-CC was an interim model with TPE331 - 11U engines and only a handful were built .
"Anthony J. Guarnieri writes , "" Giuseppe del Gesù and Peter of Venice may have been cousins rather than brothers , and Peter of Venice may have been the son of Peter of Mantua . ""","A source ensures ; "" ... Giuseppe of the Gesu and Pietro Da Venezia could have been more cousins than brothers , also Pietro Da Venezia could have been a son of Pietro da Mantova ... "" ."
"Admonition ( warning , without punishment ) .",Reminder ( warning )
"Foster family care is classified into foster family care for adoption and for apprenticeship , and paid and non - paid foster family care .",They are ranked in Save Homes for adoption and learning purposes and payholding households .
"One of the major arguments for bike paths is that they tend to encourage cycling , and this does not seem to be the case .","One of the major arguments for bike lanes is that they tend to encourage cycling , and this does appear to be the case ."
The towns continued to send the same number of MPs to the unreformed House of Commons as they had before the merger - two for each .,The peoples continued to be represented by the same number of members of Parliament than before their merger : two for each one .
"About 1680 , other noble women also began to prove public without being closed , and women eventually played a greater role in public and social contexts .","Still , by the end of the 1670s and 1680s , women began to appear unveiled in public and women began to play a greater role in the social functions of state ."
Reiterates that continuing acquisition of weapons would be contrary to paragraph 12 of resolution 976 ( 1995 ) of 8 February 1995 and would undermine confidence in the peace process ;,"Reiterates that the fact of continuing to acquire arms would contravenery paragraph 12 of resolution 976 ( 1995 ) of February 8 , 1995 , and would result in disappointment of trust in the peace process ;"
"Persons between the ages of 18 and 21 were permitted to manage their own property , with the exception of immovable property , and engage in commercial activities .","People aged 18 to 21 are allowed to administer their goods , except for real estate , and dedicate themselves to commercial activities ."
"10.3 The Committee notes that the first trial against the authors ended on July 29 , 1993 without a unanimous verdict of the jury and which was ordered a new trial .",10.3 The Committee notes that the first trial against the authors ended on 29 July 1983 with a hung jury and that a retrial was ordered .
It has also been suggested that non - governmental organizations establish information networks in collaboration with the representative of the Secretary General and that regional information exchange networks are created .,It has also been suggested that NGOs should establish information networks in collaboration with the representative and that regional information exchange networks should be created .
"24:24 Verily , those who backscups virtuous believers , who do not know anything evil , are cursed in this world and in the coming , and they will get a great penalty .","24:23 Surely those who slander married women , who are heedless and believing , are accursed in this world and the next , and they shall have a terrible punishment ;"
You use the above knowledge and skill to track down the real cause of the positive or non - optimal situation .,One uses the above knowledge and skill to track down the real reason for the positive or nonoptimum situation .
"The comments made around the International Convention on the Elimination of All Forms of Racial Discrimination are also applicable to this Convention , but we must not forget the situation of vulnerability mentioned above .","The observations concerning the International Convention on the Elimination of All Forms of Racial Discrimination are valid for this Convention also , but the situation of vulnerability mentioned above must be kept in mind ."
The How - To Geek Guide to Windows 8 will help the reader have that up and running in no time .,How - to Geek Guide to Windows 8 will help the reader to have it up and at once .
"The economic self - denial ( that is , defense spending ) and the human sacrifices ( casualties even among professional soldiers ) required in the effort are uncongenial to democratic instincts .","The economic self - denial ( that is , defense expenses ) and the human victims ( loss even among professional soldiers ) required in the experiment , fits poorly with democratic instincts ."
""" It was my grandmother and not me you hit death ! » Said Little Klaus .",""" It was grandmother you killed instead of me , "" said Little Claus ."
"The Suez Canal allows ships to navigate between the Mediterranean Sea and the Indian Ocean , preventing the need to transport goods around the southern tip of the African continent between Europe and Asia .","The Suez Canal allows ships to navigate between the Mediterranean and the Indian Ocean , obstructing the need to transport goods around the southern tip of the African continent between Europe and Asia ."
"I say “ no ” directly to people who turn clear days into storms , and I say “ yes ” to my life , my desires , and of course , my dignity .","I say & quot;no&quot ; to those who make my quiet days a # storm and I say & quot;yes&quot ; to my life , my # wishes and my # dignity . # Feelings"
"When the situation becomes more complicated , this ordinary procedure can become impossibly difficult , with equations spanning multiple lines .","When the situation becomes more complicated , this ordinary procedure can become incredibly difficult , with equations covering several lines ."
""" When one observes that the great idealism of the Government of India in international affairs is completely collapsed in the case of Kashmir , it is difficult not to feel despair . """,""" When one observes that the high idealism of the Indian Government in international matters breaks down completely with the question of Kashmir , it is difficult to avoid a feeling of despair "" ."
"Is not Adam 's sin our ,",Do we bear the guilt of Adam ’s sin ?
"- The lies that have been spread , such as Sir Ian Blair 's statements , are clearly untrue .","The lies that appear to have been put out , like the statement from Sir Ian Blair , for instance , are clearly wrong ."
Thomas wakes up in a lift and ca n't remember anything other than his first name .,Thomas wakes up in an elevator remembering nothing but his first name .
"It 's about the overall feeling and the weight of chip ( normally 11.5 g ) , a good quality set of chips just feels "" not true "" .","We are talking about the overall feel and weight of the chip ( usually 11.5 g ) , a set of high - quality chips seems to be “ correct ” ."
"Now , Monday , it rained no more , but the temperature was closer to the normal for St. Patrick than Memorial Day .","Now , on Monday , the rain had stopped , but the temperature felt closer to St. Patrick ’s than to Memorial Day ."
Why ca n't we be trendsetters ?,Why are we not the trendsetters ?
"As a reward for these non - combat campaigns , Stalin promoted Vatutin to the rank of Lieutenant General and appointed him to the critical post of Chief of the Operational Directorate of the General Staff .","As a reward for their campaigns , Stalin promoted Vatutin to General Lieutenant and appointed him chief of the operational directory of the staff ."
The result of the census will be used to define the necessary reforms and facilitate trials without delay and guarantee the due implementation of the law in the case of unjustifiably detained persons .,The results of the census will be used to define necessary reforms and to facilitate speedy trials and due process of law in the case of wrongfully detained individuals .
He is thus the only Doctor to have died at the ( unwitting ) hand of one of his own companions .,"So , it is the only doctor who has died ( by mistake ) at the hands of one of his own companions ."
"There were no injuries . On May 20 , 2010 , a pomegranate exploded in front of the cathedral at 9:30 in the afternoon .",On 20 May 2010 a grenade exploded in front of the cathedral at 9:30 in the evening .
Those not ransomed were sold as slaves .,The few survivors were sold as slaves .
"The album debuted in the # 35 position on the lists of Aria , doing Thy Art is Murder is the first Deathcore band that never to break into the Top 40 .","The album debuted at # 35 on the ARIA Charts , making Thy Art Is Murder the first extreme metal band to ever to break the top 40 ."
It subordinates everyone to a time economy and work ethic that sees free time as a threat to human prosperity rather than a form in which it can be realized .,"Its effect is to subordinate everyone to a time regime and a work ethic that sees leisure as a threat to human prosperity , rather than a way in which it can be realized ."
"The EIB also provides countries that do not belong to the European Union : 7 African , Caribbean and Pacific States , 12 countries of the Mediterranean and 10 Eastern Europe , respectively .","EIB also lends funds to countries outside the European Union : 70 African , Caribbean and Pacific States ; 12 Mediterranean countries and 10 Eastern European countries , respectively ."
"On January 25 , 2014 , EXA managed to recover the audio portion of the NE-01 Pegasus signal through Cubesat Nee-02 Krysaor . Ecuadorian nanosatellite did not collide with waste but it is unknown state .","On 25 January 2014 , EXA recovered the audio segment of the Pegaso signal during the first public transmission from NEE-02 Krysaor , verifying that Pegaso had survived its collision with the Tsyklon debris and was operating ."
"Within the research , it is still unresolved whether it exists or has existed a "" Nordic model "" .","Within research there is still unclear whether it exists or has existed a "" Nordic model "" ."
"Childersofing and abortion were practiced and accepted as a defakto good in everyday life , - the necessary fulfillment of their ruleless sexual immorality .",Child sacrifice and abortion were practiced and were accepted as facts of everyday life – the necessary consummation of their rampant sexual immorality .
"On December 14 , 2000 , after three years of research , the NTSC of Indonesia issued its final report , concluding that there was no sufficient evidence to establish the cause of the accident .","On 14 December 2000 , after three years of investigation , the Indonesian NTSC issued its final report ."
"While the White Temple represents heaven , the Black House — often incorrectly referred to as the "" Black Temple "" — represents hell .","While white temple represents the sky , Black House - often mistakenly referred to as "" Black Temple "" - represents hell ."
"Reiza implores the Emir to pardon Huon , but as she had scorned his advances , the Emir refuses and orders the two to be burned together .","Reiza begs Emir that he forges Huon , but she has despised her progress , the emir rejects it and orders the two together ."
1992 - riots in Los Angeles after the acquittal of policemen who were charged with unnecessary brutality after knocking up Rodney King .,"1992 – Riots in Los Angeles , following the acquittal of police officers charged with excessive force in the beating of Rodney King ."
"At the level of the family , demographic trends have kept the world 's investment in its children - especially girls - unacceptably low .","As regards the family , demographic trends have made the world community invest in their minors , especially in girls , an amount of resources scandalously low ."
"It is landlocked and borders the counties of Dorset , Somerset , Hampshire , Gloucestershire , Oxfordshire and Berkshire .","It is located in the region southwestern England , and bordering Hampshire , Dorset , Somerset , Gloucestershire , Oxfordshire and Berkshire ."
"While some rare works are available with complete parts and a score in usable condition , others require extensive restoration and even creation to render them performable .","Although , some rare works are available with all full parts and a score under conditions of use , others require restoration and even creation so that they can be touched ."
Shu was not merely a nation at war .,Shu was more than a warrior state .
One of the first things that happens to people who distance themselves from God is that they are people who do not smile .,Some of the first thing that happens to people who remove from God is that they lose the smile .
"The process is simple , reliable and totally unbiased , because the filtering process is mostly controlled by the player .","The process is simple , reliable and completely objective , because the filtering process is largely controlled by the player ."
Later evidence would prove the contrary .,The story would demonstrate otherwise .
"The Prussian landed elites , the Junkers , retained a substantial share of political power in the unified state .","The Prussian real estate , the Junkers , continued to have a significant part of political power in the United State ."
"If the eliminator is not destroyed after a pre - established time , the center activates a drone that flew away from the eliminator to knock down the player with a destructive burst of energy .",Failure to destroy the Eliminator after a preset time causes the center to activate a drone that flies out of the Eliminator to shoot down the player with a destructive energy blast .
The place of sikem in the patristic sources is almost immutable identified with or located close to the city of Nablus .,"The site of Shechem in patristic sources is almost invariably identified with , or located close to , the town of Flavia Neapolis ( Nablus ) ."
Getting tilt extensions should be a completely painless experience .,Acquiring lash extensions ought to be a wholly pain - free experience .
You have to give up if you could not take care of developing an excellent hand by the time you get the other up card .,You must surrender if you fail to deal with to develop an excellent hands by the time you happen to be dealt the second up card .
We will be forced to close the Southern Border entirely if the Obstructionist Democrats do not give us the money to finish the Wall & also change the ridiculous immigration laws that our Country is saddled with,- We will be forced to close the southern border completely unless the obstructionist democrats give us money to complete the wall and also change the ridiculous immigration laws that our country is covered .
""" Formal and material means of proper functioning of oversight bodies are indispensable .",Both the regulatory means and the material means necessary for the proper functioning of the supervisory bodies are of great importance .
"Given long - standing traditions , such societies will inevitably resist decarbonisation unless they receive adequate assurances about their economic and social survival .","Despite tradition , such societies must eventually survive decarbonization unless they are convinced of their financial and social survival ."
But the new phase of hedonistic capitalism offered the greatest opportunities for intellectuals in manipulating the masses rather than educating them .,"However , the new phase of hedonistic capitalism offered the greatest opportunities for intellectual to manipulate the masses instead of educating them . """
"As President and as Commander - in - Chief , I take full responsibility for all our counterterrorism operations , including the one that inadvertently took the lives of Warren and Giovanni .","- As President , I take it all and full responsibility for all our anti - terror operations , including the attack that killed Warren and Giovanni ."
"In addition to incredible vantage points , the Heights of Abraham includes two caves to visit and an exhibition of ancient fossils .","In addition to nice viewpoints , the Heights of Abraham includes two caves that can be visited and an exhibition of ancient fossils ."
"Although the answer is likely to be some of each , I usually feel that we unconsciously choose home because they have something to teach us .","Although the answer is probably some of each , I generally feel that we subconsciously choose homes because they have something to teach us ."
"Shaw asks David about his freedom after Weyland 's eventual demise , to which he ominously asks about every child 's dream of having their parents dead .","Shaw asks David about his freedom after the eventual disappearance of Weyland , to which he probably asks about the dream of each child to have his dead parents ."
"He is the Water of Life , Who springs up in us unto Everlasting Life .","And where there is liquid water , it can be life ( as we know it ) ."
But make sure you do not make designs or designs that are so different that they become too expensive to prepare or send .,But beware of creating shapes or designs that are so different they are too expensive to create or mail .
"These are the main consequences of the violations of the worker 's rights , without ceasing to consider that other less serious consequences may occur .","These are the main consequences of violations of the right to work , though other less serious consequences can derive from them also ."
How do you keep all these clients connected while the younger users do not get trouble ?,How do you keep all these clients connected while keeping younger users out of trouble ? .
"All portfolios have so far been evaluated in terms of risk values only , and it is also possible to include values without risk in a portfolio .","All portfolios so far have been evaluated in terms of risky securities only , and it is possible to include risk - free securities in a portfolio as well ."
"The non - partisan Congressional Budget Office estimated that the bill would raise the wages of 16.5 million Americans and lift 900,000 of them out of poverty .","The Congressional Budget Office has estimated that the proposal will increase wages for 16.5 million Americans and lift 900,000 people out of poverty ."
"This has hampered the elaboration of a longer - term program for all the decade , not to say for later .","This has hampered longer - term programme development for the duration of the Decade , let alone beyond ."
"It is internationally known as a coach in non - violence and direct action , and as an activist in the pacifist movement .","She also works internationally as a trainer in nonviolence and direct action , and as an activist within the peace movement , women 's movement , environmental movement , and anti - globalization movement ."
It is meek and unaffected by what is happening around it .,She is very naive and ignorant of what is happening around her .
"This may not necessary be the "" bad "" ending .","The first end that can be obtained is the end "" bad "" ."
"b ) Lack of judicial authorization and supervision of the forced evictions of the occupied land , carried out in many cases without prior notice of the authorities , as required by law ;","( b ) Lack of court authorization and supervision of forcible evictions from land , often performed with little advanced legal notice by the authorities ;"
It ’s better not to give them money .,"( "" It 's better to let them give them money ."
"On 2 September 1192 Richard and Saladin finalized the Treaty of Jaffa , which granted Muslim control over Jerusalem but allowed unarmed Christian pilgrims and merchants to visit the city .","September 2 , 1192 , Saladin and Richard entered into an agreement that meant that Jerusalem would still be under Muslim control , while Christians pilgrims would still visit the city ."
"Ultimately , many of the left - wing revolutionaries hoped this constitution would establish universal male suffrage , a permanent national parliament , and a unified Germany , possibly under the leadership of the Prussian king .","Ultimately , many left - handed revolutionaries hope that this constitution would establish universal male voting rights , a permanent national parliament , and a united Germany , possibly under the leadership of the Prussian Kong ."
Most of them who at that time decided no longer decide .,But in most of them [ remakes ] it does n’t .
"PETER 1 : 14 - 16 ) When an offender who does not regret , is removed from the congregation , God 's norms are maintained , and the spiritual purity of the church is preserved .","1 Peter 4:18 And if the righteous scarcely be saved , where shall the ungodly and the transgressor of God ’s Law appear ?"
"Although it is usually considered by historical interest , sometimes together with the suggestions of intrinsic red run , it is used by unconventional cosmologies .","While usually considered for historical interests , it is sometimes , along with intrinsic redshift suggestions , utilized by nonstandard cosmologies ."
You pass the level when you find the seven differences and lose you when you do not find the seven differences within two minutes .,You pass level when you find the seven differences and you lose when you don´t find the seven differences during two minutes .
"Accordingly , a cognitive bias had been introduced unwittingly into science , by over - trusting the individual doctor or scientist 's ability to see and state things objectively .","In the same way , a prejudice or cognitive bias was introduced in science , by granting total confidence to the capacity of the individual scientist to see and represent things objectively ."
The work describes how an utterly ordinary and worthless object becomes endowed with great significance as it occasions contact between two people who must remain enemies .,The work describes how a common and current object becomes something with great significance when it causes the contact of two people who should remain enemies .
"The draft resolution A / C.6 / 48 / L.8 is approved , without a vote .",Draft resolution A / C.6/48 / L.8 was adopted .
"I rarely ask for help , even when I need it .","It 's rare I 'm asking for help , even though I need it ."
Lower life satisfaction when unemployed .,Descending efficiency before to lower living standards .
We want job seekers from the EU to have a job offer before they come here and prevent British taxpayers to support them financially if they do not .,“ We want EU jobseekers to have a job offer before they come here and to stop UK taxpayers having to support them if they do n’t .
"Obama ’s reference to the “ the DNC emails that were leaked ” appears very natural , fluent and unforced .","Obama 's reference to the "" e - mails from DMC , which was leaked "" was made very natural , liquid and diligent ."
"At the international level the accent , which was accurately placed on ensuring a favourable , growth - oriented international economic context , is in keeping with the unchanging position of our Group .","At the international level , the need to guarantee a propitious international economic context was strongly emphasized and aimed at a constant position of our group ."
"We show you the best cultural sights , bars , restaurants and clubs , and show you the locals ' view of the city that most tourists do not get .","We ’ll take you to the best cultural sites , bars , restaurants and clubs and show you the locals ’ perspective on the city that most tourists miss ."
"But some of the men had not respected Athena 's temple , and this did anger gods and caused storms to drive them of course to the island of Lotus eaters .","However , some of the men had disrespected Athena ’s temple and this angered the gods , causing storms to drive them off course to the Island of the Lotus Eaters ."
"Regardless of your choice , the key to relieving environmental angst is planning to reuse or recycle your tree .","No matter what choice you choose , the key to relieving environmental hazard planned to reuse or recycle your tree ."
"Then it becomes evident that a Soviet counterattack is imminent , the soldiers then come into panic without knowing what to do .","After it becomes clear that a Soviet counterstrike is imminent , the airmen panic ."
Emphasis should be placed upon family - based and community - based rehabilitation rather than state institutionalization .,Priority has to be given to family - based rehabilitation and the community instead of resorting to care in state institutions .
"a The studies of "" lessons learned "" of DOMP are not included .",a/ Excludes DPKO lessons - learned studies .
Such a large number of issues are related to land that it has been impossible to do more than touch on some of the more relevant items in this short report .,The number of issues related to land is so great that in this short report has only been referenced to some of the most important issues .
There is not enough evidence to assert what conditions gave rise to the first cities .,It is difficult to determine which conditions were crucial for the first cities to arise .
"The world news reported had 34 attempts to score Leicester and Banks was responsible for not having a goal , showing an extraordinary quality when defending the goal of his club .","The News of the World reported that Liverpool had had 34 attempts on goal to Leicester 's one , and Banks later stated that it was his finest performance at club level ."
"Pictures of atrocities make their way to the United States , causing further unrest and protests[25 ] .","Pictures of the actions come to America , leading to more protests and rebellions [ 25 ] ."
"Subsequently , the number of refugees who wish to be repatriated to Rwanda has increased without ceasing .","After the coup in Burundi , the number of refugees wishing to repatriate to Rwanda has risen steadily ."
She has no makeup and is wearing a rope and a giant polar fur from the British Museum .,She is wearing a tau and a gigantic polarp part of the British Museum .
"They treat in a non - linear way , they usually use several narrative perspectives or voices and have a large number of neologisms ( coins of new words or phrases ) , word games and even blasphemies .","They treat time as nonlinear , often use more than one perspective or narrative voice and feature a great number of neologisms ( the coining of new words or phrases ) , puns and even profanities ."
"From May , in all the emotions , forgets to close the last group of his star , but simply as if it were little , although she never reveals her desires .","May , in all the excitement , forgets to close the last panel of her novelty , but simply brushes it off ."
There are a few things about Bitcoin that makes governments and regulatory authorities uneasy .,There are some things at Bitcoin who make the authorities and supervisory authorities skeptical .
Free choice of doctor and hospital do not appear until well down on the list of what people regard as important quality factors .,Free choice of doctor and hospitals comes first far down on the list of what people consider to be important for quality in health care .
The poverty of the human language is insufficient to explain things beyond human comprehension . ”,Poverty of human speech incompetent to define what transcends human intelligence . ”
"I would like to end this essay with another sista from Rav Kook ( Raiah ) : "" Any unrest in the world comes only for Israel .",I ’d like to conclude this essay with another quote from Rav Kook ( the Raiah ) : “ Any turmoil in the world comes only for Israel .
"Some non - prohibited parents are given virtual visits , giving them the right to video chat or video conferencing with their children .","Some noncustodial parents are being awarded virtual visitation , entitling them to video chats or video conferencing with their children ."
The methods used to disperse these agents during battle were relatively unrefined and inefficient .,The methods of dispersion of these agents during combat were relatively rare and inefficient .
But not worse than Jimmy Carter .,Even worse than Jimmy Carter .
"Even in peacetime , the military profession is not harmless .","Even during peacetime , military training itself is dangerous ."
I leave it until the soil feels dry ( not too dry ) water it so well and set it so that the water runs off . ( But I do not dive it ! ) Good luck !,I am like the earth which drinks in the rain that comes oft upon it : I bring forth a precious harvest and receive blessing from God .
With the support of the brothers and my dear wife​—who never wavered spiritually—​I gradually regained my spiritual strength .,With the support of the brothers and my dear wife - who had always been steady in the truth - I was gradually spiritually strong again .
And sworn to flght in no command beside . ',"1.No , verily , I swear by this city ,"
"Data cleanliness differs from data validation , which almost always fulfills the function of rejecting erroneous records during the entry to the system and not in battles .","Data cleaning differs from data validation in that validation almost invariably means data is rejected from the system at entry and is performed at the time of entry , rather than on batches of data ."
"No , prayer is conversation with God .",A prayer is a conversation with God .
Can we not at least admit that it is possible that 26 innocent lives could have been saved that day ? in LaPierre .,“ Will you at least admit it ’s possible that 26 innocent lives might have been spared ? ”
"But these would not suffice , much less , to deal with the enormous needs of developing countries and , in particular , from the least developed countries .","Such economies , however , would hardly suffice to meet the enormous needs of developing countries , particularly the least developed countries ."
President Ronald Reagan announced the formally establishment of NCAVC on 21 June 1984 . ^ ^ The article has no properties for official links in Wikidataa,President Ronald Reagan formally announced the establishment of NCAVC on 21 June 1984 .
"However , Osman pulled out his sword and killed Dundar for disobeying . .","Even so , Osman pulled out his sword and murdered to crowd for rebel ."
"Convention for the Suppression of Unlawful Seizure of Aircraft , signed at The Hague on 16 December 1970 . 34","Agreement for the repression of the illicit agentization of aircraft , signed in The Hague , on December 16 , 1970"
"The competition calls on professionals and non - professionals in 48 European countries to design a newspaper advertisement , using the competition logo , which inspires the European public in a positive way .","The competition encourages both professionals and everyone else in 48 European countries to design a newspaper ad with the Competition 's logo , which inspires the European population ."
"However , assIs of these with the goddess are questionable or uncertain as place names are easily explained as references to a "" high castle "" or "" high place "" in the literal meaning .","Association of these with the goddess is however dubious , since the placenames are easily explained as referring to a "" high fort "" or "" high place "" in the literal sense ."
"Sebastián warns you of the struggles of human life , and at the same time , exposes the advantages of a life without worries underwater .",Sebastian warns of the struggles of human life while at the same time expounding the benefits of a care - free life underwater .
"In May 1976 , Natasha Shneider , her husband Kapustin , and her brother Vladimir defected to the West , arriving in New York City without finances or connections .","In May 1976 , Natasha Shneider , her husband Kapustin , and his brother Vladimir fled to the West and traveled to New York , playing at night concerts around the city ."
"His marriage was not happy and rumors circulated that once , with 25 years old , he had fallen in love with Eugênia José de Menezes , his wife 's company 's lady .","Rumors circulated that at the age of 25 he fell in love with Eugênia José de Menezes , his wife 's chaperone ."
My Deputy Special Representative is approaching the Algerian authorities to secure clearance to fly over their territory and seek permission for landing and take - off during non - daylight hours .,My Deputy Special Representative is performing efforts to the Algerian authorities in order to obtain authorization so that aircraft can fly over their territory and take off and land at night .
Penal law has also been enacted to enforce non - compliance on these issues .,"Likewise , criminal laws have been enacted that apply to those who fail to comply with the above ."
Walden starts dating Rose regardless of Alan 's warnings against it .,"Walden begins to date Rose , in spite of Alan 's warnings ."
The main cause of the precariousness of the financial situation resides in that the Member States do not pay their full and promptly installments .,The major cause of the precarious financial situation was the failure of Member States to pay their contributions in full and on time .
"Therefore , it constitutes a disappointment that the Vienna Conference not to progress in that regard .",I am therefore disappointed the Vienna conference failed to make progress on this issue .
"People say to each other : Indra does not exist , who has seen him , who is what we are going to praise ? »",The goddesses say : “ May thou cause that we can see her .
"The Hudson crew accomplished many aggressive and unexpected turns , engaging the Japanese pilots in a dogfight for more than 10 minutes .","Hudson 's crew performed multiple sudden and aggressive turns , maintaining a closed combat with Japanese pilots for more than 10 minutes ."
When Marx and Engels came into contact with the socialist and communist groups they started trying to convince the followers of the utopian socialist theories of the incorrectness of their ideas .,"When Marx and Engels came into contact with the socialist and communist groups , they began to work to convince the followers of the utopian socialist theories of the errors in their ideas ."
Not one hour was spent for this wonderful game .,More than one hour was spent for this amazing game .
"Also , people who are not invited can be reminded of something from God .",Even people who are living in sin CAN get some answers from God .
One of the major issues in college - level chemistry students apply the difference between polar and non - polar bindings .,One of the major questions college - level chemistry students have pertains to the difference between polar and nonpolar bonds .
"I have been shown that unbelief in the testimonies of warning , encouragement , and reproof , is shutting away the light from God 's people .","It has been shown that doubts to the testimony that comes with warning , encouragement and rebuke , closes the light out from God 's people ."
We do not believe in the message you are sent,We believe in what has been sent down to you ;
"After Graham Taylor took over as national team manager after the World Cup , he did not receive several countries for England .",Graham Taylor resigned as England manager after their failure to qualify for the World Cup .
"Diana also warns Orana that she does not come to ask for help . Orana boasts that she can handle any threat , including the terrorist known as Warhead .",Orana confidently boasts that she can handle any threat even the terrorist known as Warhead .
"“ Wherever the standard of freedom and Independence has been or shall be unfurled , there will [ America ’s ] heart , her benedictions and her prayers be .","& quot;WHEREVER freedom and independence have unfolded or will unfold , there will be the heart of America , her blessings and her prayers ."
22 ) Member States may determine that trade union representatives can become members in a special negotiation body without regard to whether they are employees in a legal entity participating in the establishment of a SCE enterprise .,( 22 ) Member States may provide that representatives of trade unions may be members of a special negotiating body regardless of whether they are employees of an entity participating in the establishment of an SCE .
"Because the algorithm is known , it is no longer a trade secret .","Due to the knowledge of the algorithm , it ceased to be a registered secret ."
"In her leading judgment , Beinisch wrote that there is no doubt that the administrative detention of an “ unlawful combatant ” significantly violates the right to personal liberty .","In its main judgment , Beinisch wrote that the administrative detention of an "" illegal combatant "" significantly violates his right to personal freedom ."
"She was unfaithful to him just like a dog , and she will do it again - just wait and see .",She cheated on him like a dog & will do it again … just watch .
Do not forget to lock the computer when you intend to leave it for a while .,Remember to lock the machine if you are going to leave it for a short while .
"Nevertheless , investors have not lost faith .","But , investors have lost faith ."
They were later flown to an undisclosed destination .,He was later transferred to open atonement .
"The Bell of Huesca is a legend describing how Ramiro II of Aragon , the Monk , cut off the heads of twelve nobles who did not obey him .","The legend of the Huesca bell tells how Ramiro II the Monk , king of Aragon , decapitated twelve nobles who opposed his will ."
"During World War II , all the great powers had significant stocks of chemical weapons , but it has not been confirmed that they were used .","During the Second World War all sides possessed large stockpiles of chemical weapons , but refrained from using them ."
She 'll say no it 's just the rain .,"She will say & quot;no , it&#39;s just raining&quot ; ."
"They did not succeed , and as a result , Henry was replaced in the 1965 elections for his sister , Margarita Story .","They were unsuccessful , and as a result Henry was replaced at the 1965 elections by his sister , Marguerite Story ."
"If that information was based on the allegations made by the Special Rapporteur , then it was totally invalid .","If it is the affirmations of the Special Rapporteur , they lack all validity ."
"Having decided to make repairs , we have long and meticulously selected materials , styles and textures , trying to make our home as comfortable as possible and respond to our tastes .","Having decided to make repairs , we have long and carefully selected materials , styles and textures , and try to make our home as comfortable as possible and respond to our taste ."
"With this unscientific theory it is intended to maintain and "" justify "" women 's subordination .","With this pseudo - theory it is intended to maintain and "" justify "" the submission of women"
"No matter what , always remember : growing means changing and developing .","Whatever , always remember : to grow means change and to develop ."
"This apparently turns out of a central non - trivial load , and the Witt algebra is modified to be Virasoro algebra .","This results in the appearance of a nontrivial central charge , and the Witt algebra is extended to the Virasoro algebra ."
Julio Adalberto Rivera Carballo of the Party of National Conciliation was the sole candidate and was elected unopposed .,Julio Adalberto Rivera Carballo Del PCN was the only candidate and was elected with 100 % of the votes .
I did n't come any further than to finish school until I realized I really preferred the earth and that I loved writing more than science - actually . More than anything else .,"I made it all the way to graduate school before realizing that I really preferred Earth , and also , that I loved writing more than science — more than anything , in fact ."
"In a Crater Lake in the prefecture 's southwest corner , not far from the seaside resort of Ibusuki , there is a rare great .","A crater lake in the southwestern tip of the prefecture , near the spa town of Ibusuki , is home to a rare species of giant eel ."
But his manipulative abilities penetrate all his relationship - even his wife and son know that they are not able to trust him .,His manipulative ways permeate all of his relationships – even his wife and son know they ca nt trust him .
"In addition , many say that it is easier to say something negative or hurtful when you are not face - to - face , but hidden behind a web profile or text message .","In addition , many say that it is easier to say something negative or hurtful when you are hidden behind a web profile or text message ."
Le Pen is not a new phenomenon in French politics .,But Le Pen is hardly a new face in French politics .
"A non - relativistic example is the BCS theory on large length scales with the integrated phonones so that the force between two dressed electrons is approximate by a "" contact period "" .",A nonrelativistic example is the BCS theory at large length scales with the phonons integrated out so that the force between two dressed electrons is approximated by a contact term .
"Generally speaking , in fact , the international organizations have indeed maintained a piecemeal , and sometimes partial , approach to human rights inasmuch as those rights are sometimes realized selectively .","In general , international organizations have continued to apply a fragmentary and sometimes partial human rights approach to the extent that they are often promoted selectively ."
"In the Sudan the number of displaced persons has not ceased to increase in 1995 , while that of refugees in Uganda , Kenya and Ethiopia has increased a lot .","In Sudan , the number of displaced persons had increased constantly in 1995 , while the number of refugees in Uganda , Kenya and Ethiopia had also risen sharply ."
Yet esteem for the unbeliever is unbelief .,And notice that it is UNBELIEF that is sin .
A new and burgeoning field of migration research seeks to unravel the genetic architecture of migration .,A new and budding field of migration research aims to find out the genetic architecture of migration .
"How much more do n't they have to be clean today ? "" 6 Then the priest gave him married bread .",How much more they are today ! ” 6 So the religious leader gave him holy bread .
This delay period is a second opportunity for incorrectly charged aa - tRNAs to move out of the A - site before the incorrect amino acid is irreversibly added to the polypeptide chain .,This delay period adds a second chance for an incorrectly paired TRNA from Site A before an incorrect amino acid is incorporated into the polypeptide chain .
"Learning to control which parts of the image you want to focus on , and which parts you do not want to focus on , is one of the most important tools you have for creating ...","Learning to manage what part of the image you want to be in focus , and which parts you want out of focus , is one of the most important tools you have to create great images ."
"Mukim Bangar , despite not having a coast , has an island called Pulau Kibi .",Mukim Bangar has one island within its vicinity which is Pulau Kibi .
"The report is criticized , the fact that Israel does not apply the Convention , which seems to imply that such application must be made as a rule in cases of occupation .",The report 's criticism of Israel for failing to apply the Convention de jure would seem to imply that such application is the norm in cases of occupation .
That has been a lot of fun and I have endless amounts of memories from the 143 with AEG competitions there altogether .,"It was great fun , and I have a lot of memories from those together 143 days with competitions under AEG ."
"Reportedly , on one occasion when an old horse could no longer tear trees for firewood , three Muslim men attended the yoke .","It is reported that , on one occasion , when an old horse failed to perform adequately in pulling firewood , Bosnian Serb civilians harnessed three Muslim men to the yoke ."
"Sylvester Stallone 's remake of Get Carter , for example , was clearly born out of a great love of the original rather than a strong new idea for retelling its story .","Sylvester Stallones remake of Get Carter , for example , was clearly born out of a great love for the original place for a strong new idea for retelling his story ."
Every person arrested must be brought before a judge for preliminary examination within 24 hours from the arrest if not released .,Any detained person must be conducted before a judge for a preliminary exam within 24 hours or released .
"But postural hypotension can also affect young people , otherwise healthy people who stand up suddenly after their legs crossed for long periods or after working a time in an unpleasant position .","But postural hypotension can also affect young , otherwise healthy people who stand up suddenly after sitting with their legs crossed for long periods or after working for a time in a squatting position ."
"No , what I lost was a universe .",But what I lost was a worldview .
Here we offer some practical advice that will help no matter what type of blackjack you play .,Here we offer some practical advice that will help matter what type of blackjack you play .
"According to Pimall , thousands of dollars change during the year between lending institutions and repoagents who take security back for non - payment .","According to PIMall , billions of dollars a year change hands between lending institutions and the repo agents who take collateral back for nonpayment ."
"Since the relics of San Esteban appeared on December 26 , 415 , Orosius could not leave before this date .","Given that Saint Stephen 's relics were uncovered on 26 December 415 , Orosius must have departed from Palestine after that date ."
There ’s something special in disconnecting from technology when we travel .,There is something special about connecting from technology when traveling .
It may be difficult to sell complex equipment in a limited market where most companies already have what they need and do n’t have a particular desire for used specialty equipment from another company .,It can be difficult to sell complicated equipment in a limited market where most companies already have what they need and donâ € ™ t have a specific desire for used specialty equipment from another company .
"As the amount of water increases or decreases in relation to a normal jet , the composition of the taste varies , because not all the components of the coffee bean are dissolved at the same speed .","As the amount of water is increased or decreased relative to a normal shot , the composition of the shot changes due to the fact that the flavour components of coffee dissolve at varying rates ."
We can expect an uncompressible solid or liquid core formed by heavy elements collected in the original & quot;z - pinch&quot ; and later synthesized in the continuous star discharges .,We should expect an incompressible solid or liquid core composed of heavy elements gathered in the primordial z - pinch and later synthesized in the continual stellar discharge .
"If a vote is proceeded , it should not be secret , in accordance with democratic norms of political responsibility .","If a vote were to be taken , it should be an open vote , in accordance with the democratic principles of political accountability ."
Many prisons in the United States are overcrowded .,Many US emergency rooms are excessively busy .
"Sharman has not returned to space , although she was one of three British candidates in the 1992 European Space Agency astronaut selection process and was on the shortlist of 25 applicants in 1998 .","It was his last mission in space , although he was one of the three candidates for the 1992 team of astronauts from the European Space Agency and in 1998 he was among the 25 final candidates ."
"With the distribution of films in the network , independent filmmakers who do not achieve a traditional distribution agreement are capable of reaching the public around the world .","With internet movie distribution , independent filmmakers who choose to forgo a traditional distribution deal now have the ability to reach global audiences ."
"With the death of this patriarch , executed by Theodosius II for erecting new synagogues contrary to the imperial decree , use of the title Nasi , the last remains of the ancient Sanhedrin , became illegal after 425 .","With his death in 425 , executed by Teodosius II for having built new synagogues against the imperial decree , the title of Nasi , last vestige of the ancient Sanhedrin , became illegal ."
"After a solid offensive , the Bullpen wasted 23 games by not being able to save them ( being the last in this area in the league ) and the Indians ended up .","Despite the solid offensive performance , the bullpen struggled with 23 blown saves ( a Major League worst ) , and the Indians finished a disappointing fourth ."
Working together is critical to handle acute emergencies as well as preparations for unsafe futures .,Working together is critical for addressing acute emergencies as well as preparing for uncertain futures .
"Puerto Madryn also has some incredible whale watching , where thousands of Southern Right Whales ( up to 15 meters long ) are breaching out in the open sea .","Puerto Madryn also has some amazing whale watching , where thousands of Southern Right Whales ( up to 15 meters long ) are breaking out in the open sea ."
"If nothing more , say to yourself each morning , "" Lord , have mercy on me , a sinner . ""","Pray through the day : "" Lord , have mercy with me , a sinner . """
"O'Connor was unavailable because he contracted an illness transmitted by the mule , and was replaced in the film by Danny Kaye .","O'Connor was forced to retire when he contracted a disease transmitted by the mule , and was replaced by Danny Kaye ."
"Christian V abolished these rights in 1687 ( Christian vs. Norwegian law ) by expressly refusing Jews access to Norway , if they were not given a special exemption .","1687 Christian V rescinded these privileges in 1687 , specifically banning Jews from Norway , unless they were given a special dispensation ."
“ We are warning anybody not to shelter Gadhafi and his sons .,- We all warn against hiding Gaddafi and his sons .
"While the speaker is willing to support this proposal , he considers that the arguments in favor of it are not very convincing , especially in the light of the observations of the Advisory Committee .","While he was prepared to support that proposal , he found the arguments in its favour to be less than satisfactory , especially in the light of the Advisory Committee 's comments ."
It has always been an impeccable effort from his side .,It was always a valient effort on his part .
"Regardless of how old you are , where you live , or what your career goals are , everybody ’s ultimate goal in life is to be happy and successful .","No matter how old you are , where you live , or what your career goals are , everyone 's ultimate goal in life is happy and successful ."
"Reporting climate change such as disaster history , or as something inherently uncertain , may be less useful than describing it in terms of the risk it entails , according to a British study .","Reporting climate change as a disaster story , or as something intrinsically uncertain , may be less helpful than describing it in terms of the risks it entails , according to a UK study ."
"Rihm is an extremely productive composer with hundreds of compositions , most of which have not yet been recorded in terms of releases .","Rihm is an extremely prolific composer , with hundreds of completed scores , a large portion of which are yet to be commercially recorded ."
A formal condemnation of the executive by the legislature is often considered a vote of no confidence .,A formal conviction of the executive by the legislature is often considered a vote of censorship .
"Unlike solitons ( another form of non - linear waves ) , the energy of a shock wave dissipates relatively quickly .","Unlike solitons ( another kind of nonlinear wave ) , the energy of a shock wave dissipates relatively quickly with distance ."
"Unstoppable Momentum is the fourteenth studio album by guitarist Joe Satriani , released on May 7 , 2013 through Epic Records .","Ustoppable Momentum is the thirteenth study album by Joe Satriani , released on May 7 , 2013 by Epic Records ."
"2018 was a dangerous year for relief workers in the Central African Republic , with over 390 situations involving non - governmental organizations .","2018 was a dangerous year for humanitarians in CAR , with more than 390 incidents involving NGOs ."
"Consciously or unconsciously , we all see life through the perspective we choose .","Consciously or subconsciously , all of us view life through the perspective of our choosing ."
"Chains for small pieces of pine nuts ( up to seven speeds ) and for other types of bicycles without dawn , they are more tolerant with the dimensions of the master link .",Chains for small cogsets ( e.g. seven - speeds ) and other than derailleur - fitted bicycles are more tolerant of these master link dimensions .
The way raining out hide is today obscure and unclear : various properties with the same hidage could vary widely to the extent even within the same county .,The hide 's method of calculation is now obscure : different properties with the same hidage could vary greatly in extent even in the same county .
"He does not intend to go to the Jews who are scattered among the Greeks , and teach the Greeks ? »","Does He intend to go to the Dispersion among the Greeks and teach the Greeks ? """
The surrounding maneuver to the Persian left flank was not successful .,The encircling manoeuvre of the Persian left flank was unsuccessful as well .
"tuously against God , or unto death , and falls into the","to God , the source of purse or a pinested when death occurs ,"
"Then their come to thee , swearing by Allah : "" We meant no more than good - will and conciliation ! """,Then they will come to you and swear by God : “ We only wanted good and reconciliation ! »
"In an alternative story , 65 million years ago , the asteroid that would have caused the extinguishing of the dinosaurs passes on land without provoking disasters .","In an alternate history , the asteroid that would have caused the extinction of the dinosaurs 65 million years ago passes safely over Earth ."
"Due to the fact that they have not condemned such acts , by the way they are guilty of serious negligence by not having fulfilled their duty to defend the moral and spiritual values of a civilized society .","By their failure to condemn such acts , they are surely guilty of a grave dereliction of the duty to uphold the moral and spiritual values of a civilized society ."
"Meanwhile , products licensed as novels , audiodramics and a series of animation did not stop providing new stories , but the television program Doctor Who remained inactive until 2003 .","Licensed media such as novels and audio plays provided new stories , but as a television programme Doctor Who remained dormant until 2003 ."
"Norwich was the second city of England ( after London ) for several centuries before industrialisation , which came late to Norwich due to its isolation and lack of raw materials .","Nevertheless , Norwich was the second largest city in England after London for centuries before the industrialization that came late to Norwich due to its insulation ."
Uncompensated hypothyroidism includes both an elevated TSH and a depressed T 4 .,Compensated hypothyroidism includes both an elevated TSH and a depressed T 4 .
It requires a certain risk tolerance with the ability to respond quickly to unsafe situations .,It requires a certain amount of risk tolerance along with the ability to react quickly in uncertain situations .
"The death penalty essentially applies to crimes under ordinary law such as murder , robbery with homicide , armed robbery , rape leading to death , and unlawful association .","It is basically established for common crimes such as those of murder , robbery with homicide , armed robbery , rape with a result of death , and illicit association ."
"Traditional leaders were eliminated , coopted , or made irrelevant , and the traditional educational system was largely dismantled ; social structures were stressed to the breaking point .","The traditionalist leaders were eliminated , and the traditional educational system was dismantled ; The social structures were redeem ."
"The biggest indicator will be released on Friday , September 1 at 8:30 am when the Bureau of Labor Statistics publishes the U.S. non farm payrolls ( NFP ) .",The largest indicator will be released on Friday 1 . September at 8:30 p.m. when the Bureau of Labor Statistics publishes the US Nonfarm Payroll ( NFP ) .
"Subsequent attempts by the ICSC secretariat to follow up on the validation exercise had , as also noted above , proved fruitless .","The subsequent efforts of the CAPI Secretariat to proceed with validation had also been unsuccessful , as noted before ."
There is no train I would not take .,There is n’t a train I would n’t take
"So , despite the advances of science , the modern unconscious engulfing our society still affirms that emotional and psychological problems are synonymous with weakness and vulnerability .","So , despite research in science , society&#39;s modern subconscious believes that emotional and psychological problems are synonymous with frailty and vulnerability ."
"As you move , focus on your body and the sensations you feel in your limbs rather than on your thoughts .","As you move , focus on your body and the feelings you feel in your limbs instead of on your mind ."
"Once you see that you ’re capable of overcoming your laziness and dedicating a few minutes to effortless tasks , you can begin to gradually increase the time that you dedicate to those tasks .","As soon as you see that you are able to overcome laziness and dedicate a few minutes to simple tasks , you can gradually increase the time you dedicate to those tasks ."
"General features of the phylum include spherical cells each with a thick cell wall , chloroplast present with chlorophyll a only ( no chlorophyll b or c ) , and an internal developing flagellum at some lifestages .","The general characteristics of these organisms include spherical cells with a thick cell wall , chloroplasts with only chlorophyll A and a flagellum of internal development in some stages of their life cycle ."
""" What are the rights of the writers and artists , revolutionary or non - revolutionary ?","What rights do writers and artists , revolutionary or not ?"
"They are accommodated in homes for the protection of children without parental care , or in guardian families , and offered various social care services , such as guardianship , adoption , etc .","These children live in social homes or in guard homes and enjoy various social services , including guardians or can be adopted ."
"The two Clover albums produced by Robert John "" Mutt "" Lange for Phonogram were not successful .","They recorded two discs for the Phonogram seal produced by Robert John "" Mutt "" Lange and the two failed ."
Though the union failed to produce a son ; their only child was a daughter named Neferure .,Although union managed to produce a son ; Their only child was a daughter named Neferure .
"It was dissolved on January 13 , 1942 , and its crews transferred to participate in the creation of II./SCH . G.1 and ERG . J.gr Ost . This unit ( acrobatic squad ) did not enter combat .","It was disbanded on 13 January 1942 , and its crews helped form II./Sch . G.1 and Erg . J.Gr . Ost ."
The work being done in other organs of the United Nations or in other intergovernmental conferences must not be duplicated .,It would be advisable to avoid any duplication of the work carried out by other organs of the United Nations or other intergovernmental conferences .
U.S. media and the public have a general amnesia whenever it comes to U.S. war crimes – no matter how recent .,American media and the public has a general oblivion in terms of American war crimes - no matter how recent they are .
"Out of all her qualities , it ’s her authenticity , her wisdom , her sensitivity , and her unparalleled acting skills that stand out .","Of all her qualities it is her authenticity , her wisdom , her sensitivity and her unique acting skills that stand out ."
"Of the remaining number of Austria 's people that are of non - Austrian descent , many come from surrounding countries , especially from the former East Bloc nations .","The rest of the Austrian population comes from foreign descent , many of them from neighboring countries , especially from the former East Block ."
"There is an unfortunate saying , “ Those who can , do .","The correct quote is : "" He Who Can , does ."
"Some tremors lasted up to 30 seconds , causing serious structural damage in two Chechen districts , and left 52,000 people without power in three districts .","Several buildings were destroyed in two Chechen districts and 52,000 people lost the power in three different districts ."
"Two weeks later he was still painless , and then there were several who would have treatment , and eventually their family , friends and acquaintances .","Two weeks later , he was still pain - free , and more people wanted treatment , and thereafter their families , friends and acquaintances . ”"
"Came forth then Jesus without , wearing the crown of thorns , and the purple robe .","Then Jesus went out , carrying the crown of thorns and the purple mantle ."
"Yes , eating meat affects the environment , but cows are not killing ...","Yes , eating meat affects the environment , but choirs are ..."
"The Doctrine of Destruction explains why war and revolution have been marked by an unmotivated orgy of genocide , terror and destruction .","The Doctrine of Destruction explains why war and revolution have been characterized by gratuitous genocide , terror and destruction ."
"Only 11 percent viewed both governments favorably , while 28 percent had a favorable view of the Israeli government and an unfavorable view of the Palestinian government .","Only 11 % had a positive view of both governments , while 28 % had a positive view of the Israeli government but negative on the Palestinian ."
"In the fourth game , Nadia Cassel and Trevor Spacey made his debut , replacing Eri and Tarma , but were not added in later games .","In the fourth game , Nadia Cassel and Trevor Spacey made their debut , replacing Eri and Tarma ."
The Costa Blanca is a hyper flexible destination and offers endless entertainment alternatives .,The Costa Blanca is a hyper - flexible destination and offers countless entertainment options .
"However , I should like to express the hope that Member States will also spare no effort in having their provisions implemented .","However , I would like to express the hope that Member States also strive to implement these standards ."
What he did for football is incredible .,What he did for football was amazing .
"This can happen if at least one document is missing , the right to improve the living conditions has been used earlier , or the applicant has given incorrect information in the submitted papers .","This can happen if at least one document is missing , the right to improve living conditions has been used previously or the applicant has submitted false information in the submitted papers ."
"Peter was jealous and wanted to intervene , but the Lord whispered , & quot;Shh , do not bother me!&quot ; & quot ; .","Peter was angry and wanted to interfere , but The Lord whispered : “ Shsh !"
"He commented that the denture "" resembles teeth without gums of a skull buried for a long time molten in titanium "" and believed that the extremities were prostheses .","He described Gaga 's face and the grills as "" the gum - less teeth of a long - buried skull cast in titanium "" and believed that the hands and legs were prosthetic ."
"Until the day I die , I should proclaim this principle with all the power of my lungs ( as alas ! Is everything too inadequate ) .","Until the day of my death , I shall proclaim this principle with all the force of my lungs ( which alas ! is all too inadequate).2"
"But with these signs you ’re dating a manchild and solutions to that problem , you could be free of their hindering attitude in no time .","But with these signs , you date a mannesild and solution to the problem you can be free of their obstacle attitude in a short time ."
"Kapodistrias more or less did n’t care about that , and it cost him his life .","It gave kapodistria 's more or less bark in , and it cost him life ."
"However , he died on January 18 , 1423 without having reached any agreement .","He died , however , on January 18 , 1423 before reaching a settlement ."
Do and do not on a first date - what senior singles should know,Do ’s and Don’ts on a First Date – What Senior Singles Should Know
"It 's Christmas time and Monica tries tipping with cookies , rather than cash , with mixed results .","It&#39;s pre - Christmas time , and Monica tries to tip with cookies instead of cash , with varying degrees of success ."
"French authorities had been searching for Gilles Le Guen since October , when he published a YouTube video in which he warned France , the United States and the United Nations not to interfere in Mali .","French authorities had been looking for Le Guen since he left a video on YouTube where he warned France , the United States and the UN towards intervening in Mali ."
"In 1951 , Saunders - Roe shareholdings took over the Cierva Autogiro Company in Eastleigh , which also included the plans of a not finished helicopter .",In 1951 Saunders - Roe took over the interests of the Cierva Autogiro Company at Eastleigh including the Skeeter helicopter project .
"… the many unsuccesful cholesterol - lowering experiments ,","... the many unsuccessful cholesterol - lowering experiments ,"
"Because of this , it is likely that many ancient astronomers also saw Uranus but without registering the slow motion of the planet relative to thousands of stars shining brighter .","For this reason , it is likely that many ancient astronomers also saw Uranus but failed to notice its slow movement relative to thousands of brighter stars ."
"My fear was unfounded "" .","My fears were ill founded . """
Many forms of entertainment portrayed to a greater and greater extent undisguised sex .,Many forms of entertainment emphasized increasingly graphic depictions of sex .
"Around the island hides secret lagoons , if colors and beauty are not to describe with simple words .","Around the island you can discover secret lagoons , whose colors and beauty is hard to describe with simple words ."
"Even as the royal troops listened to the exhortations of Stephen 's lieutenant , Baldwin fitz Gilbert , the advancing enemy was heard and soon the disinherited Angevin knights charged the cavalry of the five earls .","While the troops listened to the Arenga of Esteba 's lieutenant , Baldowin Fitz Gilbert , the enemy was detected , and the Angevines charged against the cavalry of the five counts ."
"Notwithstanding , it remains a useful concept .",But even so it is a perfectly useful plane .
"Like Christianity , there is some debate as to whether the traditional prohibition against female leaders is based on historical patriarchy and sexism , and not on the spirit of the faith .","As in many denominations of Christianity , there is some debate as to whether the traditional ban on female leaders are based on historical patriarchy and sexism , or on the spirit of faith ."
""" We have not yet been proven that as long as a man has a car , he can do anything and travel where he wants .","What needs to be proved today is that as long as a man has a car , he can do anything and go anywhere ."
"Social psychologists have long established that unnecessary or anxious people strengthen their own self - worth by assuming their group , either ethnic , religious or otherwise , is superior .","Social psychologists have long established that avoidant or anxious individuals will bolster their own self worth by imagining that their group , whether ethnic , religious or otherwise is superior ."
"It&#39;s not just The Wall , Dark Side of The Moon and Wish You Were Here .","Dark Side of the Moon , The Wall , Wish You Were Here ."
"( 3MO 24:16 ) So Jesus responded tilhørerepå a completely irrelevant manner in response to his words : ' Before Abraham was , I , ' took up stones to throw at him .","( 3MO 24:16 ) Therefore , Jesus ' reacted to a completely casual manner in response to His Word : ' Before Abraham was , I , "" took up stones to throw on him ."
"None the less , despite such concerns , the Government initiated the forcible closure of camps before the mission , which has reportedly intensified since then .","However , despite these concerns , before the mission , the government started the forced closure of the camps , which would have been intensified since then ."
"The affidavit also mentioned the discovery of an exploded pipe bomb in February 1998 , and a suspicion of Harris being involved in the unsolved case .",The affidavit also mentioned the suspicion that Harris was involved in a case of February 1998 related to bombs .
Requests the Secretary - General to submit the budget corresponding to the mandate period to the General Assembly no later than 15 June 1994 ;,"Calls on the Secretary - General to submit to the General Assembly , before June 15 , 1994 , the budget corresponding to the term of the mandate ;"
"* * * New Zealand has some incredible hostels to stay in , but to me , these are the best the country has to offer .","* * * New Zealand has some wonderful hostels to stay in , but for me this is the best country to offer ."
"Koza attacked Putivl but he did not manage to take it , although he would burn the surrender , plunge the region and the surrounding villages .","Koza attacked Putivl but failed to take it ; nevertheless , he set fire to its outer town , pillaged the district , and razed surrounding villages ."
He did pretty well in Liverpool when he was not injured .,He was very impressive at Liverpool until he got injured .
IV Cooperation of non - aligned countries in the sphere,IV . COOPERATION IN THE FIELD OF INFORMATION AND COMMUNICATION
"Father Lini was an Anglican pastor and also believed that socialism was not distant from Christian values , so he sought to combine both as part of a "" melanesia "" .",Father Lini was an Anglican priest and believed that socialism held close similarities with Christian values and sought to combine the two as part of a Melanesian way .
"Just a month after NATO was formed , the pro - U.S. leaders in west Germany unilaterally announced the establishment of the Federal Republic of Germany .","Only one month after NATO was formed , the pro - American leaders in Western Germany announced one - sided establishment of the Federal Republic of Germany ."
"52 International organizations , belong or not to the United Nations system , also have limited experiences of experienced personnel that could be assigned to peacekeeping operations .","International organizations , both within and outside the United Nations system , also provide a limited resource for experienced personnel who could be seconded for peace - keeping operations ."
"In the US , the Cult , now consisting of Astbury , Duffy , Stewart , Warner and Kid Chaos , were supported by the then - unknown Guns N ' Roses .","In the United States , The Cult , now formed by Ian Astbury , Billy Duffy , Jamie Stewart , Les Warner and Kid Chaos ( Haggis ) , were supported by Guns n ' Roses ."
It can be deeply unsettling when the ground of significant relationships begins to shift and swell .,It can be deeply disturbing when the reason for significant relationships begins to shift and swell .
But the goal is unchanged : inspiration and impulses through exchanges with independent artists .,"However , the objectives remain the same : inspiration and impulses via the exchange with independent artists ."
"The knot span lengths then translate into velocity and acceleration , which are essential to get right to prevent damage to the robot arm or its environment .","The lengths of the node segment then translated into speed and acceleration , which are essential to avoid damage to the robotic arm or its environment ."
twenty - one . Assistance to non - governmental organizations in Cambodia and other important components of civil society will adopt different forms .,Assistance to Cambodian NGOs and other important components of civil society will take different forms .
That it 's better to renovate European institutions rather than risk feeding the likes of the National Front or Golden Dawn ?,That it is better to clean up in European institutions than to risk strengthening national front or golden dawn ?
"Before she realized the mistake of her call , Irene found a chatting with a woman who answered the unintentional call pink in Tennessee .","Before realizing the error of her dialing , Irene found herself chatting with a woman who answered the accidental call , Rosa in Tennessee ."
The local community had known about Simonette Vold ’s inclinations through generations and had seemingly ignored it .,"The local community had known to Simonette 's inclinations through generations , and apparently seen through the fingers with it ."
"At least one of them , Bertha , had a recognised relationship , if not a marriage , with Angilbert , a member of Charlemagne 's court circle .","One of them , Bertha , maintained a relationship , or perhaps a marriage , with Angilberto , member of his father 's court ."
"An eternal flame is a flame , lamp or torch that burns uninterrupted and indefinitely .","An eternal flame is a flame , lamp or torch that burns continuously for an indefinite period ."
"Arranged marriages became uncommon as young people were now allowed to choose their own marriage partners , subject to a veto by the parents .","The concerted marriages became unusual as young people were now allowed to choose their own partner , subject to veto from parents ."
He requested the international community to put pressure on Iraq to accept the idea of impartial international observers who would go to the country with the aim of assessing the situation .,The Special Rapporteur asks the international community to press IRAQ to force him to accept the idea of the presence of highly outstanding international observers in the country to exactly assess the situation .
I have no idea whether Soros is behind this or not .,Was VRIENT to see if Soros is behind this or what is what .
""" Do not hunt but click II "" .",""" Painted Skin and Painted Skin II "" ."
"In 2005 , injuries continued to prevent them from surrendering at their best , being whipped by rivals to which under normal conditions would have gained without problems .","In 2005 , her injuries were still lingering and she suffered several losses to opponents she would normally easily beat ."
"Over time he ended up in Vermont , where he took art classes at Johnson State College , staying with different unqualified jobs .","She eventually traveled to Vermont , where she took art classes at Johnson State College and supported herself working odd jobs ."
"But three years later , when they are sixteen , Jude and Noah speak almost no longer .","But 3 years later , Jude and Noah are barely speaking ."
"This constitutes an incomprehensible circle ; A truly vicious circle , it seems that , for any attempt to form a model or theory , to form the genetic code .","This constitutes a baffling circle ; a really vicious circle , it seems , for any attempt to form a model , or a theory , of the genesis of the genetic code ."
"Efforts needed to be focused on higher value - added activities , targeted to specific functions and geared towards non - equity forms , and particular attention should be paid to services .","It was necessary to concentrate on activities with greater added value , in specific functions and in investment forms other than capital participation , and particular attention should be given to the services sector ."
"Notwithstanding the purely humanitarian nature of this mission , the Government decided to reject Mr. Nowak 's request .","The government decided to reject Mr. Nowak 's request , even though his mission was purely humanitarian ."
"Thorne played "" Jersey "" in Shall We Dance on Ice , in Bloomington , Illinois , on 16 , 2014 , but the song has not been launched as a single .","Thorne promoted the EP for a one time , in the event Shall We Dance on Ice , in Bloomington , Illinois , on December 16 , 2014 , when she performed "" Jersey "" ."
"Regardless of his motivations , Poul Henningsen was preoccupied with the idea of creating a better light .","Whatever triggered him , Poul Henningsen was very concerned with the idea of creating a better light ."
"And then he began to sign the warrants , without reading them . ""","They were originally conceived to be recited , instead of lands ."
It was the great depression that ended child labor at a national level ; Adults despaired so much about getting work that did not care to work for the same fee as children .,It took the Great Depression to end child labor nationwide ; adults had become so desperate for jobs that they would work for the same wage as children .
Give to help unreached people hear of God ’s love and forgiveness for the first time .,The most important thing for the forgotten congregation in the future is still to carry the message of God 's love and grace for all people .
Not - for - profit organizations may have a delegate structure to allow for the representation of groups or corporations as members .,Ideal organizations can have a delegate structure to allow representation of groups or companies as members .
"For the rest , perhaps it would be to wish that , as several members of the Joint Committee have suggested , several investment consultants were resurrected and not one .","It would perhaps be advisable , as some members of the Pension Board had suggested , to enlist the services of more than one investment adviser ."
"On the contrary , the use or threat of force creates new crises and disputes that threaten international and regional peace and security .","In fact , this generates new crises and conflicts that threaten peace and regional and international security in this sensitive region of the world ."
"Another song that presented problems was "" Mad The Swine , "" which was recorded for the album but was discarded by producer Baker and Queen for not being satisfied with the quality of percussion .","Another track that proved problematic was "" Mad the Swine "" , which was recorded for the album but then derailed by Baker and Queen disagreeing on the quality of the percussion ."
"Federal laws sharply prohibit the misconduct of officers , including those following the code by giving false testimony or that they do not denounce any other partner who is involved in an act of corruption .","Federal laws strongly prohibit officer misconduct , including officers who follow the code by "" testilying "" or failing to report any officer who is participating in corruption ."
"His father waved his hand to John , gave him a small amount of money and did not ask him to expect more .","Father waved his hand at John , and gave him a small sum of money and asked for more to count ."
How well they will not hear and see the day they come to us !,"How clearly will they ( polytheists ) see and hear , the Day when they will appear before Us !"
"By the time Husayn 's army arrived , the people of Kufa had changed their minds and betrayed and did not join Husayn 's army at the Battle of Karbala .","But when the Army of Husáin arrived , the people of Kufa had changed his mind and defeated Husáyn 's army at the Battle of Kerbala ."
They are believed to give stability and wisdom to the company and thus protect it from unhappiness .,These are believed to provide stability and wisdom to the company and thereby protecting the company from ill fortunes .
"Suddenly , business leaders found themselves faced with the daunting task of organizing the manual labor of thousands of workers and the processing and assembly of unprecedented quantities of raw material .","Suddenly , business leaders were standing towards the overwhelming task of organizing manual work for thousands of workers and processing and putting together outstanding amounts of raw material ."
"It was when he was in the company of a number of his friends that one saw most clearly the vigorous , intelligent , endlessly curious man whom Joyce had known .","He was seeing him in the company of his friends when he looked more clearly to the vigorous , intelligent , infinitely curious man that Joyce had known ."
"Thus it was in 1983 , the National Endowment for Democracy was set up to “ support democratic institutions throughout the world through private , non - governmental efforts . ”","So it was that the National Endowment for Democracy was established in 1983 to "" support democratic institutions worldwide through private , voluntary efforts "" ."
Be a source for the adaptation of internal laws which are at present contrary to the spirit of the protocol .,- Be a source for adaptation of those internal legislations that now contravene the spirit of the Protocol .
"In the sphere of public management and democratization there is no doubt that despite some inconveniences in Africa , we seem to have achieved substantial progress in the last seven years .","In the area of governance and democratization , there is little doubt that , despite some setbacks , we in Africa seem to have made substantial progress over the past seven or so years ."
The General Assembly should exert greater policy leadership on development issues inasmuch as the Charter of the United Nations provides the Assembly with broad mandates concerning these issues .,"The General Assembly must exercise a broader driving in terms of development policy , to the extent that the United Nations Charter provides the Assembly broad mandates with respect to these issues ."
"It fell again in Muslim hands in 822 , and was not finally taken by the Byzantines until 851 .","The Arabs resumed it again at 822 , before the Byzantine final reconquest of 851 .."
"Reaffirming that it is willing to consider without delay the recommendations made by the Secretary General on the expansion of the United Nations presence in Angola , provided that the ceasefire is maintained ,","Reaffirming its readiness to consider promptly any recommendation from the Secretary - General for an expanded United Nations presence in Angola on condition that the cease - fire is maintained ,"
""" With great guilt and unjustly benefited you [ the anointed cherub , Lucifer ] your sanctuaries .",Thou hast greedily gained of thy neighbours by violence and wrong .
"Gaitán also acted as a girl kidnapped by sex traffickers in 2007 , in the film crime without forgiveness with Kevin Kline .",Gaitán also played a girl kidnapped by sex traffickers in the 2007 movie Trade alongside Kevin Kline .
It was a difficult task that was not achieved because of the depth of the Axis minefields .,It was a difficult task due to the depth of the accumbers ' minefields .
"They first lived with Tomasi 's mother in Palermo , but soon the incompatibility between the two women drove Licy back to Riga .","They first lived with tomasis mother in Palermo , but the two women came badly out of it with each other , and LICY was driven back to Latvia ."
We were created unto service .,We are created to serve !
"If you are brand new in the forex world , for example , you are not sure what price strategies are , you should first focus on general knowledge .","If you are completely new to the world of forex , for example you are nt sure what price action strategies are , then you should be focusing on general knowledge first ."
"In this film , Stephen Strange was a psychiatry resident rather than an experienced neurosurgeon .","In this film , Stephen Strange was a resident of psychiatry instead of an experienced neurosurgeon ."
"unfavorable weather conditions , when the humidity reaches over 60 % , at a temperature of 15 - 25 ° С ( this cause of the disease applies only to the street petunis ) ,","adverse weather conditions , when air humidity reaches above 60 % , at a temperature of 15–25 ° С ( this cause of the disease applies only to street petunias ) ,"
Following the steps in order can save you a lot of money by trying the least inexpensive ways first .,Follow the steps in order you can save a lot of money by trying the least affordable ways first .
"As a young man , he acquired many fashionable and aristocratic friends , and developed a taste for the Landadelen , who never left him .","As a young man , he acquired many fashionable and aristocratic friends and developed a taste for country house society ."
"Neverthless , the Ravenna document is an important one , Cardinal Kasper said , because “ for the first time the Orthodox churches have said : Yes , this universal level of the Church exists . ”","The Ravenna document is important , says Cardinal Kasper , since "" The Orthodox churches for the first time have said : Yes , this universal level in the church exists . """
"Thanks to various sanitation and water supply activities in eight accessible provinces , water was provided not contaminated to 405,000 people .","Various water supply and sanitation activities in eight accessible provinces provided clean water to 405,000 people ."
The inventions we did not need,Inventions we DON'T need
Not just in the bedroom - 24/7 .,"Only in the bedroom , or 24/7 ?"
( d ) Financial regulations : Matters on which consensus has not yet,d ) Financial Regulation : issues regarding the
"Notwithstanding the difficulties , we strongly believe that the continued presence of the United Nations in Somalia is critical .","Despite the difficulties , we firmly believe that the continued presence of the United Nations in Somalia is crucial ."
"King James I introduced silk - growing to the British colonies in America around 1619 , ostensibly to discourage tobacco planting .","Jaime I of England introduced the cultivation of silk in the American colonies around the year 1619 , supposedly to discourage the tobacco plantation ."
"Geoffrey was inaugurated in Rouen on March 12 , 1049 , presumably by Mauger , Archbishop of Rouen at this time , but not identical to his brother of the same name .","He was consecrated at Rouen on 12 March 1049 , presumably by Mauger who was Archbishop of Rouen at that time ."
This was an incredibly strict school where anti - Semitism was widespread .,This was an extremely strict school where antisemitism was widespread .
"In many countries , there is not an adequate supply of safe blood , and blood services face the challenge of making sufficient blood available , while also ensuring its quality and safety .","However , in many countries , blood services continue to have problems to offer enough blood and guarantee their quality and safety ."
"Confidence - building at national , regional and international levels , as an essential strategy to transform human relations , will not succeed in the absence of transparency in decision - making and the participation of all concerned .","The promotion of trust at the national , regional and international level - as an essential strategy to transform human relations - will only be successful if there is transparency in decision - making and participation of all stakeholders ."
"In 2013 , he opened a Kickstarter for a new game , American McGee 's OZombie , however due to slow / lackluster funding the project was canceled .","In 2013 it opened a kickstarter for a new game , American McGee 's Ozombie , however due to mediocre financing the project was canceled ."
"There will be times in life when we are unable , but what we learn from our mistakes is extremely important .","There will be times in life when we fail , but what we learn from our failures is extremely important ."
"Over the seemingly endless Atlantic , Lindbergh remembers barnstorming across the Midwest in a flying circus .","Following the Atlantic Inabercable , Lindbergh recalls the surveys of aerial acrobatics in the Midwest ."
"With the convenience of Amazon and the prevalence of inexpensive e - books , it might be tempting to buy a new book occasionally .","With the convenience of Amazon and the prevalence of cheap e - books , it may be tempting to buy a new book occasionally ."
"In addition , because local and central administrative structures were often not clearly divided , local autonomy was further weakened .","In addition , because local and central administrative structures are often divided clearly , local autonomy weakened even more ."
Porsena accepted it and asked Tarquinio to continue its exile in another population that was not clusium .,"Porsena agreed , telling Tarquinius to continue his exile elsewhere than Clusium ."
"There ’s no doubt that this is a major burden for a child , but this is reality .","It is a matter of course that this is an all too much burden to carry for a child , but this is reality ."
"[ 9 ] The best , authentic account of the original event was given , uncertain for what reason , by the Communist dictator of Yugoslavia , Tito , in a national dispatch on November 15 , 1956 .","[ 42 ] The best authentic account of the original event was given , for reasons of his own , by the Communist dictator of Yugoslavia , Tito , in a national broadcast on Nov. 15 , 1956 ."
Eventually Abigail Brand reveals that Kitty is still alive within the bullet but they ca n't get her out yet .,"Finally , it is revealed by Abigail Brand that Kitty was alive inside the bullet ."
They are not so much when those who use them are developing countries with smaller economies to sanction the practices of large companies in large interior markets .,It is less effective in disciplining large firms in large domestic markets when deployed by smaller developing countries .
The Committee is understood that there are minors working in Jordan and that some children are not sent to school in the remote areas for that reason .,The Committee understands that there are under - age children at work in Jordan and that some children in remote areas are even kept from school for such reasons .
"Once this Agreement has been ratified , the Republic of Greece will officially recognize the Republic of Nova Makedonija and the Parties shall establish diplomatic relations at an ambassadors level without delay .","Upon ratification of this Agreement , the Republic of Greece shall formally recognize the Republic of Nova Makedonija and the Parties shall promptly establish diplomatic relations at the ambassadorial level ."
But it never becomes a problem that there is too little bitcoin in the world .,There 's only ever going to be so much bitcoin in the world .
Remained unbeaten in 18 Test Matches .,It was competed in total 18 exercises .
"He calls this family contracts : through these contracts , individuals negotiated their position in society through their relations / encounters with others , both living and dead , human and non - human .","I have called this family contract , and through these contracts , individuals negotiated their position in society through their relationships / meetings with others , both living and died ."
"That concern aside , it 's no surprise that self - help books can help the self .","Given this , it is less surprising that self - help books help ."
"They have adapted the ability to change color so that it can respond to temperature , mood swings , stress levels , etc . And not simply to environmental changes .","They have adapted the capability to change colour in response to temperature , mood , stress levels , and social cues , rather than to simply mimic their environment ."
"Other examples include the Furptive Bomber F-117 Nighthawk , the F-23 Black Widow Hunting prototype , the Fouga Magister coach and the non - driven aerial vehicle ( UAV ) MQ-1 Predator .",Other examples include the F-117 Nighthawk stealth fighter and the Fouga Magister trainer .
Helmut later kept the vowel without refining registered months ago and included it in the final recording .,Helmut later salvaged the rough vocal recorded months earlier and included it in the final recording .
The unstrung bow represents peace yet instant preparedness for defense .,The bound arc represents peace but rapidly prepared for defense .
"Despite claims to the contrary , Governments - especially in the developing world - are often less powerful than the TNCs which are based in their countries .","Despite various affirmations , governments , especially in developing countries , are often less powerful than multinationals that are installed in their countries ."
"With every new chick flick that is advertised , untold numbers run to the nearest movie theater with their significant others in hopes that this will be our next cult classic .","With every new chick flick that is advertised , Utal Lope to the nearest cinema with sinus significant others in the hope that this will be our next next cult classic ."
"4 K is great to have , but there are several things to keep in mind if you ’re deciding whether or not to upgrade to the latest and greatest version of Apple ’s streaming box .","4 K is great to have , but there are several things to keep in mind if you decide to upgrade to the latest and best version of Apple 's streaming box ."
"Lack of data and regulations prevents progress in this area at this time , according to the report .","A lack of data and regulation is hindering progress in this area at the present time , according to the report ."
"It is ( only ) words from their mouths ( and not reality ) , and Allah says the truth , and he leads to the right path .","These are the words of your mouths , and Allah speaks the truth , and He guides to the way . ”"
"Unlike Windows Mobile , it is primarily aimed at the consumer market rather than the enterprise market .",Unlike his predecessor he was focused on the consumer market instead of the business market .
"On 2 April the international edition of the New York Times wrote , ‘ It did n’t make sense : Why would Russia order killing of Ukrainian electrician ? ’","April 2 , the international edition of the New York Times struck with the headline : "" Why did Russia ordered the murder on a Ukrainian electrician ? » .."
An earlier plan by Sir George Grey for a federation of all the various colonies in South Africa had been rejected by the home authorities in 1858 as not being viable .,Gray 's plan for a federation of all the different colonies in South Africa was declined in 1858 by the United Kingdom .
The Lord . Álvarez Vita welcomes the contribution of non - governmental organizations .,Mr. ALVAREZ VITA welcomed the NGO contributions .
"for those what they have had and have from before , as inalienable - and as","For those who dwell in the past , of what was and could have been ."
"... Family hypercholesterolæmi and why one should not be too worried about it ,","… familial hypercholesterolemia and why you shouldn´t bother too much about it ,"
This is due partly to the fact that as apprentices in enterprises they have special rights and partly to the fact that they are employed as helpers in non - agricultural family enterprises .,This is partly because as apprentices in companies they have special rights and to be used as assistants in family businesses outside the agricultural sector .
75 And inasmuch as there are other bishops appointed they shall act in the same office .,"75 And if other bishops are appointed , they should work in the same way ."
It is a great priceless school paid for with the blood of countless warriors !,"It is a great inestimable school , paid for with the blood of countless fighters ! ”"
Indra was one of only twenty - seven students not to have lost his mutant abilities .,Indra was one of the twenty - seven students who maintained his mutant skills .
"You ca n't just add single commands in this way , but also whole groups of commands , such as the font group .","You can add not only individual commands this way , but also entire groups of commands for example , the Font group ."
"Bunning envisaged a town for 10,000 people , which would provide the best of country and city living in one , with the community areas and industrial areas separated to prevent pollution .","Bunning imagines a city for 10,000 people , who would combine the best of life in the field and in the city , with its residential areas and separate industrial areas to avoid pollution ."
Tretorn Ghost Net collection is made out of recycled fishing nets collected to prevent Ghost Nets in our oceans .,The Tretorn Ghost Net collection is made from recycled fishing nets that have been collected to counteract ghost nets in our oceans .
"Modern literary critics are frequently skeptical with the value of Krasiński 's work and consider Norwid as a third , and not as a fourth bard .",Some literary critics of the late 20th – century – Poland were skeptical as to the value of Krasiński 's work and considered Norwid to be the Third bard instead of Fourth .
"The film is based on an unproduced script written by French mime , director and actor Jacques Tati in 1956 .","The film is bases on a script written by the French Mimeartist , director and actor Jacques Tati from 1956 ."
"The Battle of February 27 , 1942 , which , without interruptions lasted for more than seven hours , ended with the almost total destruction of the Doorman squad .","The battle on 27 February 1942 which , with interruptions , lasted for over seven hours , ended with the almost complete destruction of Doorman 's squadron ."
The National Congress of India could not win a single seat .,While Indian National Congress won 1 seat .
I swear by your life that I would not ! ”,"1.No , verily , I swear by this city ,"
The decisive mechanism of the Mixed Commission did not work because both parties refused to participate in the meetings of the Commission .,The vital mechanism of Joint Commissions failed to function as a result of the refusal of both sides to participate in Commission meetings .
"In Bova , many people now learn Modern Greek rather than Calabrian Greek .","In Bova , many modern Greek study instead of Greek ."
Larger parties are parada ng lechon ( every 24 June ) and the fersten for Maria 's unstreated conception ( 8th December ] .,Significant events includes the Parada ng Lechon ( every June 24 ) and the Feast of Immaculate Conception celebrated annually every December 8 .
These unfortunate changes lead to increased permeability of BBB and subsequent vulnerability to the brain for peripheral toxins .,These detrimental changes lead to increased permeability of the BBB and subsequent vulnerability of the brain to peripheral toxins .
""" It also illustrates how the creative and technical disciplines overlap , a message we are concerned with getting out , especially to the young , and as a response to the overall lack of technical skills .","“ It also illustrates how the creative and engineering disciplines overlap , a message we are keen to deliver , especially to the younger population in the face of a shortage of engineering skills ."
"The type 2-font format was designed to be used with letter strings for CFF ( Compact Font format ) , which was lossless compression of the type 1 format , and was introduced to reduce font file sizes .","The Type 2 font format was designed to be used with Compact Font Format ( CFF ) charstrings , and was implemented to reduce the overall font file size ."
Jewish law also states that non - Jews ( where such are excluded from the world to come ) are only entitled to the religion of nature and reason that Weishaupt taught .,"The Judaic Law also lays down that the Gentiles ( who as such are excluded from the world to come ) are entitled only to the religion of nature and of reason which Weishaupt taught . """
"“ Music creates order out of chaos : for rhythm imposes unanimity upon the divergent , melody imposes continuity upon the disjointed , and harmony imposes compatibility upon the incongruous ” — Yehudi Menuhin","& quot;Music creates chaos from chaos : rhythm gives unanimity to difference , melody makes continuity to discontinuity , and harmony brings compatibility to inequality&quot ; - Yehudi Menuhin"
"Huawei MediaPad M5 is a pretty successful tablet , which can fine compete with Apple 's iPad , if you are not already too good inside their ecosystem .","Huawei MediaPad M5 is a rather successful tablet that can compete with Apple ’s iPad , unless you are already emersed in their ecosystem ."
"In certain regions of the world , where preference for male is especially strong , women without male children are treated as parias .","In some regions of the world where son preference is especially strong , sonless women are treated as outcasts ."
"To know God is to feel peace within - a calmness , a serenity , an unshakeableness which enables you to face any situation .","To know God is to feel inner peace - a stillness , a purity , a steadfastness that enables you to face any situation ."
The assessment of the risk of substantial misstatement can be expressed in quantitative terms as percentages or in non - quantitative terms .,"The assessment of the risks of material misstatement may be expressed in quantitative terms , such as in percentages , or in non‑quantitative terms ."
Baseline information on forestry and general environmental projects will be disaggregated by sex to assess women 's needs .,"The base information on forestry projects will be broken down , in order to evaluate the needs of women ."
I would like to reiterate the need to address the question of a non - stuffing transition from emergency relief to rehabilitation and development .,I would like to reiterate the need to address the issue of a smooth transition from emergency relief to rehabilitation and development .
We can not overemphasize the vulnerability of the economies of small States such as those in our subregion .,We have to highlight the vulnerability of the economies of the small states as those of our subregion .
There is also an obviously disproportionate impact on the residents of the conurbation of Buenos Aires and the interior of the country as a whole ;,- there is also a discriminatory impact on the inhabitants of the Buenos Aires Conurban and the interior of the country in general ;
"Another unpleasant story that occurred in Los Angeles , the demise of Elisa Lam has been a secret since it occurred in 2013 .","Another scary history that happened in Los Angeles , Elisa Lam 's death has been a mystery since it happened in 2013 ."
"Their positive report was crucial : the island did not have great obstacles that could cause problems for flyman exercises , and its long plateau was as good as ice - free .","Their report favoring the place was decisive : it lacked large obstacles that could trouble aircraft maneuvering , and its long plateau was virtually free of ice ."
"I knew I had been given the opportunity to fight for the biggest price in heaven and on earth , and that I had n't managed it .","I knew I had been given the opportunity to run for the greatest prize in heaven or earth , and I had failed ."
"When the cat is relaxed and natural , the tail looks like that of a rabbit , but it can be unfurled to a length of about 10 to 12 cm .","When the cat is relaxed and natural , the tail looks like a kanineal , but it can be stretched out to a length of approx . 10 to 12 cm ."
"Instead of taking on all that debt , buy a small , inexpensive house with a $ 400 monthly payment .","Instead of taking on all that debt , buy a small , cheap house with a $ 400 monthly payment ."
Requests that States cooperate in order to prevent the illegal transport by smugglers of third country nationals through their territory ;,Four . Calls on the cooperation States to avoid clandestine transportation by traffickers of third - country nationals through their territory ;
"Francis was married to United States Air Force pilot Bamlet Lawrence Price , Jr. from May 1952 through April 1955 , and to Robert Abeloff from 1960 through 1964 ; she never remarried after divorcing Abeloff .","Francis was married to Bamlet Lawrence Price Junior from May 1952 to April 1955 , and then she was married to Dr. Robert Abeloff from 1960 and out 1964 ."
It is undeniable that the Pope at first expressed himself favourably .,The latter has the pope previously expressed positively about .
"Now in a powerless position , Nasution began to think of other ways to stop the PKI 's momentum .","In that less powerful position , Nasution began to think in other ways to stop the pki rise ."
"When two statements are made on one subject which are contrary to each other , we have “ contrary facts . ”","When two mutual conflicting statements are made regarding a topic , we have "" conflicting facts "" ."
"Natives of the common people , with easier clothes and little or no gold jewelry ( maybe Muslims ) .",Native common women wearing simpler clothes and headscarves ( likely Muslims ) .
"There are important achievements that , without overlooking , are registered in the United Nations .",There are important achievements in the daily life of the United Nations .
"Except for aliens previously admitted to the United States for lawful permanent residence , aliens have the burden of proving their admissibility in exclusion proceedings .","With the exception of foreigners previously admitted in the United States with a view to their permanent residence , every foreigner must demonstrate the admissibility of it in the corresponding procedures ."
"We share the view of the Secretary - General that if the meaningless civil war in Afghanistan is to be halted , regional and international participants must shoulder additional obligations .",We share the opinion of the Secretary General that the End of the Insensata Civil War in Afghanistan and that regional and international participants must assume greater responsibilities .
During the Crimean War a British fleet could not capture Petropavlovsk - Kamchatsky .,During the Crimean War a British fleet failed to capture Petropavlovsk - Kamchatsky .
"The United States and Russia sent envoys to Hong Kong to offer military help to the British and French , though in the end Russia sent no military aid .","The United States and Russia sent diplomats to Hong Kong to offer the British and the French help ; But finally , the two European powers carried out the campaign alone ."
"“ The future of the nation depends in no small part on the efficiency of industry , and the efficiency of the industry depends in no small part on the protection of intellectual property . ”",""" The nation 's future depends to a small degree of efficiency in the industry , and the efficiency of the industry depends on little degree of the protection of intellectual property . """
"To prevent weight gain and maintain a healthy body weight , try implementing a few of the suggestions listed above .","To avoid weight gain and maintain a healthy body weight , try implementing some of the suggestions mentioned above ."
EU member states will now have a legal basis to prevent the export or supply of these goods to Libya where there are reasonable grounds to believe that they will be used by people smugglers and human traffickers .,"The EU member states will now have a legal basis for preventing export or delivery of these goods to Libya , where there is reasonable reason to believe that they will be used by human smugglers and human traffickers ."
"He assured the representative of Bangladesh that there were no longer any significant problems with coordination between the Office , the Board of Auditors and the Joint Inspection Unit .","It assures the representative of Bangladesh that the coordination problems between the Office , the Board of Auditors and the Joint Inspection Unit have been solved ."
"- The Republic of Macedonia , not by its own fault , has remained with a significantly reduced defensive capability .","- The defensive capacity of the Republic of Macedonia continues to be , for issues alien to its will , extremely reduced ."
"The wide compatibility with other office packages is , without a doubt , one of the main benefits of Open Office , compared to the popular Microsoft software .","The broad compatibility with other office suites is , undoubtedly , one of the main advantages of Open Office , when compared with the popular Microsoft software ."
"How to disaccustom the husband to drink alcohol , what to do if the husband drinks","How to wean her husband to drink alcohol , what to do if man drinks"
"Do not know where it is ? 2nd to confuse , confused . to confuse . [ to ] confused a tourist unusual a feeling a movie gentle [ become ] polite [ -li ] a way","Do you know where it came from ? - It was taken from the gutter between the two houses ; he went up , and would have put it in its place again ."
Remember that children who do not have learning competence can still experience some of these difficulties at different times .,Remember that children who don?t have learning disabilities may still experience some of these difficulties at various times .
"Today , the devastation of Hiroshima and Nagasaki could multiply with only one pump , not to mention a succession of bombs .","The devastation of Hiroshima and Nagasaki could be magnified several - fold by just one bomb today , leave alone a succession of bombs ."
"His teammate Richie Norman told Banks that Gillies was rushing his decision , Shilton had told the Board of Directors to leave the team if he did not have the starting position .","Teammate Richie Norman told Banks that Gillies was pressured into the decision , Shilton having told the board he would leave the club unless he was given first team football ."
National experiences with respect to the difficulties or facility that has been to market non - harmful products for the environment will help clarify this issue more .,National experiences of when it has been particularly difficult or easy to market environmentally friendly products will throw new light on this issue .
"The vast majority of programs that can be run on Linux can also be run on FreeBSD without the need to install a separate "" compatibility storage "" .",Most software that runs on Linux can run on FreeBSD using an optional built - in compatibility layer .
"None the less , assisting Somali families to return to their homes remains a top priority .","However , assistance to Somali families so that they can return to their homes remains a priority objective ."
Right Backlight without contract for the summer and appears to leave Newcastle after four years in the club .,"The right - back is out of contract in the summer , and looks set to depart Newcastle after four years at the club ."
"As taxis , these cars were regarded as being virtually impossible to wear out and a couple of them were actually used until the 1980s .","As taxis , these cars were considered as good as wear - proof , and a couple of them were actually in use in the 1980s ."
"According to Zosimus , Serena was then haunted by dreadful dreams predicting her own untimely death .","9 According to Zosimus , Serena became fearful dreams that predicted her early death ."
"That 's just what this review is for , to offer you an unbiased evaluation of the supplement so you can make the right decision .",That 's what this review is to give you an objective assessment of the supplement so you can make the right decision .
"Its unlimited launch initiated on September 13 at 1,212 theaters , a relatively low number .","Its wide release began on September 13 , with a 1,212 theater count ."
Today 's mobile devices have an endless number of functions that can record data in real time .,Today&#39;s mobile devices have a number of features that can store data in real time .
"This presented , without a doubt , some complexity due to the number of defendants .",The case was undoubtedly of some complexity owing to the number of accused .
Julio Sarria was finally arrested for not paying the child 's alimony .,Julio Sarria was eventually arrested for failure to pay child support .
"When their ministers on Monday , for another summit about the so - called "" migration crisis "" , keep in mind that the decisions taken on former summits , so far largely have not helped improve the situation .","When your ministers gather this Monday for yet another summit on the so - called ‘ migration crisis ’ , bear in mind that the decisions adopted in previous summits have so far largely failed to improve the situation ."
"Disclaimers should be terminated quickly , especially in our modern world where the interaction no longer takes place between people , but also between IOT devices , machines and applications .","And off - boarding should be completed quickly , especially in today ’s world where interactions can be between not only people , but also between IoT devices , machines and applications ."
"In other cases , the ships and planes were real enough — but Berlitz and others neglected to mention that they "" mysteriously disappeared "" during bad storms .","In other cases , the ships and aircraft were genuine enough , but Berlitz and others forgot to mention that the "" mysterious disappearances "" occurred during violent storms ."
That Seaman is a handsome young man but he spends too much time looking in his mirror rather than at the ball .,"- He Seaman is a handsome young man , but he spends too many hours looking in the mirror instead of the ball ."
"Salvador Dalí congratulated him by his new scepter on a telegram published by the state press in Romania , who did not see the sarcasm in the observation .","Salvador Dalí congratulated him for his new sceptre in a telegram published by the state - controlled press in Romania , which edited out the sarcasm in the remark ."
"Likewise , people hosted in medicalocial establishments of all nature are not included in the figures , so with probability their poverty is greater than average .","Persons accommodated in socio - medical establishments of all types are likewise disregarded in the figures , even though they are probably poorer than the average ."
"For example , in many cases the control of the inventory of non - fungable goods is not exact enough to determine what is and what should be .",many cases to determine what is at hand and what should be there .
"Even when information is requested through questionnaires on the composition of the fishing fleets of the member countries , many answers are not received .","Although information is sought , by means of questionnaires , on the composition of members ' fishing fleets , there is a low response rate ."
"However the film had numerous technical problems , including a lack of preparation ( Riefenstahl reported having just a few days ) and Hitler 's apparent unease at being filmed .","However , the film had numerous technical problems , including lack of preparation ( Riefenstahl said he had only a few days for the preparations ) and the apparent apprehension of Hitler to be filmed ."
The crew flew the Maveric unmanned aerial vehicle ( UAV ) six times over Devon Island .,The team flew the MAVERIC DRÓN ( UAV ) six times over the island of Devon .
The Protection of Minors Act states that parents or other guardians must not ill - treat minors .,The Minor Protection Act prohibits parents and guardians inflicting ill - treatment to minors .
There must be no attempt to justify mercenaries in the media nor any misconceptions regarding this type of human behaviour .,Mercenary apology should be avoided in the media and any equivocal on this human behavior .
not in consultative status with the Economic and,Consultative by the Economic and Social Council for
"At Catalystone , both our roots and our history have created a strong desire to help those who are not as lucky as us , especially children .","At CatalystOne , both our roots and our history have created a strong desire to help less fortunate people , particularly children ."
"He applied to the USC School of Cinematic Arts , but was never admitted .","Then it was changed to the USC School of Cinematic Arts , but left ."
"And We created the Jinn before that from the smokeless flame of fire """,We had previously created by flaming fire . ( 27 )
"But will nothing change for Assad , as we ’ve heard reiterated ?","But does this change zero and niks for Assad , as we hear it is repeated all the time ?"
But it is unable ; He has no talent or imagination ...,"Problem is , he lacks talent and imagination ."
"In 2006 , McDermitt appeared at Last Comic Standing as a contestant , but he did not win .","In 2006 , McDermitt appeared on Last Comic Standing as a contestant ."
Do n't let your thoughts wander to the future and constant complaint about your life .,Stop letting your mind wander to the future and complaining constantly about your life .
Emirates SkyCargo sets a new record by operating the longest ever non - stop freighter flight of 17.5 hours between Sydney and New York .,Emirates SkyCargo sets a new record as it operates the longest cargo flight ever - 17.5 hours between Sydney and New York .
"He is a pervert who gets never - ending enjoyment in sexually harassing others , especially Sakuma .","It is a pervert demon who enjoys sexually harassed other people , especially Sakuma ."
"It came without the Ask.com toolbar , advertising , spyware , and backdoors , as well as all dependencies on LimeWire LLC servers .","Toolbar and all other types of malware , Spyware , Adware , and Backdoors were removed , as well as the dependencies of all LimeWire LLC servers ."
"Similarly , David David discussed the possibility that the entire debate on free will not other than a "" verbal "" question .","Baruch Spinoza , Ethics David Hume discussed the possibility that the entire debate about free will is nothing more than a merely "" verbal "" issue ."
"On 30 July 1897 , the measuring station at Nová Louka recorded a daily precipitation amounting to 345.1 mm ( 13.6 inches ) , still an unbroken European record .","On July 30 , 1897 , the climatological station in Nová Louka registered a daily rainfall of 345.1 mm , which is still a European record today ."
"The champion 's "" regular "" number is placed in reserve while that driver is using number 1 , preventing other drivers from using that number .","The Master 's "" Common "" Start Number will be reserved while using number 1 ."
"She can read a room , a person , a situation - and determine if you are happy , or pregnant , or if you are unfaithful .","She can read a room , a person , a situation - and tell if you 're happy , or pregnant , or having an affair ."
"As a guest , unintentional breach of the table will be forgiven .","As a guest , your accidental infractions at the table will be forgiven ."
"Leibniz rejected it above all to presuppose the existence of the emptiness between the particles , hypothesis that Leibniz could not accept for philosophical reasons .","Leibniz criticized Fatio 's theory for demanding empty space between the particles , which was rejected by him ( Leibniz ) on philosophical grounds ."
"Costume jewelry is usually inexpensive , and comes in lots of ten pieces or more .",Costume jewelry is usually cheap and comes for many ten pieces or more .
"When I first heard about the Panasonic IPL hair removal system I was very interested , but I was a little unsure if it really would work .","When I first heard about the Panasonic IPL Hair Removal System , I was very interested , although I had my doubts about whether it would actually work ."
"In 1955 , he did not support the government of Pierre Mendès France .",In 1954 he went on to occupy the Minister of the Interior in the Government of Pierre Mendès France .
"Were the parents neglectful , overly critical or abusive ?","Was parents neglecting , too critical or abusive ?"
"However , the Conference would not be a true success unless action was taken on all levels to implement its recommendations .","However , the true success of the Conference depends on the measures adopted at all levels to apply its recommendations ."
"However , according to remarks made by analysts at Japanese financial firm Nomura to the Financial Times , they are now concerned that China will become a “ profit drag rather than profit driver . ”","But according to remarks from analysts in the Japanese finance company Nomura to Financial Times , they are now aware that China will be a "" profit - tow instead of a profit driver "" ."
""" This is not a TV studio , Josh "" he 'd yelled indignantly , in an interlude that Taft left in his final cut but that MTV clipped out of most versions it aired .","Turn off those lights , this is a fucking rock concert "") in an interlude that Taft left in his final version , but that MTV would leave out in many of the versions they transmitted ."
""" He is a weak and untruthful slime ball who was , as time has proven , a terrible Director of the FBI .","- He is a weak and lying slimball that was , so the time has shown , a cruel FBI director ."
"Attracting the attention of large soccer clubs in Europe , Isaac played at Manchester United next to John Obi Mikel , but in that club he did not find success .","Attracting attention from several big name football clubs in Europe , he went on trials with Manchester United alongside John Obi Mikel , but found the trials unsuccessful ."
282 held over unrest in France after Algeria win,282 The arrested in France after Algeria win
I could not believe they would risk such a high - profile case just to try to intimidate Members of Congress .,I was amazed that they would risk such a high profiled case just to try to scare the congress members .
"When you get your hands on rare items that are in high demand but you do n’t know how much you should sell it , go to the Auction House .","When you get rare items that are in high demand , but do nt know how much to sell it , go to the auction house ."
"NordVPN does not tolerate the utilization of children photographic , digitally or in any other way .","NovaVPN is intolerant about exploiting children photographically , digitally or in any other way ."
That is not going to happen in my lifetime or my child 's lifetime .,This will hardly happen in my lifetime or in my children 's life .
The black face shone up by a happiness and love that was almost not of this world .,The black face became illumined with happiness and love hardly of this world .
"If the long run demand schedule is elastic ( as in the adjacent diagram ) , market equilibrium will be achieved by quantity changes rather than price changes .","If in the long term , the scheduled demand is elastic ( as in the attached scheme ) , the market balance will be achieved by the amount of alterations in price changes ."
"This tool can be an indispensable helper when considering production technologies and resources , local and environmental conditions and all kinds of preventive measures .","This device can be an invariable assistant when considering production technology and sources , local and ecological circumstances and all type of precautionary features ."
"Communication and body language are without a doubt one of the most in - demand topics when it comes to lectures , courses , workshops and as a topic for consultants .","Communication and body language is undoubtedly one of the most popular topics when it comes to speaking engagements , courses , workshops and as the subject of consultants ."
I am not against aid in general .,I am far from being against intervention in general .
"While the soldiers at the front do not want another peace , knowing that they lose the war , the people at home speak about marching against Paris .","While all the soldiers at the front wish for nothing more than peace , knowing that they are losing the war , civilians back home talk about marching on Paris ."
"If your child becomes uneasy and starts to raise the voice , it is important that you relate to calm .","If your child does get upset and begins to raise her voice , it ’s important that you stay calm ."
"However , The International Guild of Knot Tyers warns that this knot should never be used to join two ropes together .",The Association International Guild of Knot Tirers warns against the knot used to join two ropes together .
"Industrial robot technology is upgradable and new robots are designed to complement human workers , allowing industry to make gradual changes rather than complete factory retooling .","Industrial robot technology is upgradeable and new robots are designed to complement human workers , so that the industry can make gradual changes , instead of completing the factory update ."
"Title III , under the guise of requiring compensation or allowing claims for what the United States considers to be American property , is directly aimed at preventing foreign investment in Cuba .","Title III , with the apparent facade of demanding compensation or allowing claims of what American properties consider , is projected directly against foreign investment in Cuba ."
"Engage in an international master 's degree in "" Social Protection Systems "" , which is taught in English and is without training .","Engage in an International master ’s degree in “ Social Protection Systems ” , which is taught in English and is tuition - free ."
"Occasionally the abbreviation UKP is seen , but this is incorrect .","Occasionally , the abbreviation UKP is used , but this is wrong ."
"As a result , the knife begins to cut badly , in addition to this , due to improper handling , chips appear on its blade .","As a result , the knife begins to cut poorly , in addition to this , because of the wrong handling , cookies appear on the blade ."
"You do not know how , Irene takes time to finish her high school studies .","At the end of season three , Ivy marries Raj shortly after her graduation from high school ."
- B + because of the things that have not been carried out .,""" B plus because of the things that are undone ."
"Notwithstanding , the Bosnian Government accepted the plan while the Serbs rejected it .","However , the Bosnian government accepted the plan , while the Serbs rejected it ."
"With or without reforms , Putin ca n't win","Whether it votes or not , Putin wins"
"But the two generals could not log out on June 15 . After suffering 400 losses in the second battle , the French , the Italians and the Swiss retired .","After suffering 400 casualties in the second battle , the French , Italians , and Swiss retreated ."
"As such , it seems highly unlikely cash usage will ever be eroded completely .",It is therefore very likely that cash consumption will ever be completely reduced .
"To prevent the oxidation of the fat , the sealed packages often contain small pouches of oxygen absorber .","To improve conservation , sealed packages often contain small oxygen absorbing bags ."
"By 26 August , another vote had not taken place , but a new Czechoslovak representative requested the whole issue be removed from the Security Council 's agenda .","On August 26 , another vote was to be made , but a new representative of Czechoslovakia requested that the whole matter be eliminated from the Security Council program ."
"His great moment of fame in the Los Angeles market arrived in the morning fringe presenting the program "" without Fernando Valley "" .","His greatest fame in the Los Angeles market came after he moved in 1969 to the morning drive time slot at KGIL AM 1260 in the "" Sin Fernando Valley "" ."
"The journey to the very source of nature led , finally , to an immanence within nature 's very structure and to a world free of decay and change .","The journey towards the real root of nature carries , finally , to a world free of evil and changes ."
"Mr. HUARAKA ( Namibia ) said that his country , a neighbour of South Africa , had shared the misfortune of having been subjected to apartheid .","Mr. Huaraka ( Namibia ) said that his country shares with South Africa , neighboring country , the sad privilege of having suffered the Yugo del Apartheid ."
"This has been the standard model for the design of tanks from the Great War and since then the terms "" male "" and "" female "" have not been used .","This has become the standard model for tank designs since World War I and since then the terms "" male "" and "" female "" have been disused ."
"By 1974 , inflation , high fuel prices and price controls had led to large losses and lack of investment in electric utilities , which were then under public ownership .","In 1974 , inflation , high prices of fuels and price controls had caused great losses and little investment in electrical public services , which were then state ."
"In an unnamed location , Laura 's body is dumped into a landfill .",Laura 's decapitated body is thrown into a landfill .
"The reality , of course , is that it does not .","But reality , naturally , is different ."
"Þorbjörn , however , wants nothing short of a formal settlement as between equals .","Þorbjör , however , rejects this act of submission and requires at least a formal agreement between people of equal range ."
"According to USDA , the farms have often worn to produce sufficient supply to keep up with the rapid growth in demand , leading to periodic lack of organic products .","According to the USDA , farms have struggled at times to produce sufficient supply to keep up with the rapid growth in demand , leading to periodic shortages of organic products ."
"It is one of the 26 counties of Iowa , which has a name that does not assume any other county in the United States .",It is one of the 26 Iowa counties with a name that is unique across the nation .
"It takes a lot of fortitude to stand up to Pharaoh , and to one ’s own disgruntled family .",Iraq 's population certainly has a deep desire to get rid of his sole ruler and his corrupt family .
"While the meat was still between their teeth and not yet consumed , the Lord ’s anger blazed against the people .","While the meat was still between the teeth of them , before it was chewing finished , the wrath of the Lord fled against the people ."
"The constant deletion and registration of images , switching camera and connecting to computers can cause the card to not work .","The constant deleting and recording of pictures , switching cameras and connecting to computers can cause the card to malfunction ."
"It includes ten cities and towns , and 69 communes , with a total of 147 locations ( also counting those not incorporated ) .","It includes ten cities and towns , and 69 communes , with a total of 147 localities ( counting the unincorporated ones as well ) ."
"The ambush was not observed from the fort , but around noon , men at the fort heard gunfire , beginning with a few shots followed immediately by sustained firing .","At about noon of that day , men in the fort heard shots , starting with a few shots immediately followed by the sustained shot ."
The gun breech itself was also rotated 90 degrees to allow loading from the left rather than from on top .,"The closing mechanism of the barrel bedroom was rotated 90 degrees to allow recharge on the left side , instead of performing on top ."
At the same time this novel gives the grim picture of the hopelessness that Serbian young adults have to deal with .,"At the same time , this novel gives the sinister painting of despair situation with which young Serbian professionals fight ."
"The compound growth of the account will be reduced while the money is in your hands , and there are large penalties if you do not repay the loan .","Your account 's compound growth will be reduced while the money is in your hands , and there are hefty penalties if you fail to repay the loan on schedule ."
"Heroic nudity served for the male viewer and its purpose was to bring visual pleasure to the viewer , who was inextricably male .","The heroic nude was at the service of the man 's point of view and his goal was the viewer 's visual delight , which was eminently masculine ."
"According to the Free Software Foundation , this clause makes the license non - free .","According to the Free Software Foundation , it is a free software license ."
Eun - seo goes to her sister 's room and scolds the girls for doing the séance rather than studying .,Eun - SEO goes to your sister 's room and scold the girls for making the session instead of studying .
10 Do not we all have one father ?,10Don't we all have one father ?
"Trucks will not be allowed to enter the neighborhoods , and we will minimize waste and use a modern , central waste suction system to collect and sort to recycling .","Trucks will be prohibited in the neighborhoods , and we will minimize waste and use a modern , central waste sucking system for collecting and source separation ."
Kosmos 57 was an unmanned Soviet Spacecraft launched on 22 February 1965 .,Mir ( Мир ) was a Soviet space station that was shot up 19 February 1986 .
It did not take long before it became clear that the ship was too small for the task and the need for a larger and more capable ship was necessary to be able to assist PNG&#39;s health program .,It soon became obvious that the vessel was too small for the task set before it and that a larger ship with greater capacity to support PNG ’s health system was needed .
"Álvaro immediately had to fight invaders from the east ( who some authorities believe were actually rebels within the country , either peasants or discontented nobles from rival factions ) called the Jagas .","Immediately , Álvaro had to fight against the invaders of the East ( that some historians believe they were actually rebellious within the country , whether they were peasants or noble discontents of rival factions ) called the Jagas ."
"It would be a pity if the yearning for peace , security , justice and resolution continues to be eschewed and misdirected .","It would be a pity that the realization of the desire for peace , security , justice and solution would continue to be elusive and defined ."
Goldreached a near three - week high after Fed Chairman Ben Bernankehinted that a highly accommodative policy was needed for theforeseeable future .,Gold reached a three - week height after the Fed chairman Ben Bernanke suggested that there was a need for a very welcoming policy in the foreseeable future .
"In addition to the huge domestic market for consumer items , the United States became "" the world 's factory "" , as it was the only major power whose soil had been untouched by the war .","In addition to the immense internal market for consumer objects , the United States became "" the world factory "" , being the only important power whose lands were intact by war ."
"Article 9 , paragraph 5 of the Covenant stipulates that anyone who has been the victim of unlawful arrest or detention shall have an enforceable right to compensation .",Article 9.5 of the Covenant stipulates that any person who has been illegally detained or prey will have the right to obtain reparation .
It is almost not invasive at all ( a simple blood analysis is sufficient ) .,It ’s hardly invasive at all ( a simple blood analysis is sufficient ) .
""" Stay "" is a non - album single by Nick Jonas & the Administration .",« Stay » is a simple Nick Jonas & The Administration .
"Years later on Planet X , she is captured when she and Havok destroy a tachyon dam preventing time travel to their era .","Years later , on planet X , it is captured when she and Havok destroy a damage prey that prevents them from traveling in time to his era ."
"Over the past two years , those measures had prevented the production of about 30,000 tons of coca leaves , or 80 tons of cocaine .","For two years , these measures have been impeded by the production of approximately 30,000 tons of coca leaf , which is equivalent to 80 tons of cocaine ."
You do not have to understand the technical details of support and resistance points for my strategy .,You do nt need to understand the technical details of Support and Resistance points for my strategy .
I know from my own experience that by far not every pharmacy out there deserves your trust .,I know from my own experience that far from every pharmacy out there deserves your trust .
"Regardless of the efforts made by the State , various non - governmental organizations try to promote among the population and relevant authorities a greater awareness of international human rights standards .",Apart from the efforts of the State a number of NGOs are involved in promoting awareness among the public and relevant authorities of international human rights norms .
"When no agreement was achieved on the chord with the creditors , the company was beaten bankrupt .","After failing to find a buyer , the company was liquidated ."
∙ Inequalities and inadequacies in and unequal access to health care and related services,- Disparities and insufficiencies and inequality of access in health care and related services
The concentration of the latter is currently low and it is not easy to distinguish it from natural levels .,The latter is presently low and difficult to distinguish from background levels .
"From 1995 , he became engaged with how a specific rather than generalized user would use and interface with the software .",Since 1995 he became busy with as a generalized user could use and have an interface with a software .
About an hour afterwards she felt unwell and complained to strong headaches .,"As they worked one evening , he complained of a headache ."
"This team tests without success , turning against the moth when they realize that he plans to kill the hostages .","This team proves unsuccessful , turning against the Moth when they realize he plans to kill the hostages ."
"Flanking regions containing CGC sequences were required to untwist the helix ; “ Among top - scoring motifs , we identified TGCGCAAA as the most strongly enriched motif in both vertebrate species , ” they say .","Flanking regions containing CGC sequences were required to dissolve in the helix ; "" Among top - scoring motifs , we identified TGCGCAAA as the strongest enriched motive in both vertebrates species , "" they say ."
"His practice as a portrait painter , which was at first considerable , gradually declined , sitters being unwilling to give him the time that he deemed necessary .","His practice as a portraitist , who was considerable at first , but he was gradually reduced , since the portrayed were reluctant to give him the time he considered necessary ."
Getting views of channels rather than videos is better .,Getting an overview of channels instead of videos is better .
"It would be the last serial of Bob Baker at Dr. Who , who worked on this solo occasion without Dave Martin as in all his previous serials .","This story would be the final Doctor Who serial written by Bob Baker , who worked on it alone , rather than with his usual writing partner Dave Martin ."
"People became passionately and emotionally involved in their religion , rather than passively listening to intellectual discourse in a detached manner .","People became more passionate and emotionally involved with their religion , instead of passively listening to the intellectual discourse indifferently ."
"Although it was incumbent upon the Government to protect children in cases of conflict , the international community was also obligated to take spontaneous and coordinated action when the Government no longer functioned .","While the protection of children in conflict situations is the competence of governments , the international community must react spontaneously and coordinated when that is fully broken ."
"In rare cases , a device may not work as expected after an update .","In rare cases , a unit can stop functioning as expected after an update ."
"Known as uchraspred , these organs supervised appointments to important party posts .","Under the name of the chill spred , these bodies overthrow the appointments of important party items ."
"However , his conclusions were disproven by later researchers , especially by Ferdinand Sommer.[7 ]","However , his conclusions have been refuted by later researchers , especially by Ferdinand Summer . [ 8 ]"
"In Pakistan itself , Islamism derived its strength from state patronage rather than popular support .","In the actual Pakistan , Islamism retrieves its strength from state support more than popular support ."
"Decisions on an issue as important as the structure , composition and functioning of the Security Council can not be taken except by consensus .","Decisions on a matter as important as the structure , composition and functioning of the Security Council can only be taken by consensus ."
"On Trump:“Respect for the God - given dignity of every human being , no matter their race , ethnicity or other circumstances of their birth , is the essence of American patriotism .","About Trump : "" Respect for any man 's divine dignity , regardless of their race , ethnicity or other circumstances of their birth , the essence of American patriotism ."
"Gaines 's Mill and the Union retreat across the Chickahominy was a psychological victory for the Confederacy , signaling that Richmond was out of danger.[18 ]",Gaines ' Mill and Union 's retreat over Chickahominy was a psychological victory for the Confederation and signaled that Richmond was off danger . [ 33 ]
The simplest non - trivial self - complementary graphs are the 4-vertex path graph and the 5-vertex cycle graph .,The simplest autocomplementary grasses are the 4 vertices path and the cycle of 5 vertices .
"The Visconti could not have imagined that their coat of arms would one day be visible in streets all over the world – that is , on the logo of the car brand Alfa Romeo .",The viscontis could hardly have imagined that their coat of arms one day should be visible in streets worldwide - on the logo of the car brand Alfa Romeo .
"( b ) Provide redundant emergency back - up when the main power supply , provided through larger generators , is interrupted .",b ) Provide an extra reserve system for emergencies when the current supply is adjusted that is provided through larger generators .
""" Susana Díaz , elegida secretaria general del PSOE - A sin votos en contra "" .",""" Susana Díaz , elected General Secretary of the PSOE of Seville with 67 percent of votes . """
"Considering that the ad is already extremely uncomfortable , the link to Agora Financial smells of the type of become - rich - fast - hacksterism on the cryptocurrency space right now .","Given that the ad is already obnoxious , the link to Agora Financial smacks of the kind of get - rich - quick hucksterism rampant in the cryptocurrency space right now ."
"A characteristic of this game is that there is no single end , it depends on the association that has Xion with each of the eight characters , which represents a total of eight endings .","A feature of this game is that there is a unique ending involving each of the eight characters that Xion can team up with , making up a total of eight endings ."
"But if you say to them : “ The planet he came from is asteroid B 612 ″ , then they will be completely convinced and will not come up with stupid questions .","But if you said to them : \\”The planet he came from is Asteroid B-612,\\ ” then they would be convinced , and leave you in peace from their questions ."
But no more than 10 to 20 million died .,But I do say only 10 to 20 million killed .
"When a violent event disrupts thatpeace , Ellie embarks on a relentless journey to carry out justice and find closure .","When a violent incident disrupts the peace , Ellie embarks on a daring journey to seek justice and end the story ."
""" How can we explain the current situation without believing that men high up in government agencies collect to disclose us to the disaster ?",""" How can we account for our present situation unless we believe that men high in this government are concerting to deliver us to disaster ?"
"All this can cause older adults to eat less , lose weight and do not get enough nutrients to support the body 's needs .",All of these can cause older adults to eat less and fail to get enough nutrients to support their body 's needs .
"A more sophisticated question is rather : "" If the universe needs a cause , why does n't God need a cause ?","So a more sophisticated questioner might ask : ' If the universe needs a cause , then why doesn ' t God need a cause ?"
"Silver has still not added gold in the dust , although it has matched or has exceeded the gold prestination .","Silver has yet to leave gold in the dust , although it has fully matched or exceeded gold ’s price performance ."
Do you not think the FIRE ALARM went off ? ? ?,They tripped the FIRE ALARM ? ? ? ?
Do n't forget to finish your meal with a cup of dark espresso just as most Italians do .,"Make sure you finish the meal with a cup of dark espresso , just as the locals do ."
"During the course of 1996 , appreciable strengthening of the United States dollar has occurred , beginning in May.",As of May 1996 there has been a remarkable strengthening of the US dollar .
"He believed war was the worst evil , and thought soldiers were no more than murderers .",He believed that the war was the worst of the evils and that the combatants behaved as murderers .
"We believe that using open - source philosophy for our patents will in such a context strength Tesla 's position , do not weaken it .",We believe that applying the open source philosophy to our patents will strengthen rather than diminish Tesla ’s position in this regard.
"We are forever innovating , delivering protection that ’s effective , usable and accessible .","We are always innovative and provide protection that is efficient , useful and accessible ."
"No matter where he is , we will find him . ”","Wherever he is , we find him . »"
"The origin of her code - name is unclear , although there is speculation that she comes from China ( as that is where the episode which she appeared in for the first time took place ) .","The origin of its key name is clear , although it is speculated that it comes from China ( since it is where the episode that appeared for the first time was carried out ) ."
"The consensus states that "" Sanctum is beautifully photographed , and it makes better use of 3-D technology than most , but that does n't make up for its ham - handed script and lifeless cast . ""","Indicates that "" Sanctum is beautifully photographed , and makes a better use of 3-D technology than most of their type movies . """
"An unworldly man , he dedicated himself singlemindedly to his art .","Little worldly man , he resolutely dedicated himself to his art ."
The Madrassahs had only one goal : the production of rootless fanatics in the name of a consolesless Islamic cosmopolitanism .,The madrassahs had only one aim : the production of deracinated fanatics in the name of a bleak Islamic cosmpolitanism .
"It should be added that due to the quantitative invasion of the mental apparatus , the human is inable to respond to it properly .","You have to add , to the quantitative invasion of the mental apparatus , the human disability to respond to it properly ."
"As the head of the Meteorology Department at the California Institute of Technology ( CALTECH ) , Paul had an unprecedented opportunity to work with many leaders in his field .","As a leader on the meteorology department at the California Institute of Technology ( Caltech ) , Paul had a unique opportunity to work with many managers within his fields ."
Was it an invisible part of him - a soul or spirit - who left his body and continued to live somewhere else ?,Did some part of him — a soul or a spirit — leave his body and go to live somewhere else ?
142 The Special Rapporteur recognizes that the attitude of governments is not the same in all those cases and that there may be different nuances .,"The Special Rapporteur recognizes that the attitudes of Governments to such cases must , of necessity , remain nuanced ."
"Mix you into it , even if it is uncomfortable .",Enter ye in until the indignation is passed .
"There are many things that can cause headaches , an unpleasantness that prevents us from enjoying life fully , but fortunately there are natural treatments for headaches that help us fight them effectively .","There are many factors that can cause a headache , a discomfort that prevents us from enjoying life to the fullest , but fortunately , there are natural remedies that will help us to combat them effectively ."
Go on the left side of the road ( when there is no sidewalk ),So make the left turn when able .
"If a player does not coincide with the notes , his performance in the low performance meter .","If a player fails to match the notes , their performance meter drops ."
Great Britain and the United States devised plans to set up air bases regardless of Portugal 's disapproval .,Great Britain and the United States designed plans to install bases despite being against the will of the Lisbon Government .
"Despite its growing popularity , the album did not manage to enter the Billboard 200 list .","Despite his growing celebrity , he failed to chart within the Billboard 200 ."
"At the federal level and the Länder , parallel research procedures are carried out that guarantee the non - interference of police officers or forces under investigation .",There were parallel investigation procedures at federal and Länder levels which were guaranteed to be free from influence by the police officers or forces being investigated .
"Everyone can find cheap flights to Las Vegas from Tokyo , but it does not work vice versa .","Anybody can discover cheap routes to Las Vegas from Tokyo , but it does nt work one other way round ."
"On July 19 , 2014 , Leeds United announced that they had signed Beredi for a two - year contract for a not yet revealed amount , and with an option for a third year .","On 19 July 2014 , Leeds United announced that they had signed Berardi to a two - year deal for an undisclosed fee , with an option of a third year ."
""" Hachimba does not survive antitabaco law . """,""" Vermont Passes Sweeping No - Smoking Law "" ."
"There are currently about 28,000 non - professional judges .","There are nearly 28,000 lay magistrates ."
"Therefore the values of the hexagram not . 2 , done by bending the ☷ triagram , for example , they are land , fire , wood , earth , water , metal .","Thus , for example , the lines of hexagram number 2 , made by doubling the ☷ trigram , are earth , fire , wood , earth , water , and metal ."
"Therefore , the objectives have allowed government departments and non - governmental organizations to concentrate their efforts on common goals .",The goals have thus enabled government departments and NGOs to focus their efforts on common objectives .
Poor kids who do everything right do n’t do better than rich kids who do everything wrong .,Rich children who do everything wrong doing better than poor children who do everything right
"It 's in you too , my dear , and in me , and in every living creature , it 's never so little .","It ’s in you too , my darling girl , and in me , and in every living creature , be it ever so small ."
"We will give you some tricks to keep your dog away from trouble , to disturb people or threaten their own life by not obeying you .","We ’ll give you some tricks for keeping your dog from getting into trouble , disturbing people or endangering his own life …"
"While in no way seeking to answer the specific accusations levelled at my country , I wish simply to put the record straight .","Although in any way I intend to respond to specific accusations aimed at my country , I simply want to put things clear ."
"* Boko Haram regards the Nigerian state as being run by non - believers , even when the country had a Muslim president .","Boko Haram considers the Nigerian state that ruled by misrepresenting , even when the country had a Muslim president ."
The poor are not passive actors .,Others are merely passive spectators .
"The U.S. on the contrary , has allowed market forces to work almost directly to the benefit of the consumers .","The United States , however , let market forces seem closest to the benefit of the consumers ."
"Forms can be created out of nothing , using white space to provide a design structure and clarity .","Shapes can be created out of nowhere , using white space to give a design structure and clarity ."
These reforms included the following details on the legitimate reasons for a woman to request a divorce : if her husband did not provide enough maintenance ( Nafaqah ) .,These reforms included the following specifics regarding legitimate grounds for a woman requesting a divorce : If her husband failed to provide maintenance . ( nafaqah ) If her husband was found to have a dangerous or contagious disease .
Two Lonely Men is an unpublished short story by J.D. Salinger .,Nine stories is a collection of short stories of the American writer J. D. Salinger .
"Since the proclamation , the application of a well - coordinated and effective preparatory process has been carried out without stumbling .","Since the proclamation , we have seen the smooth implementation of a well coordinated and effective preparatory process ."
"On June 18 , 2008 , Westwood signed a three - year contract with the Coventry City for an unbeloved amount .","On 18 June 2008 , Westwood signed a three - year contract with Championship club Coventry City for an undisclosed fee ."
Whether this reflects different attraction of non - believers to scientific or scientifically eroding beliefs - I suspect that both factors work - the figures are prima facie evidence of a scientific - religious conflict .,Whether this reflects differential attraction of nonbelievers to science or science eroding belief – I suspect both factors operate – the figures are prima facie evidence for a science - religion confli .
"When the people behind a business are engaged in the decision - making process , they are more willing to embrace change rather than resist it .","When the people behind a business are engaged in the decision - making process , they are more willing to embrace change than to resist it ."
( A ) All tickets allow shipping in the cabin of an amount of non - checked baggage with a limited number and / or weight and / or size .,"( a ) All Tickets allow for carriage in the cabin of a quantity of Unchecked Baggage , which is limited by number and/or weight and/or dimensions ."
"They decided to maximize their profitability by manufacturing the light bulb to burn at no more than 1,000 hours .",They decided to maximize profitability in the production of the light bulb to burn more than 1000 hours .
"International rules meant that the artificial grass could not be blue , but as a replacement , rather the floor of the lodges lodged as blue , artificial grass - inspired laminate .","International rules disallowed blue artificial turf ; instead , the flooring in the boxes were made in a blue , artificial turf - inspired material ."
It should also be established previously if a crisis situation may or may not degenerate and endanger international peace and security before thinking about starting any peacekeeping operation .,"It was therefore important , before envisaging even the smallest peace - keeping operation , to determine whether a particular crisis situation was likely to degenerate and threaten international peace and security ."
"McGraw does not appear again until near the end of the movie where Dakota saves as she killed her infected husband , Dr. Block .","He reappears near the end , where he saves Dakota by killing her infected husband , Doctor Block ."
"He pointed out that Maciel had been "" guest "" to retire to "" a reserved life of prayer and penance and not to comply with his public ministry . ""","Maciel was ordered "" to conduct a reserved life of prayer and penance , renouncing every public ministry . """
Are cycles a force from which we can not be released ?,Do the cycles are forces of which it is difficult to get rid of ?
"Harry does not know that his future is already determined by the past , on the fateful day he became & quot;the boy who survived&quot ; .","Little does Harry know that his future has already been decided by his past when , on that fateful day , he became ‘ the Boy Who Lived . ’"
"In the Book of Jubilees , uncircumcised Gentiles are called "" sons of Belial "" .","In Judaism , wicked men are considered the children of Belial ."
"The main modification refers to subprogramme 9.5 , least developed countries and island and non - coastal developing countries .","The principal modification concerned subprogramme 9.5 on least developed countries , landlocked and island developing countries ."
Scripture should be without series .,The font needs to be sans serif .
"Apparently he really had perished when the Deus Ex Machina was destroyed , but his disembodied consciousness had evolved beyond the need for a body .","Apparently , he had really perished when the Deus former Machina was destroyed , but his inconscience had evolved beyond the need for a body ."
"Sometimes we fear that if we forgive someone we perceive have made us unfair , our forgiveness will let the "" bad guy "" get away with it .","Sometimes we fear that if we forgive someone we perceive has wronged us , our forgiveness will let the "" bad guy "" get away with it ."
The meat industry fears a lack of Norwegian Christmas seribb,The meat industry fears shortage of Norwegian juleribbe ( Christmas ribs )
"In view of its current economic difficulties , African countries can not be expected to contribute these sums .","African countries , with their present economic difficulties , are hardly expected to provide these amounts ."
"Questions rather than answers fundamentally drive the future … . ""","Questions instead of answers fundamentally run the future .... """
Akron and Dayton never faced each other .,Locke and Isaac Newton influenced each other mutually .
A piece I wrote in a non - fictional writing workshop about Climbing Mount Kilimanjaro ( which I did on our way back to the United States from Athens ) was published in Mademoiselle magazine .,A piece I wrote in a grad school nonfiction writing workshop about climbing Mount Kilimanjaro ( which I did on my way back to the US from Athens ) got published in Mademoiselle magazine .
53 % of 13 year - old girls are unhappy with their bodies .,53 percent of 13-year - old girls are dissatisfied with their body .
"Like new , almost not used .","Like New , hardly used ."
"Do not look for this , because what can only do not fall from it "" .","They show us what to look for because it is missing in themselves . """
States can also take very useful action by adopting measures to ensure that their financial and economic systems can not be used to facilitate operations linked to such illicit activities .,Another aspect in which state action can be very useful is the adoption of measures that prevent their systems and financial and economic agencies from facilitating operations linked to these illicit activities .
Can we sacrifice our ecosystems to safeguard an economic framework that is characterized by lack of mutual logic and on failure to balance ?,Can we sacrifice our ecosystems to safeguard an economic framework marred by internal inconsistencies and imbalances ?
"With the increase of Stalinist repression and especially after the assassination of Sergei Kirov in December 1934 , Gorky was placed under unannounced house arrest in his house near Moscow .","As Stalin 's repression increased , and especially after Sergej Kirov 's death in December 1934 , Gorkij was secretly located in the house arrest in his house in Moscow ."
"However , over the course of history — particularly during periods of armed conflict and colonization — numerous priceless cultural artefacts have been taken by illegal means from their original resting places to locations abroad .","However , in the course of history , and especially during periods of armed conflicts and colonization , numerous invaluable cultural pieces have been illegally transferred from their original places abroad ."
Early rockets were very inaccurate .,The first rockets were very little precise .
This was actually a stratageme for Russian unscrupulous elements in order to attack Nick Fury .,This was actually a ruse by rogue Russian elements in order to strike at Nick Fury .
"None the less , it is important to have some agreed quantitative measures and estimates to provide a common basis for discussion , analysis and policy - making .","However , it is important to be able to have some measures and agreed quantitative estimates that serve as a common base of study , analysis and policy formulation ."
Appropriate attention to institutional development will also be important .,It will also be important to pay due attention to institutional development .
"Significant numbers of the Apalachee , unhappy with the conditions they lived in under the Spanish , simply abandoned their towns and joined Moore 's expedition .","A significant number of Appalachians , dissatisfied with the conditions in which they lived under the domination of the Spaniards , simply abandoned their peoples and joined the expedition of Moore ."
"Make sure to get referrals from friends and family to ensure you may prevent getting sculpted off , which happens frequently .","Be sure to get referrals from friends and family so you can avoid being ripped off , which often happens ."
"They also went on to praise the actors for their portrayal of the Stooges , saying the likeness was uncanny , and perhaps even Oscar - worthy .","He also went on to praise the actors for his representation of the three crabs , saying that the resemblance of them is amazing , and maybe even deserve a worthy Óscar ."
They do not stop representing the center of the ' Tirreni Cava .,They are still considered the centre of Cava de ' Tirreni .
His opponents had not achieved anything other than the people 's contempt .,His adversaries had gained nothing but the contempt of the people .
"No , of National Interests and Principles ’ available at WEB","Principles and Criteria ” , which is available on the WEB"
"While in Europe , Deinotherium giganteum continued , albeit with dwindling numbers , until the middle Pliocene ; the most recent specimen is from Romania .","While as many in Europe , Deinotherium Giganteum continued , although in increasing amounts , until the average plyocene ."
One had previously tried to do something about it without satisfactory result .,"They had tried to do it before , unsuccessfully ."
"Regardless of how you choose to play , you can be assured that the game ’s result is random and fair .","No matter how you choose to play , you can rest assured that the game 's result is random and fair ."
"She denies , knowing that if the young Amy is rescued , she will never have existed .","She refuses , knowing that if the younger Amy is rescued , she will cease to exist ."
"In 1693 the British attacked Martinique again , but without success .",In 1693 the English again unsuccessfully attacked Martinique .
"Furthermore , Nachmanides demonstrated from numerous biblical and talmudic sources that traditional Jewish belief ran contrary to Christiani 's postulates .","In addition , Nahmanides demonstrated from numerous sources in the Bible and Talmud that traditional Jewish faith went in the opposite direction than to Christianis postulates ."
Other access is limited to our physical premises ; the removal of personal data from our location is forbidden .,"Other access is limited to our physical premises , and it is prohibited to remove personal data from our area ."
"18 And also that other places should be appointed for astakes in the regions round about , as they shall be manifested unto my servant Joseph , from time to time .",18 And that elsewhere else is designated for astaver in the areas around as they from time to time become obvious to my servant Joseph .
"Wall vinyls are the rising trend in home decoration ; we at Tenstickers have created an incredible variety of stunning , unique and original wall decals to help you get ahead of the curve !","Wall vinyls are the rising trend in the home decoration ; We at Testickers have created an amazing selection of wonderful , unique and original wall decor to help you get ahead of the basket !"
Most of us do not miss having to run to the bank in the lunch break .,Few of us miss having to run to the bank during our lunch break .
"The third single was "" Bésame without fear "" , the music video of this was shot in Romania .","The third single released was "" Bésame Sin Miedo "" , which had its music video filmed in Romania ."
· Do not have an active PlayStation ® Plus membership at the time the current product is purchased,must have an active PlayStation ® Plus membership at the time when the Applicable Product is purchased
"However , we regret that the report has not been distributed for our exam until today .","However , we regret that the report was circulated for our consideration only today ."
"Subsequently , that instruction was left without effect .",This instruction was subsequently rescinded .
"As a result , Nepal had lost all three matches , two of them indefinitely , while the match against Hong Kong proved to be a steady profit .","Nepal lost all three matches , two of them clearly , while the fight against Hong Kong became steady ."
They are unarmed and are manned by civilian crews .,His men are disarmed and interned by the French soldiers .
"Without there is no objections , I will consider that the Conference agrees on it .",May I take it that the Conference agrees to this ?
Some fans were not happy .,And some fans were happy .
Disbursement of credit must begin without delay if producers are to take advantage of the planting season starting in April - May .,The granting of credits must begin as soon as possible for producers to take advantage of the planting season that begins in April - May .
"You can only watch hulu in the USA , unfortunately !",At this time you can just see Hulu in the United States .
There will be no encouraging results until the international community demonstrates its political will to implement practical and effective mechanisms to execute these functions .,Results would be modest until the international community demonstrated the political will to draw up practical and effective mechanisms to carry out those functions .
"Adult children are extremely loyal , even when they know the loyalty is undeserved .","Adult children are very loyal , even when it is clear that they loyalty is misplaced ."
"( j)any other manned aircraft which has a maximum empty mass , including fuel , of no more than 70 kg .","j ) All other aircraft with a largest empty mass , including fuel , at most 70 kg ."
"Thus , the horse can be trained without strain , until the back is relaxed and the horse is strong enough to carry her rider .","In this manner , the horse can train stress - free until its back is supple and the horse is strong enough to carry its rider ."
"In 1915 the population was incorporated into the so - called Ober - Ost , and both parties were once again joined under a single administration , which did not occur since 1795 .",In 1915 the town was incorporated into the so - called Ober Ost and both parts were once again united into a single administrative entity for the first time since 1795 .
The following links are fundamental : the appropriate preparation of the non - electrolytic nickel choice surface compliance with the operating guidelines .,The following links are critical : Proper surface preparation Choice of electroless nickel Conformance to operating guidelines .
"The Chadians are Muslim , Christians or animists , but coexist without animadversion .","Chadians are Muslims , Christians or animists , but they coexist peacefully ."
"Unhappy with the growing Parthian influence at their doorstep , Roman Emperor Nero sent General Corbulo with a large army to the east in order to restore Roman client kings .","Concerned about the increasing influence of partia at its border , Emperor Nero sent general corbulon with a great army to the east , with the mission of restoring a subjete king of Rome ."
Joining transport supply and demand in an uninterrupted door - to - door transport chain is the aim of consignees and carriers in developed countries .,Uniting the offer and demand for transport in a continuous chain of door to door transport is the purpose of the consignees and porters of developed countries .
"Over the course of the 90 minutes , they spurned several presentable chances that on another day they would have buried .",In 90 minutes they threw away great opportunities that they would score on another day .
"SAN FRANCISCO — As an international coalition of divers continued to rescue a Thai soccer team and their coach from a cave Monday , Tesla CEO Elon Musk was trying to help in his own inimitable way .","San Francisco - as an international coalition of divers continued to save a Thai football team and train from a cave Monday , Tesla CEO Elon Musk tried to help in his own infinite way ."
The very shallow and steep seamount in the middle of nowhere was first studied for possible diamond resources .,The very shallow underwater mountain peak out in the great nothingness was first studied for possible diamond deposits .
[ Read : Signs you ruin your first date unknowingly ],( Thereby ruining your first date . )
"At Eaton , sustainability is not an autonomous program or initiative .","At Eaton , sustainability is nt an autonomous program or initiative ."
"However , about a week later , the Constitutional chamber of the Supreme Court overturned the Electoral chamber 's ruling alleging that the latter did not have jurisdiction for that ruling .","However , one week later , the Constitutional Chamber of the same court rejected the decision of the Electoral Room by ruled that this had worked out of its jurisdiction ."
Fish or other animal products are not necessary .,Fish or other animal products may be necessary .
Often drug detoxification and treatment will occur in a community program that lasts several months and takes place in a residential setting rather than in a medical center .,Often drug detoxification and treatment are carried out in the field of a community program that lasts several months and develops in a residential environment instead of a medical center .
"For those with thicker thighs , a girdle with legs can be more interesting , however , if the weather is too hot , this template can cause uncomfortable .","For those with thicker thighs , a strap with legs may be more interesting , but if the weather is too hot , this model can cause discomfort ."
"Meeting of the Group of Experts in the unstructured sector of the economy ( Bangkok , May 1997 )","Expert group meeting on the informal sector ( Bangkok , May 1997 )"
“ You must judge whether in God ’s eyes it is right to listen to you and not to God .,""" Judge even if it is right in God 's eyes to obey you more than God ! """
"The new residential design was the brainchild of WilkinsonEyre , which won a competition in 2002 to come up with a creative solution to design accommodation that could sit neatly within the three conjoined Victorian gasholders .","The new housing design was Wilkinsoonyres brain child , who won a competition in 2002 to come up with a creative solution for designing accommodation that could sit nicely into the three conjoined Victorian gas holders ."
Do you know what is unfair ? ',Do you know what is wrong ? ”
The electric fork elevator should not be used outdoors to minimize health risks and safety problems .,An electric forklift is specified for use indoors to minimize health and safety risks .
"And third , consumer demand for Internet gambling and the states ' demand for tax revenues creates incredible political pressure to legalize Internet gambling .","Third , consumer demand for internet gambling and the state 's demand for tax revenues will create tremendous political pressure for legalization ."
"The visor , the representative of the Lord of man , presides without by the cases when the Lord himself , or another member of the British royal family is present .","The Lieutenant Governor , the representative of the Lord of Mann , presides except on the occasions when the Lord of Mann or another member of the British Royal Family is present ."
"Bonaparte merely remarked it had been used by "" some "" ( aliquī ) unspecified authors , while many subsequent sources attributed it to Johann Jakob Kaup .","Bonaparte remarked that it had been used by other specified autoretors , while many later sources are attributed to Johann Jakob Kaup ."
The term is usually used in South Korean media to refer to a country which is neither North nor South Korea .,The term is commonly used in South Korean media about countries other than South and North Korea .
Keep percent ... Do n't have 70 % of links to a page with the exact same anchor text !,Hold down the percentage … don’t have 70 % of your links to one page using the same exact anchor text !
Lady Madeline 's disease had for a long time seemed incomprehensively on doctors .,The illness of the lady Madeline had long been beyond the skill of her doctors .
"Maloka ’s early days of experience at Yfm with advertisers makes me wonder : Is commercial radio ’s role in place making inextricably tied to free - market capitalism , which only recognises the monied ?","Maloka 's early experience with YFM with advertisers makes me wonder : is commercial radios role in space and regardless of relatively free capitalism , which only recognizes monied ?"
"They probably know their kids best they too , and know what is best for them without any interference external . ;)",They know their kids better than anyone ( except maybe their twin ) .
""" First innings century "" offer requires 50 overs to be discarded , if not a result has already been determined or innings have reached its natural end ( including innings announced ) .",“ First Innings Century ” offers require 50 overs to be bowled unless a result has already been determined or the innings has reached its natural conclusion ( including innings declared ) .
"Securing improperly can be dangerous , says Senior Advisor in Safe Traffic , Unni Knutli .","Incorrect hedging can be dangerous , says senior adviser in safe traffic , Unni Knutli ."
"Ill and infirm at age fifty - three , King Henry committed suicide by shooting himself with a silver bullet rather than risk a coup and assassination .","King Henry , sick and hesitant , decided to commit suicide by shooting a gold bullet , rather than facing the possibility of a coup d'état ."
Others are so small that all members know each other and undoubtedly recognize and welcome a newcomer .,Others are so small that the members all know each other and will recognize and welcome a newcomer .
"If you do n't want to jump straight into the first pool , then turn off onto the path on the right just before it .","If you are right at the first exit , character to the right is given in good time before driving into the roundabout ."
Ability to recognize and respond appropriately to the need for a nutritant experience ( the lost experience - lack of experience ),Ability to recognize and respond appropriately to a need for a nourishing experience ( the missing experience ) .
"Even if you will never see Chipotle - like returns by investing in index shares , you would rather not see Blockbuster - like ( get it ? )",Although you wo n’t ever see Chipotle - like returns by investing in index stocks you also wo n’t ever see Blockbuster - like ( get it ? ) losses .
Many historians regard Augustus as Rome 's greatest emperor ; His policy undeniably expanded the duration of the kingdom and he initiated the celebrated Pax Romana or Pax Augusta .,Many consider Augustus to be Rome ' 's greatest emperor ; his policies certainly extended the Empire ' 's life span and initiated the celebrated Pax Romana or Pax Augusta .
Either entry into employment ; or,- the insertion in active life ;
"Furthermore , there is little reason to expect that developing countries ' companies can overcome the formidable competition from well - established and well - capitalized insurers operating on their home territory .","On the other hand , there are few reasons to expect companies from developing countries to overcome the formidable competence of well - established and capitalized insurers that operate in their own territory ."
"Regardless if it ’s your first bigger trip or if you are a flying veteran better than the Red Baron himself , it ’s always worth to check if you have all your travel documents .",If it 's your first major flight or if you are an experienced veteran that asks stronger than the red baron it 's always worth checking if you have all resied documentation in order .
The demonstrations in Istanbul were not about the threat of building a new supermarket in Gezi park .,The demonstrations in Istanbul had little with the threat of building a new supermarket in the Gezi Park to do .
"BD : In addition to the men 's resistance to your lecture , unlawful interviews were made in your case ?","BD : In addition to the male opposition to your talk , were there illegal interventions in your case ?"
"commercial carriers Deeply concerned about the unlawful use of commercial carriers for the illicit traffic in narcotic drugs and psychotropic substances and in precursors and essential chemicals ,","Deeply concerned about the illegal use of commercial means of transport for the illicit trafficking of narcotic drugs , psychotropic substances and foreurs and essential chemicals ,"
"Instead of weighing our chances and continues only when we feel hopeless , we focus on our intention and leave it our guide .","Rather than weighing our chances and proceeding only when we feel hopeful , we focus on our intention and let it be our guide ."
"It is almost impossible to believe that someone has lived there , and everything is in perfect condition .",You can hardly believe that someone lives there - everything is in perfect condition !
"After the last compilation in September 2005 , it was decided that the original illustrator , Chitose Maki , would not continue to contribute in the series and it was decided that Namuchi Takumi would replace him .","After the ending of this short compilation in September 2005 , it was decided that the original illustrator , Chitose Maki , would be replaced by Namuchi Takumi for future Strawberry Panic ! projects ."
The series is completely and utterly cheerless .,The series is complete and totally sad .
"No , they 're ON FIRE FOR GOD .","Yes , then is a lit on fire for God ."
Isolation can create insecurity and a sense of unworthiness out of fear of what other people may think .,Isolation can create insecurities and a sense of inferiority out of fear of what other people may think .
"Since 1992 , these countries have managed to increase their external trade in one third , due in part to the increase in prices of non - oil basic products .","Since 1992 , they had managed to increase their foreign trade by a third , owing in part to higher prices for commodities other than petroleum ."
"The plant is able to produce up to 60,000 m² with new structures per week , which gives short lead times regardless of the size of the order .","The facility is capable of producing up to 64,000 m² of new structures per week , allowing short lead times irrespective of order size ."
"We emphasize , however , that the Agreement none the less remains fully consistent with the United Nations Convention on the Law of the Sea .","We emphasize , however , that the agreement remains fully consistent with the United Nations Convention on Sea Right ."
"The redesign was meant to make the app less complicated , when Snap had received complaints from people who said that the design was not intuitive .","The redesign was meant to make the app less complicated , as Snap had been receiving complaints from people saying the design wasn&apos;t intuitive ."
"There is always a solution and a way to enjoy a better life without violence , irrespective of your nationality , gender or age .","There is always a way to have a better life free from violence , regardless of your nationality , gender or age ."
"It is important to confirm the cause , not only because the hormone imbalance affects capillary health , but because it can also prevent the absorption of nutrients .","It ’s important to confirm the cause not only because hormone imbalance effects capillary health , but it can also hinder its absorption of nutrients ."
"So Tom and I had a sleepless night , a dark night of the soul , if you will .","89 : 5 And the night , when Iler ( against his end ) ."
"The results were tragic - no games , no affection , no care , no instruction .","The results were tragic : the games , the affective gestures , the teaching disappeared ."
"However , this same year Iwasawa became sick with pleurisy , and was unable to return to his position at the university until April 1947 .","However , that same year Iwasawa became ill with pleuty , and just manages to return to college in April 1947 ."
The prolonged and bloody fingerprint of the past must be removed to clean and clear space for the morally spotless generation that will now undoubtedly come .,The corrupt and blood - smeared fingerprints of the past must be wiped away to create a clean space for the morally pure generation that is surely about to arrive .
"Only the fact that Schäble describes 1945 as a "" disaster "" - not 1933 or 1939 - is in itself extraordinary .",The mere fact that Schäuble describes 1945—not 1933 or 1939—as a “ catastrophe ” is extraordinary .
Do not know what the battery is for ?,But do you know what the battery is for ?
"In the anime , one of her attack is shown to be enlarging her hand mysteriously and letting loose a devastating "" chop "" on an unsuspecting character who is always left incapacitated afterward .","In the anime , one of its attack is shown as the expansion of the mysterious hand and unleash a devastating "" cut "" to an innocent character who always remains incapacitated later ."
This was the first time that no movement was allowed within the occupied territories themselves .,This has been the first time that circulation has been restricted within the same occupied territories .
The procuring entity will proceed in such a way that the content of the proposals to providers or concurrent contractors is not disclosed .,The procuring entity shall treat proposals in such a manner as to avoid the disclosure of their contents to competing suppliers or contractors .
"I leave you with one thought : in a few hundred years , somebody may unearth our tape recordings on this spot and find us equally ridiculous .",I leave you with a thought : In a few hundred years someone can uncover our tape recording at this place and find us just as ridiculous .
Why is it that so many Christians do not think of their baptismal vows and behave with as much licence as unbelievers who have promised nothing to God ?,"( Room 11 : 8) . "" And finally , "" Why are so many Christians who were once as eager that now turn away from God - fearing and rebuke ?"
"Her delegation believed that , on the contrary , the Special Committee had an important contribution to make in that area .","Instead , its delegation considers that the Special Committee can make an important contribution in this area ."
"During the following months , the expedition explored the southern Pacific Ocean before Cook led "" Resolution "" southward again - "" Adventure "" had withdrawn to South Africa after a disordable quarrel with New Zealand 's native residents .","During the ensuing months , the expedition explored the southern Pacific Ocean before Cook took Resolution south again — Adventure had retired back to South Africa after a fracas with the New Zealand native population ."
The four Americans could have benefited from listening to some 80s Metallica and late 80s early 90s Sepultura and Slayer among others for inspiration and examples of how timeless killer songs should be constructed .,"The four Americans could have benefited from listening a bit to , among other things , 80&#39;s Metallica and late 80&#39;s 90&#39;s Sepultura and Slayer for inspiration and examples of how cracking good songs should be connected ."
A goal was not established by 2020 .,It was a goal by 2020 .
Western strategists sought to put in place governments allied with Western capitalism which would continue the capitalist operations already in place on the continent unabated .,"Western strategists attempted to install governments ally with Western capitalism , which would continue the capitalist operations that were already in operation on the continent ."
Healy 's WRP continued until what he saw as unconstitutional manoeuvres by the Torrance leadership led him to form another new group .,Healy 's WRP continued until he considered that Torrance 's direction was performing ankick maneuvers and formed another new group .
The world must act by 2020 to avoid endless climate change : the UN chief,World must act by 2020 to avoid runaway climate change : UN chief
"“ If you can make them inexpensively , say for $ 1 , then more people will be able to use them more frequently .",""" If you can do them cheap , say for $ 1 , more people will be able to use them more often ."
"On 6 July 1806 , he joined the Confederation of the Rhine in order to prevent Napoleon from annexing the principality .","On July 6 , 1806 he joined the Confederation of the Rhine with the intention of preventing an annexation of the Principality by Napoleon ."
"& quot;My daughter got norovirus when she was 12 months old , and breast milk was the only thing she did not vomit,&quot ; recalls mother of two Maya from Spain .","“ My daughter contracted norovirus when she was 12 months old , and breast milk was the only thing she could keep down , ” remembers Maya , mum of two , Spain ."
These non - synchronized work plans made it difficult to raise two children and make ends meet .,Those out - of - sync work schedules made it difficult to raise two kids and make ends meet .
A platelet function assay will give an abnormal closing time of collagen and adrenaline and in most cases ( but not all ) a normal collagen time .,"A platelet function assay may give an abnormal collagen / epinephrine closure time , and in most cases , a normal collagen / ADP time ."
Children classified as neglected receive few nominations of either type .,Children classified as left aside receive few nominations of both types .
"The essential is invisible to the eye . ""","Man is insecure before the look ... """
"However , Rocker did not share with the Russian the rejection of the theoretical propaganda and his affirmation that only revolutions can achieve a change .","However , Rocker rejected the Russian 's rejection of theoretical propaganda and his claim that only revolutions can bring about change ."
Do you not feel a bit like yourself lately ?,Have you been feeling a little less like yourself lately ?
Thus the need has arisen for a clearer juridical regulation which had not been foreseen at the time of the 1988 Motu Proprio …,"Therefore , there is now a need for clearer legal regulation than was anticipated at the time when the 1988 Motu Proprio was released ."
The sun 's lighting of the earth at an equinox ( without regard to twisting ) .,The Sun only shines on the side of the Earth that is facing it .
“ Economic and social progress will not attain its full significance unless it is accompanied by an effort to democratize international life .,""" Social and economic progress in the world only makes sense if accompanied by democratization efforts of international life ."
"There may be a handful of websites on our list that will have paid upgrades , but they will not limit your capacity in any way .",There may be a handful of sites on our list that will have paid upgrades but they wo nt limit your capacities in any way .
"Therefore , theassessment needs to take into account how users with such attributes couldreasonably be expected to be influenced in making economic decisions .","Therefore , the assessment must take into account how users with such properties can reasonably be expected to be influenced in their financial decisions ."
"In 1998 , Hanna released a solo album under the name Julie Ruin and has since 2010 been active with the band The Julie Ruin ( which must not be confused with the Solo project Julie Ruin ) .","In 1998 , Hanna released a lo - fi solo album under the name Julie Ruin and since 2010 , has been working on a project called the Julie Ruin ."
"He was only 16 - 17 years , but seemed veryconfrontational .","He was only 16 to 17 years old , but seemed very confrontational ."
"At the same time , monetary policy must not in itself contribute to deflationary recessions as this could undermine confidence in the krone .","At the same time , we must avoid that monetary policy itself contributes to downtime with deflation , because it can weaken the confidence in the crown ."
Sleeve is a mediocre combatant and prefers to talk so as not to have to fight .,Manga is a poor fighter preferring to talk his way out of combat .
"Employees can mistake decisions taken by the administration , or they do not respond as expected .",Employees may misread management decisions or react differently than expected .
"To hear that the novel is "" immoral "" has made me count the years between now and 1984 , because I have not yet come over a better example of double thinking .","To hear that the novel is "" immoral "" has made me count the years between now and 1984 , for I have yet to come across a better example of doublethink ."
"By acquiring an international Workforce Management solution , purchasers receive a more simple overview of costs and technical requirements - and no longer need to control local contracts .","By acquiring an international Workforce Management solution , the purchasers are getting a simpler overview of costs and technical requirements – and the need for management of local contracts is eliminated ."
He does not close because the biggest expression for divine love is .,He refuses to say more because the heart of God 's People has become dull .
But what sin is unforgivable ?,Which sins are forgivable ?
"More stories tagged with : { { tag.name | unsafe } } For example , this math teacher created an online course on programming , and he made $ 1 million in under a year .","For example , this matte teacher made an online programming course , and he made $ 1 million in less than one year ."
Much of the song « Plagues » of non - Heroes also originated in the Verge In sessions .,"Much of the song "" Plagues "" from No Heroes also originated from the Verge In sessions ."
"You and Our Lord have done just fine , without my help . »",You are my Lord and my Saviour .
"Regardless of how long the vagina is , the area that is thought to be important for most women ’s sexual response is the outer one - third .","No matter how long the genitals are , the area is considered to be important for most women 's sexual reaction the exterior one - third ."
"However , this opportunity was not taken care of , and the whole world went against my husband .","However , this opportunity failed to materialize and the whole world opposed my husband 's work ."
Prefect has logically spent the last fifteen years to set as an actor without work while stranding on earth .,"Prefect has , logically , spent the last fifteen years posing as an out - of - work actor while stranded on Earth ."
"And sometimes you could find yourself so consumed by your date ’s thoughts of you that by the end of the date , you realize you ’ve learned nothing about them .","And sometimes you can find yourself so concerned about your current thoughts about you that at the end of the date , you realize that you have learned something about them ."
Efforts should not be spared to ensure the broadest possible participation in registration for the purpose of increasing their effectiveness as a confidence - building measure .,"In order to enhance the effectiveness of the Register as a global confidence - building measure , every effort should be made to secure the widest possible participation ."
I feel uneasy that this pregnancy should not end well .,I am still fearful of this pregnancy ending badly .
"From this condition it should be ascended to that of assistant after suffering a test of pedagogical attitude and scientific capacity , if melted does not get the grade of Mestre .","Trainee assistants are promoted to the level of "" assistant "" after testing of their teaching skills and knowledge of their subjects , unless in the meantime they have obtained the degree of mestre ."
"In the same way that the company appreciates and protects its own non - public information , we respect other companies ' non - public information .","Just as Chamroeun values and protects its own nonpublic information , we respect the nonpublic information of other companies ."
"Without these aspects , the meetings and conversations were described as less successful .","Where these aspects were absent , the encounters and conversations were described as less successful ."
"The allegation that the Albanian population in Kosovo and Metohija is "" totally prevented from the social life "" is absolutely untrue .",The accusation that the population of Albanian origin of Kosovo and Metohija has remained on the margin of all social life is absolutely false .
Only every tenth ( 9 percent ) experiences the expertise as inadequate .,"And all of the ten counted , and each counted nine ."
"Burgundy Alliance remained unstained and erratic , but their focus on expanding their possessions into the Netherlands gave them little energy in participating in the war actions in France .","Burgundy 's allegiance remained fickle , but their focus on expanding their domains into the Low Countries left them little energy to intervene in France ."
Unliquidated obligations : projects funded by IFAD loans,Obligations to liquidate : Projects financed
"At first he was imprisoned for six charges , mainly because he had not given them veterinary attention .",Taub was initially convicted on six misdemeanor counts of failure to provide adequate veterinary care .
"This includes financing for programs that support civil society organizations , local non - governmental organizations ( NGO ) capacity building , National Assembly professional development , and local and community - level governance .","This includes financing for programs that support civil society organizations , the development of local capacities ( NGOs ) , the professional development of the National Assembly and local and Community governance ."
"In other words , there are very few people - both smokers and non - smokers - who would like to come back to the fog days with smoky clubs and bars .","In other words , there are very few people – both smokers and nonsmokers – who would like to return to those foggy days of smoke - filled clubs and bars ."
"Therefore , you do not have to waste time and effort getting that information .","Therefore , you do nt have to waste time and effort in getting that information ."
"One of the objectives of that program , which was very successful , was the gradual integration of the unstructured sector in the economy of Kenya and Uganda .",One of the objectives of the programme is the gradual integration of this sector into the economy as a whole in both Kenya and Uganda .
"Many times the States do not have the political will to comply with their JUS COGENS , ERGA OMNES , or customary law .","States frequently lack the political will to conform even with obligations jus cogens , erga omnes , or of customary law ."
"In 2006 , Blair was further criticized for not having called for ceasefire in the Israel - Lebanon conflict in 2006 , and members of his own cabinet criticized Israel open .","In 2006 Blair was criticised for his failure to immediately call for a ceasefire in the 2006 Israel - Lebanon conflict , with members of his cabinet openly criticising Israel ."
"Albania cooperates closely with the international community in order to prevent the extension of the conflict in the former Yugoslavia to other areas , thus contributing significantly to peace and stability .","Albania cooperates closely with the international community to avoid spreading the conflict of the former Yugoslavia to other areas , which provides an important contribution to peace and stability ."
"In 1936 he founded the antecedent of the Legionaries of Christ , although this would not be established until 1941 , with the support of Francisco González Arias , Bishop of Cuernavaca .","Maciel founded the Legion of Christ in 1941 , with the support of Francisco González Arias , Bishop of Cuernavaca ."
Convention on the law of the non - navigational uses of international watercourses ( P.146 ) .,Convention on the right of uses of international water courses for purposes other than navigation ( p.146 ) .
12 In those days you were without Christ .,12At that time you were apart from Christ .
Perhaps I should learn the revisit the lessons I seem to have to relearn over and over again when it comes to living with MS rather than fighting against it .,Maybe I should learn to revise the lessons that I seem to have to relearn again and again when it comes to living with MS instead of fighting it .
"Most of the time it is not necessarily about the Christmas decorations themselves , but the way that they are presented or arranged .","Most times , it is nt necessarily about the Christmas decorations themselves , but they way that they are presented or arranged ."
That unlawful situation remained a serious threat not only to the stability of the region but also to international peace and security .,"This illegal situation remains a serious threat not only for the stability of the region , but also for international peace and security ."
"The nightmare refuses to let up , and the repetitive camera journey underscores this , in this slide show :","The nightmare hurts to end , and the repeating camera ice emphasizes this , in this slideshow :"
The Act on Culture in the Republic of Belarus provides for the creation and equipping of non - school institutions in the places where the citizens of the Republic live .,The Culture Law in the Republic of Belarus foresees the creation and equipment of raw institutions in the residence places of the citizens of the Republic .
João agreed to prevent the molestation of English traders in Portugal and its possessions ; they were allowed to use their own bible and to bury their dead according to Protestant rites even though they were on Catholic soil .,"Juan agrees to avoid disturbing English merchants and their possessions ; They are allowed to use their own Bible and be buried according to Protestant rites , despite being in Catholic lands ."
"Gabe pursues Rhoemer to a plane even though his superior of the agency , Edward Benton , I order him not to do so .",Gabe chases Rhoemer onto an airplane despite his Agency superior Edward Benton refusing him permission .
"John Quincy Adams , an anti - slavery Whig , felt the Texas annexation in 1845 to be "" the heaviest calamity that ever befell myself and my country"".[56 ]","John Quincy Adams , an Antislavery Whiger , believed that the annexation of Texas in 1845 was "" the heaviest accident ever hit myself and my country . "" [ 66 ]"
"( ii ) Unliquidated obligations as at 31 December 1993 amounted to $ 2,199,205 for the current period and $ 2,705,102 for future periods ;","ii ) obligations to liquidate as of December 31 , 1993 amounted to $ 2,199.205 for the current period and at 2,705,102 dollars for future periods ;"
"The gardens have a long history under the Dukes of Northumberland , but fell into disrepair until revived at the turn of the 21st century .","The gardens have a long history under the command of the Dukes of Northumberland , but they fell into a bad state until it revived at the beginning of the 21st century ."
Do you know why no one makes any particular hybrid diesel ?,Then I thought why does n’t someone make a diesel hybrid ?
"Even if a single fibroid is detected by the doctor , it is prudent to consider that there are several others ( source SFICV ) .","Although a single myom is detected by the doctor , it is wise to think that there are several others ( source SFICV ) ."
This could not allow and placed her under the protection of Fiacal Mac Conchinn .,"She fled to Conn , and Conn put her under the protection of Cumhall 's brother - in - law Fiacal mac Conchinn ."
"Zirids then sent an army against them , but two years later , a peace agreement was signed , although the Zirids did not recognize the ḥammādidene before 1018 .","The Zirids sent an army , but two years later a peace was signed , although the Zirid recognized the Hammadid legitimacy only in 1018 ."
The Assistant High Commissioner refers to other issues that have a non - negligible impact on UNHCR programs .,He drew attention to other matters having considerable implications for UNHCR programmes .
Investor and analyst meetings shall not be held in the last three weeks prior to the presentation of results .,Meetings with investors and analysts are sought to be avoided in the last month before the results are published .
And I swear I never make an effort towards standing out !,"1.No , verily , I swear by this city ,"
"I can imagine such a person , when they reach the age , 65 , 70 years , then their lives will not be anything but a constant bother for them .","I can see such a person when they reach an age of 65 or 70 years , their life will be nothing but constant torment ."
It was not usual among the songs of the time to use imitation and Caron seems to have initiated the trend .,"It is unusual among songs of the time in using very close imitation , and it seems to have initiated a trend ."
The people on the mount prostrate themselves in awe before the unseen God .,Now they began the most beautiful crusade against God 's people who kept in the mountains .
"In 1509 , a well known scholar of the age , Erasmus , wrote The Praise of Folly , a work which captured a widely held unease about corruption in the Church .","In 1509 , a well - known scholar of the time , Erasmus , wrote the praise of madness , a work that captured a widespread concern about corruption in the church ."
Who ca n't use Permanent Makeup ?,Who should NOT get permanent Makeup ?
It was at the island of the Cyclops that things really came unstuck .,It was at Cyclopsen 's island that things really went wrong .
"The ICRC estimates , thirdly , that the numerous current procedures for the application of international humanitarian law are not used .","ICRC believed , thirdly , that better use must be made of the many procedures that existed for the implementation of international humanitarian law ."
"Later , Dodd , however , began to consider the possibility of unforderly life and began examining others ' paranormal stories .","Later , however , Dodd began to consider the possibility of extraterrestrial life and began to investigate other people ’s paranormal stories ."
"As the investigation unfolds , DCI Carol Jordan and psychological profiler Tony Hill quickly realise that this is more than just a tragic accident .",The DCI Carol Jordan and Tony Hill realize quickly that this is more than a tragic accident .
Electroboutique contributes tirelessly to social and charitable activities in order to create a more beautiful world .,Electroboutique permanently participates in social and charitable activities to contribute to a beautiful and better world .
One thing to note about the buses is that they are infrequent so they fill up fast .,One thing to note if the buses are that they are rare so they fill quickly .
"' I made haste enough to get it away again , but it must be that which smells so , notwithstanding . '","& quot;I hurried enough to get it out again , but that&#39;s probably what it smells like anyway . »"
"It brings out something that we should talk about later today - your soul 's true , irresistible nature .","It exposes something we ’re going to talk about later today – the true compelling nature of you , of your soul ."
Unliquidated obligations of executing agencies,Obligations to liquidate the executing agencies
"In 1692 , in the Ipswich Colony of Massachusetts , five families with untold power formed a covenant of silence .","In 1692 , in the Ipswich colony in Massachusetts , five mighty families entered into a silence 's covenant ."
"The Anna does not know is that Ben belongs to Secret Service , and he informs the agents Alan Weiss ( Jeremy Piven ) and Cynthia Morales ( Annabella Scierra ) about where Anna is located .","Unknown to Anna , Ben is a Secret Service agent , and he informs agents Alan Weiss ( Jeremy Piven ) and Cynthia Morales ( Annabella Sciorra ) where she can be found ."
"Other common surreal reasons in their paintings are rain , bells or spheres as in their work without title dated July 29 , 1988 .","Another common surreal motif in his paintings was raining bells or spheres as in his Untitled work dated July 29 , 1988 ."
States that do not belong to the region can participate as observers .,States from outside the region may attend as observers .
This means aid is pooled in support of a particular strategy led by a recipient country — a national health plan for example — rather than fragmented into multiple individual projects .,This means help is accumulated to support a certain strategy of a receptor - as a national health plan - instead of fragmented in multiple individual projects .
"Not surprisingly , the more generic categories that "" business "" will give you more results ( 100 + ) than specific categories such as "" scrapbooking "" ( 20 + ) .","Unsurprisingly , more generic categories like “ Business ” get you more results ( 100 + ) than specific categories like “ Scrapbooking ” ( 20 + ) ."
"When Qa'a died , unclear challengers appeared and fought about Egypt 's throne .","When Qa'a died , obscure claimants appeared and battled for the throne of Egypt ."
"This left Sweden without departure to the North Sea , blocking all imports of salt .","This achieved the Danish aim of cutting off Sweden from the North Sea , blocking the all - important salt imports ."
"j. Distribution of photographic material , posters and other visual materials to non - governmental organizations and educational institutions ( SINU / VIE and SINU / GBA ) ;","j. Distribution of photo material , posters and other visual material to NGOs and educational institutions ( UNIS / VIE and UNIS / GVA ) ;"
"The structural , non - oil deficit in 2003 is thus the same as the Government 's proposal in the National Budget for 2003 .","The structural , oil - adjusted deficit in 2003 is thus the same as in the government 's proposal in the national budget 2003 ."
"As a result , the agent did not store well and could only be stored for a limited period .","As a result , the agent was little susceptible to storage and could only be stored for a limited period ."
Army doctrine recommends to shortload the magazine to 28 rounds to prevent failures .,Military doctrine recommends filling the charger with 28 cartridges to avoid failures .
"On November 22 , BuzzFeed News published an article about unsettling videos that depict children in disturbing and abusive situations .","On November 22 , Buzzfeed News published an article about these videos in which children appear in abusive situations ."
"In fact , many of the measures that are being applied are not considered the long - term interests of the United Nations or its very slanderous personnel .","Indeed , many of the measures being implemented failed to take into account the long - term interests of the United Nations or of its much maligned staff ."
"The first men adopted the gods of children , the gods without name of the forest .","During that time , the First Men adopted the gods of the Children of the Forest ."
An important question is : What is driving this disconnect between remembering the intention but forgetting to act on it at the correct time ?,"An important question is : What is it that drives this link between remembering the intention , but forgetting to act on it at the right time ?"
"For example , Hume 's views on personal identity do not appear .","For example , Hume 's opinions have been eliminated on personal identity ."
Certain laws should be considered by all believers to be universal and indispensable to apply right at this time .,Certain laws … should be regarded by all believers as universally and vitally applicable at the present time .
Did not see The Climate Hustle in theaters .,I saw the movie CLIMATE HUSTLE .
"No , but God ’s power plus your choice to obey and keep fighting , always lead to clear and lasting victory .","... God 's power , plus your choice to obey and continue the fight , will always lead to clear and lasting victory ..."
"By maintaining a superior standard , we will ensure that our clients get an unforgettable stay in the city , and fall in love with Barcelona , as we did .","By maintaining the most superior standards , we hope to ensure that our clients enjoy a memorable time during their stay and fall in love with Barcelona like we did ."
"Regardless , as a result of this last marriage , Mary was arrested and tried in Somerset :","Anyway , as a result of this last marriage , Mary was arrested and attempted in Somerset :"
"However , these promises have not yet been fulfilled and the potential that was forecast has not yet been specified .","But that promise still awaits fulfilment , and the potential that was foreseen is yet to be realized ."
d ) The fourth Eucharistic prayer has its own immutable prefection and gives us an overview of the history of salvation .,d ) Eucharistic Prayer IV has an invariable Preface and gives a fuller summary of salvation history .
""" I do n’t believe that what I see in Iran today is a current , grave and urgent danger .",- What I see in Iran today is a serious and urgent danger .
"I swear to you that I have not . ""","1.No , verily , I swear by this city ,"
"Agent G : A man without experience , but highly trained and mortal , graduated being the first in his class of the AMS Academy .","Agent G : Inexperienced but already highly trained and deadly , he graduated top of his class at the AMS academy and is now on his first assignment ."
"She was reluctant , So Smith jumped down from the platform , grabbed her , and began running .","She hesitated , so Smith jumped down from the platform , grabbed her and started running ."
Everything depends on the class ideology as it is defined by a handful of people … It is considered inappropriate to use words like evil and good .,"It all depends upon class ideology , defined by a handful of people . … It is considered awkward to use seriously such words as good and evil ."
"Since Darkfall is a MMORPG without classes , any player is able to practice the improvement of stealth skills such as "" walking crouched "" and following a poaching style .","Since Darkfall is a classless MMORPG , any player is able to practise stealth - enhancing skills such as "" crouch - walking "" and to follow a stealthy play style ."
"Needless to say , I expect mighty things from you .","Too verily I say you , that big things are waiting for you :"
They are also unaware of the true sources of the human decency they hold so high - as we do .,"Moreover , they are ignorant of the true sources of the humane decencies they themselves hold dear — as do we ."
The fourth industrial revolution is not a ...,The fourth industrial revolution is a ...
"To date , the formation of Angolans in mining removal techniques and procedures has been carried out by non - governmental organizations .","To date , the training of Angolans in mine - clearance techniques and procedures has been conducted by international NGOs ."
"The most common presentation of testicular cancer is a hard , painless lump which can be felt on one of the testis .",The most common presentation of testicular cancer is a hard and indolery bulk in one of the testicles .
""" The fact that more than two million North African migrants are settled in Europe is no longer a temporary situation but a permanent one .",""" The fact that more than 2 million North African migrants are established in Europe has ceased to be a temporary situation to become a permanent situation ."
"They talked about many and very , and told Halvor both one and the other , and then he asked if they had never had any children .","They spoke about a good many things , and told Halvor one thing and another till at last he asked them if they ever had had any children ."
"During his exile , Duarte sinked support without success in Colombia and Venezuela .","While gone , Duarte searched for support in Colombia and Venezuela , but was unsuccessful ."
"- Where Germany can help , we will help , because Germany does not go well if not Europe goes well .","Where Germany can help , Germany will help , because Germany can only do well if Europe is doing well . ”"
They caught him with nothing on him because he was nt being serious about it .,"They were attracted to him , even though he took their sins seriously ."
In his opening statement to Parliament in Brussels pushed Draghi to his concerns that ECB 's quantitative relief program will be hampered by lack of bonds that can be purchased .,"In his opening statement to the parliament in Brussels , Draghi pushed aside concerns that the ECB ’s quantitative - easing plan will be hampered by a shortage of bonds available to buy ."
"His father originally called Paolo Rapagnetta ( his single mother surnamed ) but at the age of 13 he was adopted by a rich uncle without children , Antonio d'Annunzio , who would take his surname .","His father had originally been born plain Rapagnetta ( the name of his single mother ) , but at the age of 13 had been adopted by a childless rich uncle Antonio D'Annunzio ."
"A French armoured division ( 1st DCR ) was sent to block him but advancing unexpectedly fast he surprised it while refuelling on the 15th and dispersed it , despite some losses caused by the heavy French tanks .","DCR ) was sent to block the German thrust , but the rapid German promotion was surprised the French armor division during fuel pitch on 15 May and split it , despite some losses from the powerful French tanks ."
"The earliest gardens were composed of planting beds divided into squares by earthen walls , so the water could soak into the soil rather than run off .","The first orchards consisted of seeders of sowing divided into rectangles by walls of land , so that the water remained stagnant and soaked the ground ."
"The overall picture of lacklustre growth is built up from a highly divergent pattern of performance among the major economies , which are at different phases of their business cycles .","The general landscape of slow growth outgoing differences between the main economies , which are in phases other than their economic cycle ."
"By 2015 , the new RC213V - RS replace the low - power RCV1000R , adopting pneumatically operated valves but without the seamless gearbox .","For 2015 the new RC213V - RS replaced the RCV1000R , adopting the pneumatic operated valves but still lacking the seamless shift gearbox ."
"18 And also that other places should be appointed for stakes in the regions round about , as they shall be manifested unto My servant Joseph , from time to time .",And that elsewhere else is designated for spells in the areas around as they from time to time become obvious to my servant Joseph .
""" Is n't that the legendary sword ... """,“ Is that the legendary heavy sword ?
"The cross was knocked crooked in the 17th century when the crown was damaged , possibly by the top of the iron chest housing the insignia being hastily closed without the crown having been placed in it properly .","The Cross of the Crown was twisted during the seventeenth century , it probably could be damaged at the time of closing the iron chest where it was guarded to be poorly placed inside ."
"According to Leonid Vassin , an official in the Soviet Union 's Interior Ministry , Kim was simply "" created from nothing "" .","According to Leonid Vassin , an officer with the Soviet MVD , Kim was essentially "" created from zero "" ."
"If you think they speak true and not I , you can look into my mouth yourself . »","If you think they speak the truth , look at my mouth yourself . """
"& quot;At this time , it is difficult for under - screen cameras to achieve the same results as normal cameras , one can not avoid any loss of optical quality .","“ At this stage , it 's difficult for under - display cameras to match the same results as normal cameras , there 's bound to be some loss in optical quality ."
( c ) Monitoring of the no - fly zone and operation of Sarajevo airport ;,c ) supervision of the flight ban area and the operation of the Sarajevo airport ;
They were widely distributed among the means of information and non - governmental organizations different press releases and other information .,Press releases and other information on the World Conference were widely distributed to the news media and NGOs .
"Ce pointed out that public opinion dared to be divided on the question of imperial power , and that civil unrest could therefore feared if it were restored .",CE pointed out that the Folkeningen turdde be shared in the question of the emperor power and that inner distinctions could therefore be feared if it was restored .
"The non - zero codeword with the smallest weight has then the minimum distance to the zero codeword , and hence determines the minimum distance of the code .","The codeword other than zero with the smallest weight then has the minimum distance for the code word zero , and therefore determines the minimum distance of the code ."
Charlie does not agree and wishes to go with Desmond .,Charlie immediately declines and wants to go with Desmond .
It does not appear in the version of SEGA Genesis .,It was completely removed from the Sega Genesis version .
"Moreaus fame as General stands high , although he did not reach Napoléon Bonapartes level .","Moreau 's fame as a general stands very high , though he was far from possessing Napoleon 's gifts ."
"The United Nations trust fund , which has been used for the same purpose , is now almost depleted .","The resources of the United Nations Trust Fund , which have been used for that same purpose , practically have already been exhausted ."
"Uniquely among CANDU stations , Douglas Point had an oil - filled window with a view of the east reactor face , even when the reactor was operating .","As a unique feature between the Candu reactors , Douglas Point has a window filled with oil that allows direct observation of the east side of the reactor , even during its functioning at full power ."
"In the previous last line of paragraph 3 , after the words "" no state "" , the phrase "" nor to threaten the territorial integrity of sovereign states "" should be inserted .","In paragraph 3 , the phrase "" or threaten the territorial integrity of any sovereign State "" should be inserted in the penultimate line after the words "" any State "" ."
O thou bleak and unbearable World !,"O , Wasting , ferry life !"
"His friends said they had never seen her so happy . Jean Webster entered the Sloan hospital for women , in New York , on the afternoon of June 10 , 1916 .","Jean Webster entered the Sloan Hospital for Women , New York on the afternoon of June 10 , 1916 ."
"She said , “ Do n’t let them see you crying .",She just thinks & quot;DO NOT let them see you cry.&quot ;
Ravens was the last NFL team that had not participated in the fight .,The Raiders were the last NFL team he played for .
"They did not get it and in 2009 , Betty Coumbias developed cancer and died while George continued to live with his heart disease until his death in 2016 .","In 2009 , Betty Coumbias developed cancer and died , while George continued to live with his heart condition ."
How many festive dinners and magnificent official receptions were not provided !,How many festive luncheons and magnificent official receptions were given !
Service conditions and remuneration of officials that are not part of the staff of the Secretariat ( A / C.5 / 50/18 ; A / 50/7 / Add.11 ),Conditions of service and compensation for officials other than Secretariat officials ( A / C.5/50/18 ; A/50/7 / Add.11 )
They lamented that the Bosnian Serbs would not have accepted that proposal .,They deplored the failure of the Bosnian Serb party to accept this proposal .
"Eddie 's mother dies from complications during his birth and as a result his father is cold and unaffectionate towards him , and his sister and uncle died from cancer .","Eddie 's mother dies of complications during her birth and as a result , her father passes cold and little affectionate towards him ."
"Old Backstreet Boys and NSync Manager , Lou Pearlman appears on a cameo without proven at the end of the movie .","Former Backstreet Boys and NSYNC manager , Lou Pearlman appears in an uncredited cameo at the end of the film ."
"Brut y Tywysogion has survived as several Welsh translations of an original Latin version , which has not itself survived .",Brut and Tywysogion have survived from several Welsh translations of an original version in Latin missing .
It is not beyond the international community to set standards to achieve both repayment of debt and an easing of the burden of such repayment .,The international community has the means to fix standards in order to achieve the payment of debt and relief of the burden of that payment .
"After saving Mark Petrie del Vampire , his faith fails and does not depend on his cross that he soon loses his powers .","After saving Mark Petrie from the vampire , his faith fails and he is dependent on his crucifix which soon loses its powers ."
"The failure of it caused Ibarra to arrest Cullen and deliver it to Roses , who made him shoot without more procedure .","This failed when Ibarra arrested Cullen and give him to Rosas , who had him shot outright ."
"The facts and acts that give rise to violations of economic , social and cultural rights can be of any kind ; They are not previously defined or necessarily recognized .","The events and acts that lead to the violations of economic , social and cultural rights can be of any kind ."
"While "" emperor "" may seem implied as he was without a doubt the most famous Julius Caesar , Pliny the elders clear it up for us .","While “ Emperor ” might seem implied as he was arguably the best known Julius Caesar , Pliny the Elder clears it up for us ."
It must be remembered that prolonged use of the drug is dangerous for the development of unwanted events .,It should be borne in mind that prolonged use of the drug is dangerous for the development of adverse events .
"After one fruitless day , they find an abandoned traveling carnival behind a school ; the grounds are filled with walkers of many military soldiers still equipped with their guns .","After an unsuccessful day , they find an abandoned carnival behind a school ; The lands are full of walkers from many military soldiers still equipped with their weapons ."
"The linguist Joseph Greenberg included Mayan in his highly controversial Amerind hypothesis , which is rejected by most historical linguists as unsupported by available evidence .","Linguistic Joseph Greenberg included Mayan in its highly controversial hypothesis about Amerindian languages , which has been rejected by most historical linguists ."
"When the idea of political Zionism was introduced by Theodor Herzl , his idea was that Israel would be a secular state not influenced at all by religion .","When the idea of political Zionism was introduced by Theodor Herzl , his idea was that Israel would be a secular state ."
"However , he is sent back into action to track down the elusive arms dealer Owen Davian ( Philip Seymour Hoffman ) .","However , it is sent back to the action to locate the Owen Davian Arms Trader Trafficker ( Philip Seymour Hoffman ) ."
"There was never a trial that succeeded in this sense , but its existence led many groups to close , limit their activities or to self - censorship .",The law 's existence caused many groups to close or limit their activities or self - censor .
"In case you do not do so , measures will be adopted by decision of the courts .","In case of failure to do so , action will be taken by court decision ."
"Independent artists can for the first time access the same distribution channels as the most important record companies , no restrictive practices or exaggerated manufacturing costs .","Indie artists may access the same distribution channels as major record labels , with potentially fewer restrictions and manufacturing costs ."
"That same year , he starred and debuted as a film director in the movie La señal ( The Signal ) , a project Eduardo Magnogna left unfinished after his death .","The same year , he starred and made his debut as director with the sign , continuing the project left half by Eduardo Mignogna after his death ."
"With the treasury depleted , Báez printed eighteen million uninsured pesos , purchasing the 1857 tobacco crop with this currency and exporting it for hard cash at immense profit to himself and his followers .","With the exhausted national treasure , Báez printed eighteen millions of pesos for the purchase of the Tobacco harvest of 1857 with this coin and exploring it for cash for the benefit of itself and its followers ."
Is it not possible to lift it a little with a few simple grips ? »,Could you reject just a little bit softer ? ”
"He will have sufficient food , and he must not die .",Give him food lest he perish .
"Tom and Huck seems "" bad "" because they do not adhere to the elders , skip school and play tricks on people ; But their hearts are in the right place .","Tom and Huck seem “ bad ” because they disobey their elders , skip school , and play tricks on people ; however , their hearts are in the right place ."
He believes the driving forces we have seen in the past 10 - 20 years will not be repeated ?,Will the driving forces we have seen in the last 10 - 20 years be repeated ?
"Although he has no usual proper name , this star has been called Bered , term coming from Hebrew בָּרָָ Baraden , whose meaning is "" storm "" .","Sometimes , this star is called by the name Bered , derived the Hebrew word בָּרָד barad , meaning "" storm "" ."
"Obviously , they were not satisfied with the translations of Hebrew into these salves , as they wanted one that was closer to the original .",Evidently they were dissatisfied with the translations from Hebrew in these several psalters and wished for some that were closer to the original .
"Honestly , this is unbelievable , all I have to say is WOW .","Honestly , it 's amazing , all I can say is wow ."
Doctors Appreciate the British Government 's lack of answers to their letter with a reduction on medical supervision for Julian Assange,Doctors condemn failure of British government to answer letter demanding medical care for Julian Assange
"He says his books are not channelled , but rather that they are inspired by God and that they can help a person relate to God from a modern perspective .",They are inspired by God and can help a person to relate to God from a modern perspective .
"And last but by no means least , dark chocolate .",And last but not least dark chocolate .
A false positive result of tuberculin can be given by infection of non - tuberculous mycobacteria or pre - vaccination with the BCG vaccine .,A false positive result may be caused by nontuberculous mycobacteria or previous administration of BCG vaccine .
4 ways to overcome any fear in your life ( not something so little ),RELATED : 4 Ways To Overcome ANY Fear In Your Life ( No Matter How Small )
Can I do nothing to get an immortal soul ?,Is there anything I can do to win an immortal soul ?
"Meaning and words arose by the corresponding power movement , therefore they are inseparable one !","Meaning and word arose out of the corresponding movement of forces , therefore they are inseparably one !"
"Although saying “ rape fantasy ” sounds somewhat unthinkable , that ’s exactly what most women call it .","- Although "" rape imagination "" may seem misleading , it 's exactly what most women call it ."
"& quot;For I knew that thou wast unfaithful , and had been called a transgressor of the womb&quot ; ( v.",""" I knew that thou wouldest deal very treacherously , and wast called a transgressor from the womb . """
( a ) Seventy - five per cent of the deceased 's pension for a surviving spouse without children or ascendants ;,"a ) 75 % of the amount of pension of the causant for the spouse , unique beneficiary ;"
"Also remember that if something makes you unhappy , you have the power to change it - whether it is at work , in love life or whatever it may be .","Also , remember if something is making you miserable , you do have the power to change it — in work or love or whatever it may be ."
"57 Therefore , draft article 21 does not determine or adequately solve the question of the "" State concerned "" in any particular case .","Draft article 21 thus fails adequately to identify and address the concerns of the "" interested State "" in any particular case ."
"We keep our motto ; Arval does n't just give you what you 've asked for , but what you 've always wanted you .","We stand by our motto : Not only does Arval give you what you ’ve asked for , but it gives you what you ’ve always wanted ."
No matter what your age or capability ...,Whatever your age or ability ..
The perpetrator who caused death and suffering last summer bears alone all the blame for the violence and pain he applied caseless fellow human beings .,The perpetrator who caused the death and suffering last summer bears sole responsibility for the violence and the pain that he inflicted on all hose innocent human beings .
"By using BankAxept , the money is charged from the cardholder 's account immediately , and it is always verified whether or not there is money on the account .","When using BankAxept , the money is printed immediately from the Cardholder 's account and always implemented the control of the account ."
"And it has been on stage for a long time , so most games should be able to run on without problems .","And it has been on the scene for a long time , so most games should be able to run smoothly ."
Similar findings were observed for both firearmen - related and non - fire - related suicides .,Similar findings were observed for both firearm - related and nonfirearm - related suicides .
"In addition , kind acts enable us to understand that people have a much greater chance of survival if we support one another in a group rather than living in solitude .","In addition to it , good actions make us able to understand that people have a much greater chance to survive if we support each other in a group instead of living in solitude ."
"Dušan the Mighty did not harm their family , Maria took monastic vows as Marta , and in 1348 , Simeon became a governor of the southern provinces of the Serbian Empire .","Maria took the monastic vows as Marta , and in 1348 , Simeon became a governor of the southern provinces of the Serbian Empire ."
"If x and y are not independent , we have that","If X and Y are independent , we have"
"However , the results of this process are not known .","The results of that process , however , were yet to be seen ."
"The plan should regulate world trade with giraffe parts , including hides , bone cuts and meat , while it does not stop too full ban .","The plan would regulate world trade in giraffe parts , including hides , bone carvings and meat , while stopping short of a full ban ."
"Second , our Lord says , & quot;He that believeth and is baptized shall be saved ; but he that believeth not shall be damned.&quot ;",Our Lord and Savior has said : He that believes and is baptized shall be saved ...
"Either that , or she was deaf .","It , or she was deaf ."
"e ) Participation : Measures taken to promote the participation of the private sector , non - governmental organizations , community - based organizations , women and other important groups in the housing sector ;","( e ) Participation : the different measures taken to promote the involvement of the private sector , NGOs , CBOs , women and other major groups in the shelter sector ;"
"Regardless of which angina treatment you choose , your doctor will recommend that you make healthy lifestyle changes .","No matter which angina treatment you choose , the doctor will recommend that you make lifestyle changes ."
The vast majority as an author or communicating information - and consequently also those who receive it - are not aware of the increasingly intense light that enables personal and planetary ascension .,Most who originate or pass on information — and consequently their recipients — aren’t aware of the ever - intensifying light that is enabling personal and planetary ascension .
"But until the last end , Paul and Kris received some unforgettable moments .","And even in their final months together , Paul and Kris had some memorable moments ."
At the end of 1996 the unpaid amount was 116 per cent of 1996 peacekeeping assessments .,"At the end of 1996 , the sum pending sum represented 116 % of the pro - rated fees of peacekeeping operations for 1996 ."
"The Forum , attended by more than 1,000 participants from more than 100 countries , constituted the first meeting of this type of non - governmental organizations dedicated to family issues .","Attended by more than 1,000 participants from over 100 countries , the Forum was the first such gathering of NGOs working on family issues ."
"Finally , it is the moral authority that you learned to exercise throughout this conference , which contributed to creating trust without which the agreement between such diverse countries would not have been possible .",And it was the moral authority you exerted throughout this Conference that created the confidence that made it possible to bring together such diverse countries .
"His stern countenance and iron - handed discipline were renowned ; he was said to disapprove of soldiers cheering as "" too nearly an expression of opinion . ""","Wellington 's strict mine and iron - hard discipline was famous ; It was said that he disliked soldiers who shouted as "" too closely an expression of their own opinion . »"
It aims to be the copy of the Hogwarts Library of the Not Fictitious Book of the same name mentioned in several novels of the Harry Potter series .,It purports to be the Hogwarts library 's copy of the non - fiction book of the same name mentioned in several novels of the Harry Potter series .
"Roxtec only buys from suppliers confirming that they are "" DRC conflictless "" .",Roxtec only sources from suppliers confirming they are “ DRC conflict free ” .
"He procured the "" secret file "" given to the judges in 1894 and was astonished by the lack of evidence against Dreyfus , and became convinced of his innocence .","He resorted to the "" secret file "" delivered to the judges in 1894 , and before his emptying , acquired the certainty of Dreyfus 's innocence ."
The idea of stepping into Dakara was unthinkable to the free Jaffa .,The same idea of walking by Dakara was amazing for free Jaffa .
"The facility where she received the procedure , Cooper Digestive Health Institute , refused to comment on specifications of this event , with reference to the patient 's privacy legislation .","The facility where she received the procedure , the Cooper Digestive Health Institute , declined to comment on specifics of this incident , citing patient privacy laws ."
"On the day of the tournament , Homer threatens Bart to win , no matter what .","On the day of the competition , Homer tells Bart that he has to win whatever happens ."
"Like other areas of the urbanized city before the end of the 19th century on higher land than the dikes of New Orleans , the French Quarter was barely flooded after Hurricane Katrina .","As with other parts of the city developed before the late 19th century , and on higher land predating New Orleans ' levee systems , the French Quarter remained substantially dry following Hurricane Katrina ."
"I need to change some data of my confirmed reservation , no flights , accessories , etc ... how can I do ?","I need to change some details on my confirmed booking , flight nº , extras etc . , how do I do it ?"
"“ Notwithstanding these short - term challenges , the board believes that the company is well positioned in its markets and the opportunities for its existing products and those coming from its pipeline are strong .",""" Despite these short - term challenges , the Board believes that the company is well positioned in its markets and the opportunities for existing products and those who come in the future are strong ."
Your most unhappy customers are your biggest source of learning .,Your most dissatisfied customers are your greatest source of learning .
"L ight and simple structures and small earthworks for which it is possible to ensure that the minimum requirements will be satisfied by experience and qualitative geotechnical investigations , with negligible risk ;",Light and simple constructions and small earthworks where it is possible to ensure that the minimum requirements will be met on the basis of experience and qualitative geotechnical investigations with minimal risk .
"In this case , the Race Relations Conciliator had been given a wider jurisdiction to inquire into or make statements about race matters that did not fall within the Conciliator 's unlawful discrimination jurisdiction .",The conciliator had received more faculties to investigate or pronounce on racial affairs that were outside their competence in relation to illegal acts of discrimination .
And I wo n’t have to keep coming here to get water . ”,So I let go here to pick up water . »
This text uses unduly harsh language that can only polarize and divide .,This text uses a language too hard that can only polar and divide .
"No problem , look at the words that people already use to find you as a baseline , and grow the list from these words .","Look at the words that people are already using to find you as a baseline , and grow your list from these words ."
"Faith is like a seed , it must to be planted in good soil and nurtured to be strong and usable .","Faith is like a seed , it must be planted in good soil and nourished it to be strong and useful ."
"Once the 27 nominees have been endorsed , Parliament as a whole votes whether or not to approve the entire team .","When the 27 candidates have been approved , parliament , as a whole , votes , whether the entire commission can be approved ."
Art is a tool for exploring and expressing our hidden treasures and getting aware of unconscious items that can be useful on our development path .,Art is a vehicle to explore and express our hidden treasures and become aware of subconscious elements that may be useful on our evolutionary path .
Total no . of air - craft - months,Total number of months - aircraft
"The second accident , which happened in Satara , India , in 1956 , leaving Baba with such a bad broken hip that doctors doubted that he would never go again .","The second accident , which was in Satara , India in 1956 , left Baba with such a badly crushed hip that doctors doubted he would ever walk again ."
"But the boy is also aware of what his father expects of him , and he knows that he will be disciplined if he does not behave properly .","But the boy is also aware of what his father requires of him , and he knows that his father will discipline him if he misbehaves ."
“ So revisiting this body of work now – more than 30 years later – feels like inspiration rather than obligation .,""" So to rediscover this work now - more than 30 years later - feels like inspiration rather than commitment ."
"Four soldiers climbed the bus and began , without another form of process , hitting Alexandre de Souza who claimed that he was a policeman and intended to show his documentation .",Four soldiers got on to the bus and immediately started to beat up Alexandre de Souza who shouted that he was a police officer and that he would show them his identity documents .
"In Simin they have devoted and burned the houses of several Serbian families and , according to the reports , the local police did not do much .","In Simin Han , the houses of several Serb families have been robbed and burned and the local police reportedly did little to stop this ."
unwillingness to be at the center of attention ;,The desire to be constant in the center of attention ;
"2.16 You are free ; just do not use freedom as a pretext to do evil , use it as servants of God .",""" 16.6 "" : And there is beauty in them for you when you drive them back ( to home ) , and when you send them forth ( to pasture ) ."
She represented the unfaithfulness and slavery of the ten tribes of the House of Israel ( chapter 3 ) .,She represented the infidelity and slavery of the ten tribes in Israel 's seed ( chapter3 ) .
"Not long after that , Sweden and Norway established their own archbishoprics , free of Danish control .","Shortly after , Sweden and Norway formed their own archbishies outside the Danish control ."
"The Colloquy at Poissy ( September and October 1561 ) between theologians of the two confessions was fruitless , and the conciliation policy of Catherine de ' Medici was defeated .","The Poissy Conference , between September and October , between Catholic and Protestant theologians , was unsuccessful and Catalina 's reconciliation policy of Médici failed ."
"The Urubamba is divided into Upper Urubamba and Lower Urubamba , the dividing feature being the Pongo de Mainique , an infamous whitewater canyon .","Urubamba is divided into the upper Urubamba and the lower Urubamba , which is separated by the narrow river beller Pongo de Mainique ."
"With the Support Denhenrietta Gulliver and the members of the Women 's Art Club , Rix Nicholas began to resume his career as a professional artist . It did not take long to get it .","There , with the encouragement of artist Henrietta Gulliver and the members of the city 's Women 's Art Club , Rix Nicholas began to reconstruct her career as a professional artist ."
"She did not mention terrorism . Boxer co - sponsored the Law Matthew Shepard , which expanded the federal definition of hatred crimes to include crimes based on sexual orientation and the victim 's gender identity .","Boxer co - sponsored the Matthew Shepard Act , which expanded the federal definition of hate crimes to include crimes based on the victim 's sexual orientation and gender identity ."
You will never feel lonely if you like your own company .,You wo n’t ever feel lonely if you enjoy your own company .
This can come by that karate was probably developed by people who were not allowed to carry weapons .,Karate was probably developed by people who were forbidden to carry weapons .
"However , such actions , on the part of Iraq , have , on the contrary , made the Commission 's and Iraq 's task much more difficult and have delayed its completion .","However , this proceeding from Iraq made the work of the Commission and Iraq much more difficult and has delayed its completion ."
The late 1980s house music raves such as Sunrise UK spawned the idea of holding huge parties rather than hosting more intimate parties at small clubs .,"The House Music Raves at the end of the 80 's , such as Sunrise UK , originated the idea of preferring massive parties before most intimate parties in small clubs ."
We have all seen a good lob shot done where the golf ball comes quickly and high in the air so land never so slowly on green & quot;like a butterfly with sore feet !,We ’ve all seen a good lob shot executed where the golf ball pops quickly and high into the air then lands ever so softly on the green … like a butterfly with sore feet !
You are at : Flights » News » 5 most unbelievable airport horror stories,You are at : Flights » News » The 5 most incredible airport stories
"The commander engages in urban warfare to control local power stations , preventing Yuri from powering his nuclear silo while powering the Allied superweapon instead .","The commander gets involved in an urban war to control local energy stations , avoiding Yuri from feeding his nuclear silo while in his place activates the Allied Super - Weapon ."
"How often does not hurt the happiness of preparation , foolish preparations !","How often is happiness destroyed by preparation , foolish preparation !"
"If they had n't come , they would have died long before .","Having existed , he could very much died early ."
"The unpaid pledged contribution for future years for the Foundation amounted to $ 1,638,454 ( schedule 1.1 ) .","Contributions to the Payment Pending Foundation for future years added 1,638,454 dollars ( Table 1.1 ) ."
"As well as enabling unprecedented design freedom , additive manufacturing also makes it possible to produce lightweight components .","In addition to enabling outstanding design freedom , additive production makes it possible to produce lightweight components ."
"Hobbes wrote that civil war and the brute situation of a state of nature ( "" the war of all against all "" ) could only be avoided by strong , undivided government .","Hobbes wrote that chaos and civil war , situations that were common under the natural state could only be avoided by a strong and centralized board ."
"When the sun gets up in the morning , we do n't have to wait for it to get warm and brilliant .","When the sun rises in the morning , do we have to wait for it to shine for it to be warm and brilliant ?"
"The Russian Federation 's continued rejection of the conclusions of such international organizations undermined the effectiveness and authority of their human rights mechanisms , contrary to the "" spirit of Vienna "" .","Permanent rejection by the Russian Federation of the conclusions of these intergovernmental agencies undermines the effectiveness and authority of its human rights mechanisms , which contradicts the "" spirit of Vienna "" ."
Do not you want to stop ?,Can you stop ?
"- When most people think of autonomous driving , they have a very impersonal notion of the future , where people no longer have control over the machines .","When most people think about autonomous driving , they have a very impersonal vision of the future , where humans relinquish control to the machines ."
"Every thing ( mirror glass , for example ) was endless things , because I saw them clearly from all points of the universe .","Each thing ( a mirror ’s face , let us say ) was infinite things , since I distinctly saw it from every angle of the universe ”"
"Though feathers have been found in only a few locations , it is possible that non - avian dinosaurs elsewhere in the world were also feathered .","Even though traces of feathers have been found only in Yixian formation and a few other sites , it is likely that dinosaurs in other parts of the world have also been covered by feathers ."
"Is there anything that is impossible for the Lord ? » """,Is the Lord being ungrateful ? ’
"At age eighteen , he saw a show by illusionist James Randi , and became enamored of his approach to magic that openly acknowledged deception as entertainment rather than a mysterious supernatural power .","At eighteen , he saw a show of the illusionist James Randi , and fell in love with his magic approach that openly recognized deception as entertainment instead of a mysterious supernatural power ."
"In order to navigate safely in the surroundings , the future driverless cars must learn to handle the millions of unknown factors we face every day when we drive a car .","“ To safely navigate their surroundings , the autonomous vehicles of the future will need to learn to cope with the millions of possible unknowns we face in every day driving scenarios ."
Only two King of Fighters games were made on the Atomiswave platform ( The King of Fighters Forever Neowave and The King of Fighters XI ) before SNK decided to discontinue using the platform for the series .,Only two King of Fighters games were made on the Atomiswave Platform ( The King of Fighters Neowave and The Road of Fighters XI ) before SNK to stop using the platform for the series .
"The blend is called Silaskin , which is a perfect mix of Silicone and TPR which gives it an unbelievable stretch factor , which contributes to making this our most popular sex toy !","The mixture is called the cartilage , which is a perfect blend of silicone and TPR that gives it an incredible tensile factor , making it one of our most popular sex toys !"
"First , these miners already owned their systems , so equipment costs were nil .","First , these miners owned their systems , so the equipment costs were zero ."
"If these measures do not reduce cholesterol levels ( below 200 mg dL ) , most healthcare professionals will recommend a medicine to lower cholesterol .","If these actions fail to lower cholesterol levels ( below 200 mg dL ) , most healthcare professionals will recommend a medication to lower cholesterol ."
"Regardless of whether your customers buy , evaluate or compare products , we make sure you are present with updated feeds and partnerships .","Wherever your customers buy , review and compare products , I make sure you ’re there , with up - to - date feeds and partnerships ."
"In East Timor , arbitrary detention and harsh sentences for dissidents continued unabated .","In East Timor , arbitrary arrests continue to occur and imposing harsh sentences to dissidents ."
"Today , unfortunately you have to leave this island paradise .",Today you leave this little island paradise .
"Romans 6:22 ( KJV ) But now being made free from sin , and become servants to God , ye have your fruit unto holiness , and the end everlasting life .","ROM 6:22 But now , then I is released from sin and is entry into God 's service , has in your fruit to sanctification , and to exit an eternal life ."
If insulin is not present .,When there is insulin present .
EXPRESS further their profound relief that the President of Egypt was unharmed by this cowardly and heinous terrorist act ;,They also express their deep relief by the fact that the president of Egypt came out of this cowardly and abominable terrorist act ;
Guidelines for preparation of initial communications from non - Annex I Parties,Guidelines for the preparation of initial communications
"Assuming that such constructions ran counter to the traditional Byzantine type , the Patriarch Nikon declared them un - canonical .","Taking into account that such constructions were against Byzantine tradition , Patriarch Nikón denounced them as heterodox ."
"In evaluating the assistance provided to Africa , the report concluded that there is a "" lack of commitment on the part of the member States "" Ibid . , para . 4 .","When evaluating the assistance provided to Africa , the report concluded that "" Member States of these organizations had expressed very little interest in contributing "" ibid . , para . Four ."
The [ right - wing ] extremists of Golden Dawn – some of them fully armed – have unleashed pogroms against the refugees .,The right - wing members of golden dawn - some of them fully armed - have started pogroms against the refugees .
His teachers were letting him wander around the classroom rather than fighting with him to sit down and learn .,His teachers let him wander around the classroom instead of demanding that he sit down and start learning something .
He blames persistent deficits conducted by US trading partners and on poor trading agreements that put US companies in unfavorable positions or encourage them to move factories abroad .,He blames persistent deficits on abusive practices by US trading partners and on bad trade deals that put American companies at a disadvantage or encourage them to move factories overseas .
"They also report that fewer than a dozen alcoholism - related genes are identified , but that it is likely to have not yet discovered . [ 82 ]","They also report that fewer than a dozen alcoholism - related genes have been identified , but that more likely await discovery ."
"Not America first , but Trump first .","He is America First , but Trump First of All ."
"Recently a woman came to me and said , "" I finally found a wonderful man , but I 'm unhappy in the relationship .","Recently a woman came to me and said , "" I finally found a wonderful man but I 'm miserable in the relationship ."
"A fierce pamphlet war heralded the downfall of Castilho and poetry gained in breadth and reality , though in many instances it became non - Christian and revolutionary .","A fierce war of pamphlets contributed to the fall of Castilho , and poetry won with it in Hondura and realism , becoming an anti - Christian and revolutionary ."
"b ) The defendant does not testify during the trial , when the prosecutor has established that the declaration is justified .","( b ) The failure of the accused to give evidence at trial on his own behalf , where the prosecution has established that there is a case to answer ."
From that moment he has not stopped composing and acting .,Since then he has performed and composed actively .
They are so indefatigable that if sent against mountains they will pierce and uproot them .,"If the conditions are very bad , they also close to the parts of the mountains that are exposed ( only in the facilities ) ."
Radicals threaten their compatriots who are working towards the betterment of their people and for the betterment of generations yet unborn .,"Radicals threaten their compatriots , who are working to improve the conditions of their people and generations at birth ."
"A SYNCOM satellite failure resulted in the first non - programmed EVA , meeting and proximity operations for the space shuttle in an attempt to activate the satellite using the remote manipulator system .","A malfunction in the Syncom spacecraft resulted in the first unscheduled EVA ( spacewalk ) , rendezvous and proximity operations for the Space Shuttle in an attempt to activate the satellite using the Remote Manipulator System ."
"Gravely injured in a shooting that lasted seventy - five minutes , Jatin died the next day in the city of Balasore . Oren 's True Identity Was Never Disclad by Beckett .","Seriously wounded in a gun battle that lasted seventy five minutes , Jatin died the next day in the town of Balasore ."
But he thinks society can have unreal expectations for how long it will take engineers to achieve it .,But he believes the community may have expectations for how long it will take that to be achieved by engineers .
"Amid the upward spiral , some economists warn that much of the country is experiencing a housing market bubble : a period of unsustainable price growth fueled by speculation and inertia .","In the middle of the chaos , some warn that much of the country experiences a housing market bubble : a period of sustainable price inflation driven by speculation and inertia ."
The latter would have then reigned in the early 6th century BC and his reign would seem rather uneventful .,The latter then would have reigned at the beginning of the sixteenth century . C. And the reign of him would seem something out of place .
"59 He was no more than a servant : We granted Our favour to him , and We made him an example to the Children of Israel .","59Han is just a servant that we have shown grace , and we made him an example for the children of Israel ."
"Consequently , the speaker is surprised that these information have not been recorded in the last report of the Special Representative , which tends to give a false image of the Myanmar armed forces .","He found it surprising , therefore , that that information was lacking in the Special Rapporteur 's current report , which tended to give a false impression of the armed forces of Myanmar ."
"Rule 102 states : "" Citizens and bodies corporate have the right to honour ; unlawfully depriving citizens or bodies corporate of their good name is prohibited . ""","Article 102 says : "" Citizens and corporations have the right to honor ; it is forbidden to deprive illegally from their good name to citizens or corporations . """
"In 40 % of the cases , concrete goals were not stipulated and the deadlines for which the work of the consultants would be measured and paid .","In 40 per cent of cases , they failed to provide specific targets and delivery dates against which the performance of consultants could be measured and their fees paid ."
"This is possible thanks to our international cosmetic safety monitoring network which collects and analyzes the possible undesirable effects after use of our products , reported by consumers or healthcare professionals .",This is possible thanks to our international network for cosmetology surveys that collect and analyze possible side effects after using our products reported by consumers or staff within the health sector .
"The more they [ saints ] speak , the more they find they have left unspoken .","And they also express clearly , they express themselves , when exposed to abuse !"
Action : Tensions arise when an unsympathetic father decides to move in with his son and his fiancée just before the wedding .,Father - son tensions flare when a disagreeable dad decides to move in with his son and his son 's fiancée right before their wedding .
"In 1637 , Tadataka died without having children too and his domains passed to the Matsudaira .","In 1637 , Tadataka also died childless and the domain passed to the Matsudaira ."
"The text finally adopted should be acceptable to all countries , in order to avoid the risk of establishing an ineffective institution .","The text that is ultimately approved must be acceptable for all countries , in order to avoid the risk of establishing an inoperative institution ."
"See [ photos from previous meetings ] . ” Membership in BMUG costs no money , but we expect you to share your knowledge . ”","“ Membership in BMUG is free of charge , but we expect you to share your knowledge ”"
"On the territory of the entire country has a unified metric system , despite the fact that some rules of the road vary from one province to another .","On the territory of the whole country has a uniform metric system , despite the fact that some rules of the road vary from a province to another ."
English - language books are not easy to find in Buenos Aires .,English language books are a bit difficult to get to in Buenos Aires .
The first meeting of the Conference of the Parties must be held not later than one year after the date of entry into force of the Convention .,The first meeting of the Conference of the Parties shall be held no later than one year after the entry into force of the Convention .
"You did not personally investigate and try every homicide that came in ? """,Did you investigate and you personalized prosecution in every murder case you got ? »
"During the 1930s , a new generation of much larger and more powerful engines emerged , and the Lion was no longer competitive .","During the 1930s a new generation of much larger and more powerful engines started to appear , and the Lion was clearly past its prime ."
The B9 was discovered by a hydroplane from Austria on March 29 and finally obliged to navigate after both parties will not be damaged from each other with the ammunition from their machine guns .,B9 was spotted by an Austrian seaplane on 29 March and eventually forced to dive after both sides failed to damage each other with machine gun fire .
"An unknown number died of conflict - related disease and malnutrition , but mortality rates as high as fifteen percent were recorded during two measles outbreaks in the affected regions .","An indeterminate number died of diseases related to conflict and famine , and mortality rates of 15 percent were recorded during two outbreaks of measles in the affected regions ."
Why properties made me a millionaire and investing in stocks did not .,Why Real Estate Made Me A Millionaire and Investing In Stocks Did .
( b ) Maintaining the position that it is unlawful to induce prison officers to take industrial action ; and,b ) maintaining the position that it is illegal to induce penitentiary officials to exercise labor claims ; and
"No matter their personality , you ’ll know things will work out because it ’s just so easy for you to make it work .","Whatever their personality , you know things will work because it is so easy for you to make it work ."
In 1728 a violent attack of gout compelled him to leave Oxford University without finishing his degree .,"In 1728 , a gout attack drove him to end the Oxford studies before the final exam ."
He emphasizes the important liaison role between the organization and associates who are not part of the United Nations system played by the task force .,He underscored the important role which the Task Force played as the Organization 's link to partners outside the United Nations system .
"If you are on an academic , scientific research , or medical career track in the United States , chances are good that you ’ll be asked to provide a curriculum vitae rather than a typical resume .","If your career includes work in academic , scientific research or medical fields in the United States , chances are good that you will be asked to provide a curriculum vitae rather than a typical resume ."
"Since then it has made cages not accredited in the series , the most recent in 2008 parody with news presenters Tom Brokaw , Jim Lehrer and Bob Schieffer .","He has since made uncredited cameo appearances on the show , including parodying newscasters Tom Brokaw , Jim Lehrer , and Bob Schieffer ."
We will not be a good match if you ...,We are a good match if you ...
"The blood vessels consist of arteries , capillaries and veins and are lined with a cellular endothelium which is quite unlike that of most other invertebrates .","The blood vessels consist of arteries , capillaries and veins and are covered with a cellular endothelium that is quite different from most of the invertebrates ."
"On 13 November 1970 , Minister of Defense Hafez al - Assad effected a bloodless military coup , ousting the civilian party leadership and assuming the role of President .","On November 13 , 1970 , Defense Minister Hafez Al - Asad made a peaceful military coup , expelling the civil headquarters and assuming the role of prime minister ."
The doctor recommends her to never get pregnant again .,Her doctor cautions her again about becoming pregnant .
Walls were not thick .,The walls have little thickness .
"Probably , because it was written in the incredibly harsh and harsh conditions of the Far North by the most courageous and courageous , most curious and curious people .","Probably because it was written in the extremely tough and tough conditions to distant north of the most courageous and brave , most curious and curious people ."
"China was not the only country to do this ; from the end of World War II until 1967 , Western European countries all maintained fixed exchange rates with the US dollar based on the Bretton Woods system .","From the end of World War II to 1970 , all Western European countries had fixed exchange rate against the US dollar based on the Bretton Woods system ."
Thanks no to bonus,Thanks for bonus
"Under this system , wealthy individuals wishing to get into politics could donate large amounts of money to local harambee drives , thereby gaining legitimacy ; however , such practices were never institutionalised during Kenyatta 's presidency .","In this system , wealthy people who wish to enter politics can donate large sums of money to local authorities at Meetings Harambee and , with it , obtain legitimacy ."
Mohr had a direct and unpretentious lecturing style that was popular with his students .,"Mohr had a direct and simple style , which was very popular among his students ."
"For six months now , the Greek government has been waging a battle in conditions of unprecedented economic suffocation to implement the mandate you gave us on January 25 .","For the past six months , the Greek government fought a struggle during outstanding economic suffocation conditions , to carry out the mission we received from you on January 25 ."
The main reason for the failure is Afsar ’s lacklustre willingness to cooperate and compromise .,The main reason for the failure is the laber will for cooperation and compromises in Afsar .
"Later in the night , while co - presenting the award for Best Rock Video with Pink , he exclaimed , apparently unscripted , that "" MTV should be playing more rock n ' roll . ""","Later in the evening , as he with Pink presented the prize for best rock video , he exclaimed , obviously outside what was agreed , that "" MTV should play more rock n ' roll ! » .."
The lawyers do n't do their job ? 3 .,What do Lawyers do ? 3 .
"( b ) To achieve universal access to reproductive health care and family planning as soon as possible and , in all cases , no later than 2015 ;","b ) achieve universal access to reproductive health care services and family planning as soon as possible , and , at the latest , by 2015 ;"
"If the meaning in the first and eighth was the national lack of all good , it is in the other and the seventh lack of national life .","If in the first and eighth the signification was national destitution of all good , in the second and seventh it is destitution of national life ."
“ It is not true that individuals possess a prescriptive ‘ natural liberty ’ in their economic activities . . . .,"It is true that individuals have some made "" natural freedom "" in economic activities ."
8 Henry Ford : “ It does not matter to me if a man comes from Sing Sing Prison or Harvard University .,"On FAIRNESS - "" It is all one to me if a man comes from Sing Sing Prison or Harvard ."
"The loans were free of interest , the repayment period could be arbitrarily long and the lender is covered under life insurance at no cost .","The loans are completely interest - free , the repayment period can be arbitrarily long , and the borrower is covered under life insurance free of cost ."
Failing to express appreciation for interviewer 's time .,Failure to express gratitude for the interviewer 's time
In 1853 the Mahrajá de Jhansi died without children and his territory was annexed to the British company of the East Indies .,"In 1853 the Raja of Jhansi died childless , and his territory was annexed to British Bundelkhand ."
"In part , formal rules do not completely specify the action ( that is , they provide complete instructions ) or cover all relevant situations ( or emerging ) .","In part , formal rules fail to completely specify action ( that is provide complete directions ) or to cover all relevant ( or emergent ) situations ."
"Anyone who can see non - action in action and action in non - action , he is a way among people .",He who sees inaction in action and action in inaction is wise among men .
"However , what he did not like anything was to discover that his name in the secret service was "" flamenco "" , bird that according to C.j . It is "" ridiculous aspect "" .","She is less than pleased to discover that her Secret Service codename is "" Flamingo "" , a bird which C.J. describes as being "" ridiculous - looking "" ."
I refuse to be called a minority .,But I drop me to be called a minority .
"He has trained more than 300 officials in all categories , as well as officials from other United Nations organizations and non - governmental organizations .","It has trained over 300 staff members at all levels , as well as staff from other United Nations organizations and NGOs ."
"Moving unsteadily to the west - northwest , the system weakened , dissipating a few hundred miles west - northwest of where it had formed .","Moving hesitant to the west - northwest , the system weakened , dissipating a few hundred miles to the west - northwest from which it had been formed ."
"The Society is non - partisan , but its activities are intended to promote human welfare through enhanced knowledge of the causes and control of aggressive behaviour .","Society is independent , and through its activities it is proposed to promote human well - being through greater knowledge of the causes of aggressive behavior and how to combat it ."
"The Deputy Secretary General of Internal Supervision Services expresses his gratitude to the Member States that have supported and continue to support the work of the Office , temporarily assigned administrative officials at no cost .",He expressed appreciation to those Member States which had continued to support the work of the Office for Internal Oversight Services by seconding professionals to it on a temporary basis and free of charge .
These games can keep kids busy for hours and are very inexpensive .,These games can keep the kids busy for hours and are very cheap .
Do n't forget that the electrolytes have polarity .,Remember that electrolitic capacitors have polarity .
"This last solution was selected but not without resistance , as there were two main objections to the idea of building new detention centres .","It is true that this last solution was accepted , but reluctantly , because the idea of building new detention centers clashed with two important objections ."
Experience shows that financial crises are the result either of a wrong taxation policy or of unsound spending .,Experience demonstrates that financial crises are the result of an erroneous tax policy or errors in terms of expenses .
"Without a doubt , it is an overwhelming task .",This is indeed a daunting task .
Some early releases were time - compressed in order to save tape time and money and to compensate for long - playing cassettes being unavailable in the early days of home video .,"At the beginning some emissions stood out for being compressed time in order to save time , tape and money to compensate for Long Play of cassettes in the first days of domestic video ."
"Merton tended to emphasize middle range theory rather than a grand theory , meaning that he was able to deal specifically with some of the limitations in Parsons ' theory .","Merton tended to emphasize the theory of intermediate scope , instead of a great theory , which means that he was able to deal specifically with some of the limitations of the theory of Parsons ."
"Regardless , he maintains that the plot is fictional .","Therefore , it is said that the fixation is saturable ."
"Under a new law in Australia , social media managers can now face prison sentences if they do not remove content that is considered by the government to be "" abominable "" and "" violent "" .","Under a new law in Australia , social media executives can face prison sentences if they fail to remove any content deemed “ abhorrent ” and “ violent ” by the government ."
"Workers ' Party members J B Jeyaretnam and Tan Soo Phuan also applied for nomination , but were not awarded the Certificate of Eligibility .","Two opponent leaders , J. B. Jeyaretnam and so Soo Phuan of the Workers ' Party ( WP ) , tried to present their candidacies , but their documents were rejected on the day of nomination ."
"The main reason for remaining outside the EU is disagreements about the Common Fisheries Policy , which disfavours countries with large fish resources .","The main reason to remain outside the EU are the disagreements about the common fishing policy , which disavorays countries with great fishery resources ."
Should I now die of thirst and fall into the hands of the uncircumcised ? »,Must I now die of thirst and fall into the hands of these pagans ? ’ ”
"Archived from the original on October 11 , 2008.CS1 maint : Unfit url ( link ) "" Raul Castro Meets Venezuelan Foreign Minister "" .","Archived from the original on October 11 , 2008 . « Raul Castro Meets Venezuelan Foreign Minister » ."
"Vaping marijuana instead of smoking an equal dose increases short - term anxiety , paranoia , memory loss , and distraction , a small study of infrequent users suggests .","Vaping Marijuana Instead of smoking an equal dose increases short - term anxiety , paranoia , memory loss and distraction , suggesting a small study of rare users ."
"The female is similar , but usually does not have spurs and is a little smaller and less robust .","The female is similar , but usually lacks spurs and is slightly smaller and less robustly built ."
Or it might have been inspired by a healing rather than a resurrection .,"Or , he probably hyporned a sick leave ! !"
"Then he asked to be known inexpensive , and would have 500 million yen ( around NOK 40 million ) in support and plastic surgery so that he could live a normal life afterwards .","He also asked he be judged innocent on grounds of insanity , be given 500 million yen ( $ 5 million ) in aid and plastic surgery so he could lead a normal life afterward ."
"Chapman said he does not remember to have shouted the name of Lennon before shooting him . A shot failed , passing over Lennon 's head and impacting a window of the Dakota building .","The first bullet missed , passing over Lennon 's head and hitting a window of the Dakota building ."
"Some believe that the Arkansas game could have resulted from only this combination of aged infrastructure and increased stress from Dilbit , although an accurate cause is not yet determined .","Some think the Arkansas spill could have resulted from just this combination of aged infrastructure and added stress from dilbit , although an exact cause has yet to be determined ."
"We find riches in the world as God created it rather than the ways man has attempted to improve it , but has in many ways ruined it .","We find wealth in the world that God created it instead of the ways man has tried to improve it , but have in many ways destroyed it ."
Its Uncomfortable to witness .,He describes it as despairing to witness .
"Grains were so scarce that the Irish hierarchy of the Catholic Church allowed Catholics to eat meat four days each week during Lent , but not everyone could afford meat , either .",The cereal was so scarce that the Irish Catholic Church allowed to eat four days a week during Lent .
Parasitoids Layout : The guest is not fed after the parasitation so that the parasitoid only has the resources of the host at the time of the oviposition to complete its development .,"Idiobiont parasitoids prevent further development of the host after initially immobilizing it , whereas koinobiont parasitoids allow the host to continue its development while feeding upon it ."
"Doctors without limits also runs a clinic in the Ain Issa camp , and works in several area in North Eastern Syria who were under control of Islamic state ( IS ) until recently .","MSF teams are also running a clinic in Ain Issa camp , and working in several newly accessible areas in northeast Syria that were under Islamic State ( IS ) control until recently ."
"Hence , small and medium - sized enterprises and agricultural and rural projects depend on more than unstructured and semi - structured institutions .","Hence small- and medium - scale enterprises , as well as rural and agricultural projects , tend to depend on informal and semi - formal institutions ."
"However , this agreement did not last long because four days later , on September 29 , Bulgaria had to capitulate before the progress of the Allied Forces ( see also : Armistice with Bulgaria ) .","However , this agreement was short - lived : four days later , on 29 September , Bulgaria capitulated in the face of the advancing Allied forces ( see also the Armistice of Salonica ) ."
"One of their members , Satyrus , brought a charge against Cleophon of neglect of military duty , leading to his arrest .","One of them , satyr , presented charges against Cleophonte due to negligence in his military duties , which led his arrest ."
"Finally , scarring would make a person feel a certain degree of discomfort and it could lead to loss of appetite .","Eventually , the scarring would make a person feel a certain level of malaise , which could prompt a loss of appetite ."
"But the biorefinsies would cost hundreds of millions of dollars and require significant upgrades in existing processes , while such algae arrangements have not yet been tried .","But biorefineries would cost hundreds of millions of dollars and require significant upgrades in existing processes , whereas such algae schemes have yet to be tried ."
Do n't forget that all experiences you have done have value and that each life gives you the opportunity to raise their vibration level .,"Bear in mind that all experience is of value , and that every lifetime gives you the opportunity to increase your level of vibration ."
Tear gas is a non - specific term for any chemical that is used to temporarily incapacitate through irritation of eyes and/or respiratory system .,The tear gas is a general term for any chemical compound that is used to temporarily incapably by irritation of the eyes or the respiratory apparatus .
"It remains a controversial subject , although millions demonstrate that the disease is real and unbridled . ”","It is still a controversial matter , although millions prove that the disease is real and lush . """
"prevent the development of inflammatory diseases , contribute to the speedy healing of microcracks that appeared after stretching prepuce .","Preventing the development of inflammatory diseases , contributing to rapid healing of microcoles that appeared after stretched prepuce ."
Flawless and optimized operation of complex machines and plants can only be achieved with condition - based maintenance .,The malfunction - free and optimized operation of complex machinery and plants can only be achieved by means of condition - based maintenance .
Abd al - Hamid suffered a disastrous defeat which shattered the Ismailite influence in Yemen irrevocably .,ABD Al - Hamid suffered a disastrous defeat which destroyed the Ismaili influence in Yemen definitely .
"Viktor Orbán , the president of Hungary , has prohibited gender research programmes in Hungarian universities because ‘ people are born either male or female ’ ( 10 ) .","Hungary President Viktor Orbán has banned gender research programs at the country 's universities because "" people are born as either male or female "" ( 10 ) ."
Thus filtering and treatment using UV in addition to heating is not particularly important .,"Thus , the filtering and purification via UV in addition to heating is particularly important ."
"People began looking for him , and when they got there where he was , they tried to keep him back , so he should not go from them .","The People Were Looking For Him And When They Came To Where He Was , They Tried To Keep Him From Leaving Them ."
"In Norway demand for processed products is expected to remain on a par with the previous year , albeit with regional differences .","In Norway , the demand for proposed goods is expected to be on par with the previous year , but with regional differences ."
"The plots may be without dyeing or dyed , mainly they are red or blue .","Wefts can be either undyed or dyed , mostly in red and blue ."
"Due to her addiction , Marge spends every waking moment at the casino and neglects her family .","As it is addicted , Marge passes all day at the casino and begins to set aside his family ."
"Although there is no download or desktop application , the platform works through most modern browsers and includes a mobile version .",While there is n’t a download or desktop application the platform works through most modern web browsers and includes a mobile version .
"That people who should be allied , felt like opponents uneasy .",That people who should be allies somehow felt like adversaries troubled me .
Batman 's work ethic and self - control is without doubt his greatest greatesters - even more than his stacks and stacks with money .,Batman 's work ethic and self - control are arguably his greatest superpowers - even more so than his stacks and stacks of cash .
He hoped that countries which lacked national standards concerning migrant workers would formulate legislation to ensure greater harmony with the standards laid down by the Convention .,He hoped that countries that lack national standards on migrant workers formulate laws more in accordance with the standards established by the Convention .
"Human genomic differences are being studied to find possible answers , but there is still insufficient evidence to distinguish a "" wave invasion model "" from a "" single settlement "" one .","Differences in genes are studied to find possible answers , but there is still too few evidence to distinguish a "" wave inflammation model "" from a "" only settlement "" ."
"His name was Harry , if I do n't remember wrong .","His name was Henry , if I recall right ."
The Agency should not designate internal auditors for the performance of directive functions .,The Agency should avoid the use of internal auditors in line functions .
"( 6 ) That is the Knower of the unseen and the witnessed , the Exalted in Might , the Merciful ,","6 So he is , who knows the hidden and obvious , the mighty , the neat ,"
“ I have received an incorrect Product in my order ”,""" I have received the wrong product in my order """
"However , expressed as a percentage of UNDP , the AOD of CAD countries has not ceased to decrease , from 0.34 % in 1988 to 0.29 % in 1994 .","However , as a percentage of GNP , DAC ODA has fallen steadily , from 0.34 in 1988 to 0.29 in 1994 ."
The Board 's review of recent contract renewals confirmed that they are only awarded for the length of the clearly identifiable project work and for which funding is definitely available .,Recent contracts confirmed that these are only celebrated for a clearly individualized project and for which financing is definitively available .
The resources ' needs related to these activities ( not including personnel expenses ) were supposed entirely through voluntary contributions .,Resource requirements for these operations ( excluding staff costs ) were fully met from voluntary contributions .
"So that your faith might not rest on human wisdom , but on God ’s power .","In order for their beliefs to be due to human wisdom , but in the power of God ."
"Not long ago , he completely took over Top Air .","In Skien , he now dominated completely ."
"With Pennsylvania secured by Conway and Ohio seeming to swing his way , Frank unofficially calls Conway directly to concede .","With Pennsylvania assured by Conway and Ohio that seems to rotate in his direction , Frank flames conward to grant him ."
"Remember that from the moment you show your dog 's new home , it will be unimaginably grateful .","Keep in mind that from the moment that you show him his new home , the dog will be so grateful ."
"Seashells are no longer the currency of Papua New Guinea , as they were in some regions — sea shells were abolished as currency in 1933 .","Shells were previously used as a currency in Papua New Guinea , but was abolished in 1933 ."
But is n't Apple Legally late ?,But is Apple too late ?
A practical limit on the iteration count is the unwillingness of users to tolerate a perceptible delay in logging into a computer or seeing a decrypted message .,A practical limit in the number of iterations is the reluctance of users to tolerate a perceptible delay when logging into a device or seeing a decryption message .
"Who would have been so unlucky , -or irresponsible ( choose what you think fits ) to lose their cell phone in November .",( Either that or the fight itself so embarrassed him he preferred it be left shrouded in secrecy .
"A 9 cm wavelength system known as FuG 240 Berlin was developed , based on captured examples of the Allies ' cavity magnetron technology but saw little to no operational use .",A 9 cm wavelength radar system was known as Fug 240 Berlin from the magnetron technology of cavities captured to the allies but had short operational life .
"Until 2016 , civil marriage does not exist in Israel .","In 2016 in Israel , military service is mandatory ."
"This allowed factories to mass - produce underwear , and for the first time , people began buying undergarments in stores rather than making them at home .","Factories produced underwear in a massive way and , for the first time , people started buying it instead of doing it at home ."
It has a non - bleach policy and a chlorine - free pool that uses a mineral - based cleaning system .,"A chlorine - free swimming pool , which uses a mineral based cleaning system ."
"In 1996 , Yoder challenged the rules of oil racing , which was that you can not use handbrake , but a foot brake .","In 1996 , he challenged the regulations to allow children with disabilities to use a hand brake instead of the required foot one ."
"No , it was the HOT side .",And it has the hot side .
He would rather not go from his wife ( although they are separated later ) and their two daughters .,"He was survived by his wife , one of their two sons , and their two daughters ."
"Later authors , copying and translating from early natural histories , conflated the two unfamiliar animals .","Subsequent authors , copying and translating ancient natural stories , merged the two unusual animals ."
"At first he counted with little or no resistance , so he advanced quickly within the enemy territory .",He initially met little resistance and moved quickly into the enemy 's territory .
"It was built to replace Athletic Park , which was no longer considered adequate for international events due to its location and state of disrepair .","It was built to replace Athletic Park , which ceased to be considered adequate for international events due to its location and impairment ."
"On 10 October , OC border police transferred six border policemen who were suspected of mistreating two Palestinians to administrative assignments that precluded any contact with civilians .","On October 10 , the Border Police commander assigned six border police who had allegedly mistreated two Palestinians to administrative tasks , avoiding having any contact with civilians ."
This is misleading and unhelpful because it makes a simplistic assumption that everyone ’s contribution is equal .,This is misleading and little useful because it is a simplified assumption that everyone 's contribution is equal .
What a lovely surprise to finally discover how unlonely being alone can be . – Ellen Burstyn,For a wonderful surprise to finally discover how uniform it to be alone can be . -Old Burstyn
"His broad cosmopolitan education enabled him to recognise the poetic talent of France Prešeren , which remained unnoticed by most of his contemporaries , and to advise him on stylistic and linguistic issues .","Its complete and cosmopoilita education allowed him to identify Prešeren 's talent , who was ignored by most of his contemporaries , as well as guiding him on linguistic and stylistic issues ."
The hope is that the simple tones will reach listeners of all ages ; from a speechless infant to people on the deathbed .,"-My hope is that the simple tones can reach listeners of all ages , from a language - less infant to people on their death beds ."
The 2117 of Sweden was founded in 2003 by some boys who did not find what they were looking for in Swedish sports stores .,2117 of Sweden was founded in 2003 of some guys who didn´t find what they were looking for in Swedish sport stores .
This additional requirement caused the fund for the programme to be overexpended .,"Due to this additional need , expenses for the program were higher than expected ."
The child may be impulsive or may seem to make careless mistakes often .,The child may be impulsive or may seem to make sloppy mistakes often .
"From Ringdal 's descriptions the journalists in Fritt Fram concluded , perhaps hastily , that "" on all locations where activities could take place unobserved , there could be love nests for gay men of both nationalities .","Based on Ringdal 's descriptions , journalists concluded in freely forward something quickly with that "" in all places where things could take place in the hidden , it could be lovemaking acid for gays of both nationalities ."
They can also make the big platforms a hopeless place to interact with other people .,They can also make the big platforms a terrible place to interact with other people .
"The ride of Revere , Dawes , and Prescott triggered a flexible system of "" alarm and muster "" that had been carefully developed months before , in reaction to the colonists ' impotent response to the Powder Alarm .","Revere and Dawes triggered a flexible command , control and communication system that had been carefully developed in the months after Powder Alarm ."
"On 26 February 1995 , the Frente POLISARIO responded with the names of persons to be considered as replacements in the absence of sheikhs .","On February 26 , 1995 , the Polisario Front sent an answer with the names of the people who could be taken into account to replace the shelters ."
"We often hear "" games every note with the same lip seal "" .. it is meaningless .","So often we read "" play every note with the same lip setting"" ... this is nonsense ."
"After being picked on by two boys who plan to steal her sword , Arya threatens to kill them until Gendry , King Robert 's unknowing bastard son , scares them off .","After being bothered by two young people who plan to steal their sword , Arya threatens to kill them until Gendry ( Joe Dempsie ) , son Bastard of King Robert , the scares ."
"But opposition to capitalism , nationalism , militarism and imperialism is denounced as “ left - wing extremist ” and “ unconstitutional . ”","But opposition to capitalism , nationalism , militarism and imperialism , on the other hand , are condemned as "" left - hand radical extremism "" and "" constitutional "" ."
"“ Eleven percent of moderates say they blocked , unfollowed , or unfriended someone due to what they posted online . ”","Eleven percentage of moderate said they blocked , stopped following , or somebody removed what they let out online . »"
They are associated with an insensitive - manipulative interpersonal style . [ 10 ],They are associated with a callous - manipulative interpersonal style.[8 ]
"No "" real women have curves . """,""" Real women have curves """
Test B ) is performed ( without shield ) for a minimum of 5 minutes .,Test b is conducted ( with shield in place ) for 5 minutes minimum .
"A plot of land large enough for 20 small houses , each consisting of 4 rooms , a bathroom , a kitchen and a small courtyard and measuring not more than 150 m2 ;","A lot of sufficient ground to accommodate 20 houses , composed each of four rooms , a bathroom , a kitchen and a small patio , whose dimensions are maximum 150 m2 ."
"From an early age , try to give the dog to understand what you can do and what you ca n't .","From an early age , try to give the dog to understand what you can do , and what - you can not ."
"The new non - stop service will be operated by a Boeing 777 - 200LR and should typically take just under 16 hours from Dubai to New Zealand and 17 hours , 15 minutes in the other direction .","The new route will be flown with Boeing 777 - 200LR and should normally take a little under 16 hours from Dubai to New Zealand , and 17 hours and 15 minutes in the opposite direction ."
"In addition , you can feel sad or unable to complete tasks you must do .","Additionally , you can come to feel sad or incapable of completing the tasks you have to undertake ."
"The Azerbaijani authorities have repeatedly exhorted the competent organs of Armenia without result , which proceed in the same way with respect to Azerbaijanos prisoners and taken as hostages .",The Azerbaijani authorities have more than once unsuccessfully called on the competent agencies in Armenia to take similar action with regard to the Azerbaijanis taken prisoner or hostage .
The students of the University of Turin refuse all collaboration with the Israeli regime .,The students at the Torino University rejects any collaboration with the Israeli regime .
"It is necessary to ensure that unilateral acts are not produced that negatively affected the negotiating process , especially the construction of settlements in the occupied territories .","It is necessary to prohibit unilateral actions that might have a negative impact on the negotiating process , in particular the construction of settlements in the occupied territories ."
"In the light of the Snowden revelations , which have caused unease in many countries , not least here in Europe , it is natural that I should discuss intelligence cooperation during my American visit .","In light of the Snowden disclosures , which have been demanding for many countries , not least here in Europe , it is natural to discuss intelligence collaboration during my visit to the United States ."
"I would not recommend using it every day , use it as a way to shock or surprise him .","I would suggest using it every day , use it as a way to shock or surprise him ."
"For the Global South as a whole , the implosion of Brazil , one of its leaders , is an unmitigated tragedy .","For the global south as a whole , the decay in Brazil , one of their leaders , is a huge tragedy ."
"Undoubtedly , there will also be a series of changes in the geopolitical structure in the next century .","No doubt , a number of geopolitical structural changes will occur in the coming century as well ."
"Nahmanides , first as rabbi of Girona and later as chief rabbi of Catalonia , seems to have led a largely untroubled life .","Nahmanides , first as rabbi of Girona and later as the main stabbin of Catalonia , seems to have lived a mainly calm life ."
"The Centre is also soliciting from other donors funding for the rehabilitation of existing Cambodian prisons , which are in disrepair and decay ( see also A/50/681 , paras . 39 - 43 ) .","The Center has also requested assistance to other donors to finance the rehabilitation of Cambodia prisons , which are in poor condition ( see also A / 50/681 , paragraphs 39 to 43 ) ."
There are people with physical disabilities that prevent them from having some hope - in some cases certainly no hope and in other cases no logical hope - about marriage .,There are people with physical disabilities that prevent them from having any hope — in some cases any actual hope and in other cases any practical hope — of marriage .
The world is increasingly aware that stable development and progress would not be possible without broad cooperation among equals .,The world was becoming increasingly aware that stable development and progress hinged upon broad cooperation among equals .
"With more than 17,000 students of every age and level , our 1,300 employees are dedicated to helping them unleash their potential and build brighter futures .","With more than 17,000 students of all ages and levels , our 1,300 employees are dedicated to helping them release their potential and build lighter futures ."
This behavior may prevent disease transmission .,This process can cause the transmission of diseases .
"These days , there is an eager debate about whether or not there was room for all the animals on Noah ’s Ark.","In our time , it is difficulty about it at all space for all the animals in Noah 's Ark."
"Another instance refers to a judge telling Fox he would soon quake before the law , with Fox replying that he would quake before no man , only before God .","Another example refers to a judge tells Fox he would soon trembled before the law , with Fox answers that he would tremble before any human being , just for God ."
Taliban refuses to have lost Kunduz,The Taliban is denying they 've lost Kunduz .
"At the same time , social relations have not adapted to these economic and political transformations , and deprivation and marginalization limit the capacity for growth and prosperity .","At the same time , social relations had failed to adapt to those economic and political transformations , and deprivation and marginalization were limiting the potential for growth and prosperity ."
- Appropriateness of statutes of limitations .,- provenance of the prescription ;
"Notwithstanding , some ITU - specific aspects and some general legal considerations are nevertheless dealt with , albeit briefly , but in somewhat more detail , in appendix I to the present annex .","However , certain ITU particularities and some general legal considerations are treated briefly , but with something more detail , in Appendix I of this Annex ."
"At the end of the third quarter of 2014 , Finanstilsynet has not made a decision on approval .",By the end of the second quarter 2014 Finanstilsynet has yet to make a decision regarding approval .
Wallace did not agree with his representation on the screen and maintains that he was very energetic for Wigand 's story to be completely transmitted .,"Wallace , for his part , disliked his on - screen portrayal and maintained he was in fact very eager to have Wigand 's story aired in full ."
"The message is that Jesus , who has defeated Satan , offers His matchless power to us as a free gift .","The message is that Jesus , who has overcome Satan , offers us its power as a free gift ."
At the 1988 Olympics the Soviet relay team set a new world record of 3:15.17 minutes which is still unbeaten ( as of 2012 ) .,"During the 1988 Olympics , she was on the Soviet relay layer that set a new world record with time 3 : 15.17 minutes , which still stands ( as of 2007 ) ."
It vigorously condemned unlawful acts and human rights violations wherever they occurred in the world .,Firmly condemns extrajudicial actions and violations of human rights whatever the place of the world in which they occur .
Data and information are not the same .,Data and information are different .
Why was no one who could tell me why I should not buy the licenses on Microsoft 's website ?,Why could n’t anyone tell me why I SHOULD’NT buy the licenses from Microsoft ’s homepage ?
Broken hearts are drifting boats that travel aimlessly for some time .,Broken hearts run vessels that go lost for a while .
"Both direct action and actions appealing to others can include nonviolent and violent activities which target persons , groups , or property deemed offensive to the action participants .","It may include involvable and less violent actions that are aimed at persons , groups , or property that the action group will frame ."
The man returns downstairs and says that there is no girl upstairs .,Tom climbs the stairs instead and ensures that all the windows .
"And even though the German ’s deserve a pat on the shoulder for focusing on how they can contribute , there is nevertheless not much doubt that climate changes must be handled on a global scale .","And even though the Germans have Kudos to focus on how they can contribute , there is little doubt that climate change must be combated globally ."
He was no longer a leading man but he had developed a comic villain persona which meshed with the work of Bud Abbott and Lou Costello .,"Thus , he developed a comedian villain role that fitted with the work of Bud Abbott and Lou Costello ."
"They promote unsolicited and creative efforts , and they encourage the righteous and Høvian action .","Having every wish of theirs gratified , they are also brave and firmly devoted to virtue and profit ."
"Regardless if you already have jet experience or just finished your pilot training , we will provide you with an appropriate training in the Boeing 737 cockpit .... [ - ]","Whether you already have jet experience or just finished your pilot training , we will give you a suitable training in Boeing 737 Cockpit .... [ - ]"
My delegation sincerely wishes him every success in his unenviable task .,My delegation wishes very sincerely much success in its little enviable task .
"He and his older brother ( 1516–1522 ) are often mistakenly thought to be the same person , because both died as children and bore the same name .","It is often confused with his older brother ( 1516 - 1522 ) , since both carried the same name and died in childhood ."
"If not , we will have to respond according to the situation ” .","Otherwise , we will have to answer according to how the situation is "" ."
"The first Macedonian war broke out in 212 BC . and ended without a decision in 205 BC . , but Macedonia was now marked as an enemy of Rome .","The First Macedonian War broke out in 212 BC and ended conclusively in 205 BC , but Macedon was now marked as an enemy of Rome ."
"If it does n’t come with extra ear buds , you can often purchase them separately for a low price .","If not ? € ™ t comes with extra earplugs , you can often buy them separately for a low price ."
You invite them to the right path ( without asking for anything in return ) .,"And indeed , you invite them to a straight path ."
"On August 4 , 1972 , Amin issued a decree ordering the expulsion of the 60,000 Asians who were not Ugandan citizens ( most of them had British passports ) .","On 4 August 1972 , Amin issued a decree ordering the expulsion of the 50,000 Asians who were British passport holders ."
Washington did not succeed in his attack on Germantown in early October and retired afterwards to observe and wait .,"Washington unsuccessfully attacked Germantown on October 4 , and then retreated to watch and wait for the British to counterattack ."
"Taglines : If the lies do n't kill you , the truth will .","If not the lies kill you , the truth will do"
"In all we do , we are determined that "" well enough "" is not more than a starting point .","In everything they do , they truly believe that “ good enough ” is merely a starting point ."
"There have been many guesses on what 's holding back the Antichrist , but that both are neuter while masculine can be no other than the Holy Spirit .","There have been many guesses about what holds back the Antichrist , but that both are neuter , while masculine can be someone other than the Holy Spirit ."
"However , despite its manifest confidence in the State , it seems that it was not considered responsible for the ancient slaves once released .","Yet in spite of her newly expressed confidence in the state , Chapman seemingly felt little responsibility to former slaves once they were freed ."
Egypt approves without reservations the statement made by the Philippine representative on behalf of the Group of 77 and China .,His delegation fully endorsed the statement made by the representative of the Philippines on behalf of the Group of 77 and China .
Offering the audience a valuable discount has the ability to convert unsafe readers to faithful customers .,Offering your audience a valuable discount has the power to convert unsure readers into faithful customers .
"This is not surprising , because in addition to standard features such as quality , durability and ease of carrying , they also provide a pleasant aroma .","It is hardly surprising , because in addition to the standard features , such as quality , durability and easy handling , they also provide a pleasant fragrance ."
According to Peirce include evidence that was not yet enrolled in a bind about prison conditions that she had just begun to be discussed with his client .,"According to Peirce , evidence that is yet to be submitted includes a volume on prison conditions that she has only begun to discuss with her client ."
I would nevertheless like to point out to you that this may well be the answer to all your questions and may herald the end of all your searches .,I still want to point out that this may well be the answer to all your questions and can bring out the end of all your searches .
"Upon its release , the album received positive reviews from music critics , who commended that Inna showcased her versatility as an artist , while criticizing the songs as lacking innovation and similar to her past material .","After its launch , the album received positive critics of music critics , who praised that Inna showed his versatility as an artist , while criticizing the songs for innovation and similar to his previous material ."
"The next morning , the Battle of Wavre ended with a French victory that no longer served at all .",The next morning the Battle of Wavre ended in a hollow French victory .
"In true Bruckner form , it encompasses a complete restatement of the theme groups from the exposition and is otherwise uneventful , setting the stage for the coda which Donald Tovey described as one of Bruckner 's greatest passages .","In a very Brucknerian way , a complete re - exposition of the thematic groups is included and the scenario is prepared for the Coda , which is considered by Donald Tovey as one of Bruckner 's great passages ."
Just do n’t forget that it can take several hundred megabytes or more of space to store a single movie .,Just donâ € ™ t forget that it can take several hundred megabytes or more space to store a single movie .
Eyes that do not see .,Eyes that look .
"4.3 Regarding the alleged violation of paragraph 1 of article 14 of the Covenant , the State party indicates , first of all , that the author did not prove this allegation .","4.3 As to the alleged violation of article 14 , paragraph 1 , of the Covenant , the State party first observes that the author has failed to substantiate that allegation ."
"In fact , there has never been a generation with as many posts and pictures as today 's generation .","In fact , there has n’t been a generation with a childhood so full of posts and pictures like today ’s generation ."
"Animal research indicates that grape seed extract lowers blood pressure , according to UMMC , but lacks research on humans .","Animal research indicates that grape seed extract lowers blood pressure , according to the UMMC , but research on humans is lacking ."
They stand for each 57 and 49 not duplicatitve patents .,They hold 57 and 49 nonduplicative patents respectively .
"An autobiographical account and reflection on this episode can be found in the non - fiction book , The Sign of the Cross .",An autobiographical story and its reflections on the fact can be read in the Sign of the Cross essay .
"You have been prepared to know what to expect you , and no matter what uneasons you may experience , then it will be followed by a persistent period of peace and quiet days .","You have been prepared to know what to expect , and whatever inconvenience you experience it will be followed by an on going period of peace and tranquility ."
"I established the Constitution of this land , by the hands of wise men whom I raised up unto this very purpose , and redeemed the land by the shedding of blood .","And for this purpose , I have created this country 's constitution by wise men , which I raised precisely with it in mind , and redeemed the land of bloodshed ."
"Notwithstanding its own difficulties , Samoa was up to date with its contributions to the regular budget and would endeavour to remain so at all times .","Despite the difficulties that it crosses , Samoa is up to date on the payment of its installments to cover the ordinary budget and will try to stay in that situation ."
"In 48 BC Looked designate to dictator again , but this time for an unlimited time , and in 46 BC . He was appointed dictator for a ten - year period .","In 48 BC , he was appointed dictator again , only this time for an indefinite period , and in 46 BC , he was appointed dictator for ten years ."
"In fact , the only times that the complex was not underwater was when the dam 's sluices were open from July to October .",The fact is that the complex just managed away from flooding when the dams were open between July and October .
"- You must simply be man to be featured in football , women are almost not mentioned .","“ Quite simply , you must be a man to get mentioned in football ; women are hardly ever noticed ."
"Realizing the pointlessness of this mission , Frylock diverted the jet and set a course to Africa , where they would try to use their intelligence to solve world hunger .","Realizing the futility of this mission , Frylock diverted the plane and established a course to Africa , where they would try to use their intelligence to solve hunger in the world ."
19:99 And how many generations do we have ( not ) destroyed before them ?,19:98 And how many a generation have We destroyed before them ?
"He sent Billy Bowlegs and others to Washington again , but the chiefs refused to agree to move .","He sent Bowlegs and a few more to Washington again , but the bosses rejected the movement proposal ."
"The fact that most of the world is unaware of this reality , is proof that global media themselves are in the hands of the perpetrators .",The fact that most of the world is ignorant of this reality is proof that the global media itself is in the hands of the perpetrators .
"He gave entertainments but rarely , only on great feastdays , and then to large numbers of people .","He arranged very rare entertainment , only by major holidays , and then to a large number of the people ."
"As for preventing further North Vietnamese offensives , they failed .",The attempt to avoid more vietnam attacks from the North failed .
"Furthermore , production and maintenance of delivery platforms ( aircraft , ships , subsea boats , missiles ) which can also be used for conventional weapons are also not covered by the restriction .","Likewise , the production and maintenance of delivery platforms ( aircraft , surface ships , submarines , missiles ) that could also be used to deliver conventional weapons would also fall outside of the scope ."
Half of Americans do n't know that the sun is a star,45 % of americans don‘t know that the sun is a star
"In the 17 years since East Timor won its independence , the Australian government has taken nearly $ 5 billion in oil and gas revenue – money that belongs to its impoverished neighbour .","In the 17 years since East Timor won its independence , the Australian government has taken nearly $ 5 billion in oil and gas revenues - money belonging to the country 's poor neighbor ."
"I know people who were there , who have survived ( however not undamaged ) .",But I definitely know people who have been [ depressed ] .
75 The Administrative Authority also shared the opinion that the Convention should not come into force until a definitive ruling was issued on any pending challenge .,The Administering Authority also shared the view that it should await final adjudication of any pending legal challenges before bringing the Compact into effect .
The rapid speed of moving investment positions on a trading day results in the assumption that daily trading is more risky and unstable than other types of trade .,The fast speed of moving investment positions in one trading day results in the assumption that day trading is more risky and volatile than other kinds of trading .
"The cause of death is not known and researchers have launched up to 118 different theories , among these trichinosis , flu , mercury poisoning and a rare kidney disease .","Researchers have suggested over 100 causes of death , including acute rheumatic fever , streptococcal infection , trichinosis , influenza , mercury poisoning , and a rare kidney ailment ."
"After disagreements with other publishers of the same diary in 1925 , he began his own newspaper , VI Kvinnor ( "" Nos women "" ) , who , however , would not last long .","After a disagreements with the other editors of Arbetaren in 1925 , she started her own paper , Vi kvinnor ."
It is not realistic to ask that debtor countries improve their internal situation before reducing their debt .,It would hardly be realistic to require debtor countries to improve their domestic situation before their debt was reduced .
"( John 7:16 , 17 ) Jesus did n’t just talk about the will of God — he lived it .","( John 7:16 , 17 ) Jesus did more than talk about God&#39;s will , he lived it ."
"The conclusion of a Consortium Agreement is , if not explicitly stated otherwise in the Work Programme , compulsory for all Horizon 2020 projects .","Entering the consortium agreement is , unless otherwise expressly stated in the work program , mandatory for all horizons 2020 projects ."
"The temperature during pregnancy is consideredparticularly dangerous if it rises above 38,5 ° C and kept for a long time .",The temperature during pregnancy Responsistent dangerous if it rises above 38.5 ° C and stored for a long time .
46I do n't mean that anyone has seen the Father .,46not that someone has seen the Father .
"As to the non - EU transaction , the authorities in Australia , Brazil , Canada , New Zealand , Republic of South Africa , Sweden , Switzerland and the United States were involved .","Transaction outside the European Union , the authorities of Australia , Brazil , Canada , the United States , New Zealand , the Republic of South Africa , Sweden and Switzerland intervened ."
"Gaze at this masterpiece and its richly detailed renderings of Jerusalem , Jericho , the Dead Sea and other biblical sites as your guide explains how it was unearthed in 1897 .","Gaze on this masterpiece and its rich detailed renditions of Jerusalem , Jericho , the Dead Sea and other biblical places that your guide explains how it was discovered in 1897 ."
Lebanon rejects unequivocally all attempts to resettle on our territory the Palestinians who are there now .,Lebanon categorically rejects any attempt to resettle in its territory the Palestinians who are currently here .
"A vote of no confidence among the more than thirty group team leaders failed , but spokesperson Ereditato and physics coordinator Autiero resigned their leadership positions anyway on March 30 , 2012 .","A vote of distrust among the more than thirty group leaders failed , but the spokesman Ereditato and the Autieian Physics Coordinator gave up his fees on March 30 , 2012 ."
Because the Founding Father knew that governments ( like the British monarchy ) will always crack down on those who point out that the emperor has no clothes .,Because the constitutional fathers knew that governments ( as the British monarchy ) will always turn on those who point out that the emperor is naked .
"Another aspect of this twenty five year study was that many subjects were receiving disability , but their diagnosis was incorrect .","Another aspect of this twenty - five study was that many of the participants received social security , but their diagnosis was wrong ."
"The electrolyzer , nearly a century old technology that was made uncompetitive by the low cost of fossil energy , would be brought back into play .","The electrolyzer , a nearly hundred - year - old technology that was made competitive by the low cost of fossil energy , would be brought back into play ."
"Air Holdings , the old parent company of the unreconstructed BUA group , became a separate holding company for British Air Ferries ( BAF ) and Aviation Traders , Freddie Laker 's old company .","Air Holdings , the old parent company in Bua Gruppen became a separate holding company for British Air Ferries ( BAF ) and Aviation Traders , Freddie Laker 's old company ."
"They indicate , months in advance , the dates in which there is little risk for rain ( or snow ) .",They indicate several months in advance which date will have a small risk of rain ( or snow ) .
"Despite being outnumbered , Cromwell led the Army to crushing victories over the Scots at the battles of Dunbar and Inverkeithing .",Cromwell guided the army by defeating the Scots in the battles of Dunbar and Inverkeithing .
"In the US , the law may allow the parties to certain contracts to modify , inter se or between themselves , rights that the law would give them if there were no agreement .","In the United States , the law may allow the parties to some contracts to change , mutually or between them , rights that the law would give them if there was any deal ."
"Many are found in the soil , and of these , a number are wingless .","Some species are found on the ground , and of these , many lack wings ."
Brunhilda was buried at St. Martin Monastery at Autun as she founded in 602 in the place where the bisopen of tours had cut down a tree that was cultivated as a holy tree for non - Christians .,Brunhilda was buried in the Abbaye de St. Martin at Autun that she founded in 602 on the spot where the bishop of Tours had cut down a beech - tree that served as an object of pagan worship .
"It is not usually raised in the British Isles , except in localized points of the Cairngorms National Park , where 1 - 3 couples have been reproduced since the 1970s .","It is much rarer as a breeding bird , found only in a localised area of the Cairngorms National Park , where 1–3 pairs have bred since the 1970s ."
Some of us ( not me of course ! ) Was a bit reduced after yesterday .,Speaking of [ CE ] a queer little thing happened yesterday .
"In addition to being raped , she was allegedly kicked and beaten until she became unconscious .","In addition to cutting her hair , she would have spapled and blows until she lost consciousness ."
"The name was changed when it was discovered that the type species of Revueltosaurus , R. callenderi , was a pseudosuchian rather than an ornithischian dinosaur ( Parker et al . 2005 ) .","The name was changed when it was discovered that the kind species of revoltsaurus , R. street , was a pseudosuquium instead of a dinosaur ornightquium ( Parker et al . , 2005 ) ."
"No , we need folks that can work each week .",We need on - call substitutes who can work every week .
"In "" Control "" , Quentin Travers blackmail Buffy to talks the orders of the Council , telling him to expel Giles if she does not accept .","In "" Checkpoint "" , Quentin Travers tries to coerce Buffy to obey the Council 's demands , by threatening to have Giles deported ."
All attempts from relatives and friends to help he were useless .,All attempts of his relatives and friends to help him were in vain .
"The lawsuit focused on the company 's claim that SCORSEE did not pay the agreed fees for Hugo , and that violated the terms of the contract by filming the Wall Street wolf in front of silence .","The complaint was founded on the company 's allegation that Scorsese failed to pay the fees agreed upon for Hugo , and that he breached the contract 's terms by filming The Wolf of Wall Street ahead of Silence ."
"The judgment against me is like a gust in the past where the state controlled everything , and the citizens were inscarried , when I pointed out clearly that Torp 's statements are beyond and incorrect !",The judgment against me is like a guf from the past where the state controlled everything and the citizens were disqualified when I clearly pointed out that Torp 's statements are beyond and wrong !
"This "" evil thing "" is Pandora , the first woman , who carried a jar ( usually described — incorrectly — as a box ) which she was told to never open .","This "" bad "" was Pandora , the first woman , who loaded a container ( erroneously described as a box ) that was forbidden to open ."
"While the number 13 was considered unlucky , Friday the 13th was not considered unlucky at the time .","Like the same thing that happens with Friday , 13 , this day is considered bad luck since its beginnings ."
Clear regulations against the insurance companies have also been implemented that contribute to the cost of employees not being so high .,Heavy regulation of insurance companies helps reduce the cost to employers .
"Regardless of this , he says , "" the strength of paper is to show there are some significant local releases , and some questions about the impacts on the fish . ""","Anyway , he says , "" the strength of the paper is to show that there are some significant local releases , and some questions about the impact on the fish . """
"Regardless of whether you are selling a product , building a list , promoting an opportunity or an MLM business , you need targeted traffic .","Whether you sell a product , build a list , market an opportunity or an MLM business , you need targeted traffic ."
"If you ask me if I think there is more to it then just the atmosphere , I will say definitely not , but for some it is certainly enough .","If you ask me if I think there is more to it then just the atmosphere , I would definitely say it , but for some it is probably enough ."
Why the Schlieffen plan did not succeed,Why did The Schlieffen Plan fail
"The cars were not popular with American buyers , but were sold in Europe instead as they were already converted to left - hand drive .","The cars sold poorly in the United States , and were instead sold in Europe , when they were already rebuilt to left management ."
Retrieved 24 September 2014 . is derived from this article ; not vice versa .,Visited 24 December 2014 . This article is currently short or deficient .
"The table below summarizes the status of assessed contributions received and unpaid , taking into account applied credits , as at 26 June 1995 .","In the table below , the status of the fee received and the pending payment fees is summarized , taking into account the deductions applied , as of June 26 , 1995 ."
The Indian representatives ' claim that the problems in Jammu and Kashmir had been caused by terrorists assisted and financed by Pakistan was baseless .,"The argument of the representative of India , according to which the Riots of Jammu and Kashmir are caused by terrorists who have the help and financing of Pakistan , sounds like a hollow ."
"Then Greta Garbo , no longer wanting to be alone , walks onto the stage and starts covering Mickey ’s face with kisses .",Greta Garbo climbs on stage and begins to cover Mickey 's face of kisses .
It has been at least 12 months since their last default ( lack of loan repayment ),It ’s been at least 12 months since their last delinquency ( failure to pay back a loan )
She observes that the articles project nothing said in relation to the responsibility of the states of the watercourse for damages .,She noted that the draft articles were silent with regard to watercourse States ' liability for damage .
"The new State will be the expression of an intergenerational commitment that , despite the awareness that perfection will always remain in the distance , seeks it none the less .",It is an expression of an intergenerational commitment that knows that perfection will always be far but the same looks for it .
"Initially , privatized prisons required the full - time presence of a Monitor , but moved to twice weekly visits by an Auditor once operations no longer needed constant supervision .","Initially , privatized prisons required the presence of a resident supervisor , but the visitor system of an auditor was adopted twice a week when the operations stopped demanding constant supervision ."
"However , teams felt that having two weeks off during the regular season was too disruptive for their weekly routines , and thus it reverted to 17 weeks immediately after the season ended .","However , the teams felt that having two weeks of rest during the regular season was too harmful to their weekly routines , and so they became 17 weeks immediately after the season ended ."
"As nobody ignores , we have constantly dealt with promoting direct talks between the parties as a means of facilitating the application of the peace plan .","As is well known , we have consistently sought to encourage direct talks between the parties as a way of facilitating the implementation of the peace plan ."
"The University for Peace aspired to become a United Nations information centre which it was in fact already unofficially . Indeed , it had","The University for Peace aspires to become an Information Center of the United Nations , since it practically performs that function in an informally manner ."
"In this project , we make a comparative analysis of rissus actors and their peers around the world with the goal of seeing Russia in a global perspective that often lacks in Russian studies .",The project incorporates a comparative analysis of Russian actors and their peers around the world in order to see Russia in a broader global perspective that is often missing in Russian studies .
Among those who did not belong to the UMMA were the Jews and the Mozarabs ( Christians of al - Ándalus ) .,""" 讓傑志傳承 繼續於本地及亞洲賽創造佳績 "" ."
"In 1859 , he and another English astronomer , Richard Hodgson , regardless of each other , observed , for the first time a soler session .","On 1 September 1859 , Carrington and Richard Hodgson , another English amateur astronomer , independently made the first observations of a solar flare ."
Madame de Berry felt unwell and fainted when some allusion made in the play to Jocasta 's incestuous pregnancy was loudly applauded by the public .,"The room was very pleasing and , affected by the heat , the Duchess of Berry felt bad and fainted when some theatrical allusion to the incestuous maternity of Yocasta was very applauded by the public ."
"PHMD have developed a trademark by giving their Special Edition / Director 's Cut editions different names rather than the usual "" Special Edition , "" or "" Director 's Edition "" .","ICP have developed a trademark known to give its special edition / Director 's Editions cut different names instead of the usual "" Special Edition "" or "" Director 's Edition "" ."
It is for this reason that it is not proud to offer various models of motorcycles in the prestigious company of Milwaukee : Harley Davidson .,It is for this reason that we are proud to be able to offer different models of motorcycles from the infamous and prestigious Milwaukee firm : Harley Davidson .
He did not manage to prevent reductions in the taxes and price control .,She continued to campaign against taxes and price controls .
UCI officials blamed the vehicles rather than Mattan and upheld the race result .,The ICU Commissioners attributed to blame for vehicle drivers and kept Mattan as a winner .
"However , a considerable part of the party group did not agree with him ; Among them were the former Chancellors Heinrich Brüning and Joseph Wirth and the former Minister Adam Stegerwald .","A considerable group of parliamentarians however opposed the chairman 's course , among whom were the former Chancellors , his nemesis Heinrich Brüning and Joseph Wirth and former minister Adam Stegerwald ."
"Facing an unearthly invading species linked to the origin of the Atlanteans , Aquaman has to search out and unite the lost cities .","Faced with a supernatural invasive species linked to the origin of the Atlantes , Aquaman has to look for and unite lost cities ."
""" Mollie Tibbetts , an incredible young woman , is now permanently separated from her family .",- Mollie Tibbetts - A wonderful young woman - is now forever separated from their family .
Ghana is willing to support the proposal that the quorum requirement is left without effect but warns that the provisions of Article 108 of the Regulation of the General Assembly must be observed .,His delegation was prepared to support the proposal to waive the requirement of a quorum but cautioned that the provisions of rule 108 of the rules of procedure must be observed .
"In 1857 , he submitted the painting The Gleaners to the Salon to an unenthusiastic , even hostile , public .","In 1857 , the spikers presented the spikers in the living room , with a little enthusiastic , even hostile audience ."
Small children can also unintentionally hurt a tiny dog .,Small children can also accidentally damage a tiny dog .
"Do n't forget the map , app or a good guidebook since it 's a lot to see and learn !","Just remember to bring a map , an app , or a good guidebook as there 's plenty to see and learn about !"
"Set 's boat , being made of heavy stone , sank , but Horus ' did not .","The sets boat was cut out of stone and sank to the bottom , while Horus ' boat floated on the water ."
The king was completely unsympathetic to her situation and accused her falsely of hypochondria .,The king was completely indifferent to his situation and he falsely accused him of having hypocondria .
"Even more important is the fact that the task of the mission is to supervise non - humanitarian supplies that are sent to the Bosnian Serbs , particularly those of a strategic nature .","More important , the Mission is to monitor supplies other than humanitarian supplies going to the Bosnian Serbs , and in particular strategic goods ."
"None the less , Mr. Hatano had made many excellent proposals that were worthy of consideration .","However , Mr. Hatano has made many excellent proposals that deserve consideration ."
"Jaqen congratulates Arya saying that she is finally "" nobody "" .",Jaqen congratulates Arya by telling her that she is finally No One .
"However , a number of policies are still incomplete and the social fallout from earlier years of stagnation and subsequent adjustment policies will need continued attention .","However , some policies remain partial and we will have to continue paying attention to the social repercussions of the previous stagnation situation and the adjustment policies applied subsequently ."
"It is crucial that you follow this list , as wrong or missing equipment can do that you can not complete the trip in a safe and comfortable way .","It is essential that you follow this list , because wrong or missing equipment can make it difficult for you to complete the trip in a safe and comfortable way ."
"As for the moral damage inflicted on the life and destiny of people , nothing can be compared with the grief and pain of my people .","As for the moral damage inflicted on human life and destiny , there is hardly anything to compare to the sorrow and pain of my people ."
"However , a cyclic softening may occur due to cichical loads without drainage , such as seismic loads .","However , cyclic softening can occur due to cyclic undrained loading , e.g. earthquake loading ."
"Lancaster was furious over the passing of the Treaty of Northampton , and refused to attend court , mobilising support amongst the commoners of London .","Lancaster was furious about the profit from the agreement with Scotland , and mobilized support among the bourgeois in London ."
"Lowcost airlines and inexpensive charters come there , most of which are owned by the airline "" Ryanair "" .","Lowcost airlines and cheap charters come there , most are owned by the airline "" Ryanair "" ."
"“ No , I really like his voice , ” she said .","& quot;No , I really like his voice,&quot ; she said ."
GIRE lawyers assisted in drafting legislation and in coordinating defense of the law when lawsuits alleged it was unconstitutional .,Gire attorneys provided assistance in the drafting of legislation and coordinating the defense of the law against demands alleged that it was anticonstitutional .
"If they do not do this , it will result in fines of up to 75,000 euros or two years in prison .","Failure to do so will result in fines of up to 75,000 EUR or two years imprisonment ."
The F118 is a non - afterburning derivative of the F110 specially developed for the B-2 Spirit stealth bomber .,"The F118 is a derivative of the F110 engine , designed especially for the B-2 Spirit furtive bomber ."
"17.1.1 If you acquired license to the Software in Germany or Austria , and you usually live in one of these countries , part 10 does not come to use .","16.1.1 If you obtained the Software in Germany or Austria , and you usually reside in such country , then Section 10 �"
"He is without just across the universe , for he has created everything , and he gets all his intentions to be fulfilled .","He is unique in all the universe , for he brought all things into existence , and he causes all his purposes to be fulfilled ."
"Over the next few years , his business commitments restricted his cricket and between 1930 and 1933 he played no first - class cricket .","In the following years , they were restricted to play cricket between 1930 and 1933 ."
"twenty . The organization of the speaker urges the Sub - Commission to present an annual report to the Commission , as requested by it in its resolution 1967/8 , does nothing less than 29 years .","His organization urged the Sub - Commission to present an annual report to the Commission , as requested by it in resolution 1967/8 , a full 29 years earlier ."
"After what I have done I can not stay in Tahiti . "" When the Bounty Return to Tahiti , on September 22 , the reception was much less effusive than the previous time .","When Bounty returned to Tahiti , on 22 September , the welcome was much less effusive than previously ."
"Of course , you do n't want all your efforts to be put to waste so you want to make sure you are getting paid for your hard work .",Of course you can do nt want all your efforts to be taken by waste so you want to make sure you get paid for hard work .
"After you can not recover one of the library , Screaming Mimi and Klaw are sent with Melter and Sapo to find a fractal in the local tank .","After failing to recover one from the library , Screaming Mimi and Klaw are sent with Melter and Toad to search for a fractal at the local reservoir ."
"Do not despair , we rectify these errors as soon as we become aware of them , but it is recommended to control prices and specification information at an authorized Honda dealer before making the decision to buy .","Rest assured , we rectify these errors as soon as we become aware of them but you are strongly advised to check pricing and specification information with an authorised Honda retailer prior to your decision to purchase ."
"“ Ladies and gentlemen , it is my great honor to present the next first lady of the United States , my wife , an amazing mother and incredible woman , Melania Trump . ”","It is my honor to present the US next lead lady , my wife , a wonderful mother and woman : Melana Trump ."
"In that connection , Israel had already created illegal , de facto situations , such as illegal settlements , which were no less illegal with the beginning of negotiations .","In this sense , Israel has already created illegal factual situations , such as illegal settlements , which despite the beginning of the negotiations remain illegal ."
"Despite their general unhappiness with job titles , most employees feel confident in their ability to describe their job in a way others can easily understand .","Despite their overall misfortune with job titles , most employees feel themselves in their ability to describe their job in a way that others can easily understand ."
""" Unnecessary employees cost their organizations $ 3400 per payday of $ 10,000 . ""","“ Actively disengaged employees cost their organization $ 3,400 for every $ 10,000 of salary . ”"
"Man is subject to death , unavailability and undue .",Cause of human death : overeating and laziness .
"2 ) God , shamelessly declare , what "" all right !","2 ) God he blatantly States , that “ Everything is in order !"
"In situations where employees represent KMG 's ownership interests in other partnerships , regardless of whether KMG is in a controlling or non - controlling position , the principles laid down in these ethical guidelines must be followed .","In situations where employees represent KMG ’s holdings in other partnerships , regardless of whether KMG is in a position of control or not , the ethical principles as put forward in this document shall be followed ."
Kolya ( Czech : Kolja ) is a 1996 Czech drama film about a man whose life is reshaped in an unexpected way .,"Kolya ( Czech : Kolja ) is a Czech Dramafilm from 1996 , which won Oscar for best foreign language film ."
Octopuses from genus Hapalochlaena have two kinds of venom glands that impregnate their saliva .,"Hapalochlaena gender octopuses have two types of poison glands , which permeate their saliva ."
The document offers alternatives of sufficient conditions for an allocation core without having a competitive restriction in the sector .,"For an exchange economy with both an atomless sector and atoms , the paper gives alternative sufficient conditions for a core allocation to have a competitive restriction to the atomless sector ."
The extensive design of the applex RP panel can help improve patient care by identifying pathogens that are often not detected with traditional methods .,The comprehensive design of the ePlex RP Panel may help improve patient care by identifying pathogens that are often missed by traditional methods .
"eleven . The right to expropriate certain private goods is usually conferred solely to organs of public administration , but in some countries it has also been conferred on entities that are not part of the public administration .","The right to expropriate private property is usually vested in the Government , but the laws in a number of countries also extend that right to other entities , in addition to the Government ."
Jesse Elliott and Lindsay Giles of Ark Life kicked off the show with a duet of Ca n't Do It Wrong .,Jesse Elliott and Lindsay Giles from Ark Life started the ball with the duet & quot;Can&#39;t Do It Wrong.&quot ;
The availability of such remedies acts as a powerful deterrent against the unbridled abuse and misuse of power by the State and its agencies .,The availability of such repairs represents a powerful means of dissuasion against any abuse and misuse of power by the State or its institutions .
"The four extremities were not present , with the exception of 9 small phalanges ( bones of the fingers ) and a small number of bones of extremities found by and that could belong to the animal in question .","All four limbs are missing , with the exception of 9 small Phalanges ( finger bones ) and a small number of limb bones found close by which may belong to the animal in question ."
( Or truly can you not be those things on Sabbath if you are that way the rest of the week ? ),( Or can you avoid being like this on the Sabbath if that 's how you are the rest of the week ? )
"Computers in themselves , and software that has not yet been developed , will revolutionize the way we learn .","“ Computers themselves , and software yet to be developed , will revolutionize the way we learn . ”"
Distortion can be linear or non - linear .,The resultant deformations can be linear or nonlinear .
I do not know if we can properly address this situation .,I think that will cause difficulty .
"In my opinion , many gender researchers have not been sufficiently interested in structural , institutional , political factors that may help us understand why the gender structures look the way they do , ” says Teigen .","Many gender researchers , in my opinion , have been too little concerned with structural , institutional , political factors - which can cause us to understand why the gender structures look like they do , says Teigen ."
[ 3]Moses Mendelssohn wrote this nearly two hundred years ago and it correctly defines the Judaist attitude toward Kipling 's “ lesser breeds without the Law . ”,"[ 2 ] Moses Mendelssohn wrote this almost two hundred years earlier , and it definitely defines the Jewish attitude towards Kiplings "" Laverstanding breeds outside the law "" ."
The following are titled unreleased songs by Neutral Milk Hotel .,"His music is inspired by , among others , Neutral Milk Hotel ."
"If , despite all this , we do resist this reality today and work hard , perhaps the destruction that looms on the horizon may not come upon us .","If we , after all this , it is against this reality today and work hard , we might avoid the destruction that we look to build up on the horizon ."
"Literary works are salient structures in which a secondary , fictional world includes entities and states of affairs that lack a correspondent in the basic , primary world .","Literary works are outgoing structures in which a secondary world , fictitious , includes entities and states of things lacking a correspondent in the basic and primary world ."
Called heartless asshole,Cold hearted asshole
"In episode 25 , "" Monsters never again "" , Titania appears as a member of the leader , the agents of C.R.A.S.H. Being simulators .","In the episode "" Monsters No More , "" Titania appears as a member of the Leader 's ' Agents of C.R.A.S.H ' ."
Just be sure to delete unnecessary files to provide more space for new files .,Just make sure to delete the unneeded files to give more space to new files .
"He is a weak and … untruthful slime ball who was , as time has proven , a terrible Director of the FBI .","- He is a weak and lying slimball that was , so the time has shown , a cruel FBI director ."
"Rosenberg does not realize , that it is necessary to determine the acting forces first before the movements can be calculated .","Rosenberg failed to realize , like everyone else , that it is necessary to determine the forces first before the motions can be determined ."
"Visual music , also called color music , refers to the use of musical structures in visual media , including mute cinema or lumia pieces without sound .","Visual music , sometimes called colour music , refers to the use of musical structures in visual imagery , which can also include silent films or silent Lumia work ."
A study from the Netherlands concluded that it would actually be cheaper to import wood from the Baltic States or developing countries rather than produce it domestically .,"In a study conducted in the Netherlands , it was concluded that at present it would be cheaper to import wood from the Baltic States or developing countries than to produce it madly ."
"For example , if without β = 0.5 , the angle β can be equal to 30 ° or 150 ° .","For example , if sin β = 0.5 , the angle β can equal either 30 ° or 150 ° ."
"In it , the International Committee of the Red Cross and Concerns , a non - governmental Canadian organization , facilitate food and health care ( dispensary and clinical ) .","There , the International Committee of the Red Cross and CONCERN , a Canadian NGO , provide food and health services ( dispensary and clinic ) ."
"Prior to 1635 , the area which would come to be known as the "" Prato della valle "" was largely a featureless expanse of partially swampy terrain just south of the old city walls of Padova .","Before 1635 , the area called Prato della Valle was an extension of partially swampy terrain just south of the ancient walls of Padua ."
Mr. PRADO VALLEJO said that the informal report seemed to be complicating matters rather than streamlining the Committee 's work .,twenty - one . Mr. Prado Vallejo said that the informal report seems to be complicating things instead of facilitating the work of the Committee .
Marguerite suddenly understands that the letter 's writer is no caller than her even when she was seven years old .,Marguerite suddenly understands that the author of the letter is none other than herself when she was seven years old .
"In conjunction with BKL conjecture and problems with non - linear stability , resolving conjecture of cosmic censure is one of the most important problems in relativity theory .","Together with the BKL conjecture and issues of nonlinear stability , settling the censorship conjectures is one of the most important outstanding problems in general relativity ."
"Olivia always buys a whole resort or charters the whole ship to ensure that the trip is a safe place for women , so that they feel like they can be out without worrying about anything .",Olivia always charters the entire ship or buys out the whole resort to provide a safe space for women to be out and feel free to be themselves .
"The crime was never resolved . In February 1929 , the league of United Latin American citizens ( LULAC ) was founded in Corpus Christi .","In February 1929 , the League of United Latin American Citizens ( LULAC ) was founded in Corpus Christi ."
But what about 476 is not dot ?,So why is 476 AD the end ?
"She refuses to leave at his demand , so Malatesta , as per his agreement with Pasquale , takes over .","She rejects leaving at your request , so that Malatesta , as if she agreed with Pasquale , takes over ."
The king accepted Barton because at that time his prophecies did not challenge the established order .,Henry accepted Barton because her prophecies then still supported the existing order .
"When their vision returned , they found that Cape Royds was in sight but inaccessible , as the sea - ice leading to it had gone , leaving a stretch of open water .","When they could see well , they realized that Cape Royds was visible from where they were , but the sea ice had disappeared ."
"The New Testament calls him a “ preacher of righteousness ” ( 2 Peter 2:5 ) , but that does not imply that this was his occupation .","The New Testament calls him "" the spokes of justice "" ( 2 Peter 2 : 5 ) , but does this indicate that this was his profession ?"
"The Chinese government , who has actively participated in the preparations for this conference , will contribute to it without reservations .",The Chinese Government had actively participated in the preparations and would contribute wholeheartedly .
Relevant laws provide for this protection as well as measures of repression in case of unlawful violation of the rights guaranteed to women .,"The relevant laws together with the measures of repression , guarantee the protection of these rights in case of illegitimate violation of the rights guaranteed to women ."
Information on flights in the airspace of Bosnia and Herzegovina not authorized by,Information on flights made in Bosnia and Herzegovina airspace
Traditionally it has been argued that the black population in Argentina declined since the early 19th century to insignificance .,It has traditionally been stated that the black population in Argentina decreased since the beginning of the 19th century until practically disappear .
"Dreaming of a Max Reinhardt night 1935 , a Warner Bros movie , received a moderate and even good review , but failed to achieve success .","Max Reinhardt 's 1935 A Midsummer Night 's Dream for Warner Bros. received moderately good or mixed reviews , but fell short of acclaim ."
"But , they rarely get ( never ? ) Feedback on their practice or understanding .",Hardly one among them can be commended for its wisdom or wit .
"No , “ everything ” is too broad an answer .",""" Everything "" is a general answer ."
"In the metropolitan area of Atlanta includes the following non - incorporated suburbs ( both inside and outside of Atlanta ) , exSuburbios , and surroundings , ordered by population : Roswell : POB .","Metro Atlanta includes the following incorporated and unincorporated suburbs ( both inside and outside Atlanta ) , exurbs , and surrounding cities , sorted by population as of 2010 : Principal city Atlanta pop ."
"Despite Kostić 's leading capacity , the Red Star could not score any goal and the Italians reached the final .","Despite Kostic 's ability in front of goal , Red Star failed to produce any goals and so it was the Italians , who proceeded to the final ."
The Swedish East India Company ( Swedish : Svenska Ostindiska Companiet or SOIC ) would not be founded until 1731 for the purpose of conducting trade with the far east .,"The Swedish company of the East Indies ( in Swedish : Svenska Ostindiska Companiet , or SOIC , was founded in Gothenburg ( Sweden ) in 1731 for the purpose of trade in the Far East ."
""" If we believers are unable to hand hurry , embrace each other , kiss each other and even pray , our faith will be defeated "" , he said .",""" If we believers are n’t able to extend a hand , embrace and also pray , our faith will be defeated , "" the pope said ."
"As for birds , the basic rule for mammals ( with certain exceptions , see below ) is that they have two fundamentally different stages of sleep : REM and non - REM .","As with birds , the main rule for mammals ( with certain exceptions , see below ) is that they have two essentially different stages of sleep : REM and NREM sleep ( see above ) ."
"Time is necessary not only from the season as folly overwhelmed us , but from the bite sting of the industry ignores the series .",Time is needed not only from the season that emotionally overwhelmed us but from the biting sting of the industry ignoring the series .
"With all possible funds , you have been successfully unaware of our presence and about all other civilizations that have tried to communicate with you .","By all means possible you have been kept ignorant of our presence , and any other civilization that has attempted to communicate with you ."
""" And therefore , and for other reasons , my ' chance 's story is still unwritten . """,""" And so for this and for other reasons my "" ' History of Coincidence ' is still to write . """
Another part of this story which has gone completely uncovered in all English - language media as of this writing is the news that Assange has actually been transferred to the hospital wing of Belmarsh prison .,Something else around this story that has passed houses by in all English speaking media is that Assange has actually been transferred to the sick department in Belmarsh prison .
It has been criticized for using the Denuvo DRM system to prevent cheating and piracy .,It has been criticized by using Deruvo 's DRM system to avoid piracy .
"According to the coins chosen , payments may not be enough to cover budgeted expenses , or exceed them , according to the fluctuations of exchange rates .","Depending on the currencies chosen , contributions could significantly fall short of , or exceed , budgeted expenditures as exchange rates change ."
Facebook is an incredible place for all folks around the world .,Facebook is a great place for all the people around the world .
"We are dying , and you are killing us with the inefficiency .",- We die and you kill us with their inept
"In the words of Mr. José Ayala Lasso , the United Nations High Commissioner for Human Rights , should not persist","In the words of Mr. José Ayala Lasso , the United Nations High Commissioner for Human Rights ,"
One or more of the goods you ordered was listed at an incorrect price,- One or more of the goods you ordered were listed with a wrong price
"La Vie en Rose – strips with no fixed theme , dealing with everyday situations .",The VIE in Rose - comic strips with varied topics that deal with situations of daily life .
"of the Green Mountains is incomparably more striking than on the western ,",With nature in Lyngen is more than the mountains ;
- search for criminals and people who do not appear before the investigating judge and before the courts or refuse to fulfill sentence ;,"search for offenders and persons evading investigation , judgement or the serving of sentence ;"
"It is "" shot "" at the funkless people and fills their heart with funk and enlightenment from false ideology .","It is a "" shot "" to the people of the Funk movement that fills their heart with the funk and the enlightenment of this false ideology ."
A more disconnected series of outcrops occur along the line of the Southern Uplands Fault from Edinburgh to Girvan .,"One more series of outcrops are produced along the Southern Uplands , Edinburgh to Girvan failure line ."
The State is not devoid of ideas and proposals either by what makes the organization of local institutions .,""" The State also has ideas and proposals to put forward concerning the organization of local institutions ."
"Efforts must also be made to ensure that teaching and educational tools ( books , films , newspapers , etc . ) did not become a vehicle of racial prejudice .","In addition , it was necessary to try to prevent the media and education ( books , movies , newspapers , etc . ) , transmitting racist prejudices ."
The Housing Guarantee Scheme enables both civil and non - civil servants to acquire housing loans from building societies .,The Housing Warranty Plan offers civilian officials and other officials the possibility of obtaining loans for housing of construction companies .
38 How well they will not hear and see the day they come to us !,19:38 How well they will hear and see on the day they come to Us !
"22And who is more unjust than one who is preached to from the verses his Lord , then he turns away from them ?",Need something more than a regular DVI ( she ) -vga ( he ) transition ?
The strangest excuses used by people unfaithful,The most curious and used excuses by infidel people
Not confident about # 4 ?,Are you sure of # 4 ?
The banks have not learned,Have Banks Learned Nothing
"A second - party introduction can be unsettling for a child or the family , and we would prefer that the process be as comfortable , inspiring and private as possible .","A third party mix can be disturbing for a child or family , and we therefore prefer that the process is so considerate , inspiring and private as possible ."
"The challenge is not to find the ways to integrate , in modern management practices , knowledge , innovations and practices of indigenous and local communities .","The challenge consists of it in finding ways to integrate , in the modern programs of GestiN , knowledge , innovations and the practices of the Indian and local communities ."
They are like the Bourbons in France who learned nothing and forgot nothing .,They are like Bourbons in France who have learned something and forgot something .
"Descartes originally claimed that consciousness requires an immaterial soul , which interacts with the body via the pineal gland of the brain .","Descartes originally said that consciousness involves an immanent soul , which observes a representation of the world in the pinena gland of the brain ."
"In its entirety , it is expected that the aforementioned measures will reduce the increase in carbon dioxide emissions up to 2000 by approximately 20 % compared to growth without the adoption of measures .","In total the measures described above are expected to reduce growth in carbon dioxide emissions by around 20 per cent of the "" business - as - usual "" growth by 2000 ."
"This excursion was included , it was examined and in the local travel agents without counting that l ' excursion d ' scan of cavern .",This tour sites have been surveyed and included in local travel agents besides cave exploration tour .
No provision was made under this heading .,Naval operations -
"He insults people , objectifies women and is unfaithful as often as he can .",""" He insults people , he objectifies women , and cheats whenever possible !"
It was the unanimous view of the participants that the fuller success of their work requires improved relations and closer cooperation with other bodies within and outside the United Nations system .,Participants unanimously reviewed that the success of its work required that relations and cooperation with other organs of the United Nations system and others will be improved .
The message was clear : clothes are redundant – it ’s all about the It - Bag .,Their message was clear : the clothes are superfluous it&#39;s all about the bag .
It is eventually revealed that the Mountain Men are transfusing blood from imprisoned Grounders as an anti - radiation treatment as their bodies have not adapted to deal with the remaining radiation on Earth .,Eventually it is revealed that mountaineers are making blood transfusions with terrestrials captured as a treatment against radiation .
"Johann Bernoulli defended Leibniz by showing that he had solved certain problems with its methods , which Newton had not managed to solve .",Bernoulli defended Leibniz by showing that he had solved certain problems with his methods that Newton had failed to solve .
"In OFDM , the carriers are modulated so slowly that each carrier is virtually unaffected by the bandwidth limitation of the channel .","In OFDM , the carriers are modulated so slowly that each carrier is almost independent of the bandwidth limitations of the channel ."
"Some financial resources for the program have been received from donors , in addition to UNDP financing , which is collecting more contributions that allow a minimum support system without delay .","The programme has received some funding from donors , in addition to that provided by UNDP , which is seeking further contributions to ensure that a minimal support system can be established in due time ."
A demon may not open blind eyes ? »,Can a demon give sight to the blind ? ”
The Next - Generation Bomber ( NGB ; unofficially called 2018 Bomber ) was a program to develop a new medium bomber for the United States Air Force .,"The Next - Generation Bomber ( next - generation bomber ) program , formerly called 2018 Bomber , is a medium bomber that is being developed for the Air Force of the United States ."
"She use to sing in the group "" Isles "" as well as in the duo "" David and Olivia "" which no longer perform .","Sing in the group "" Isles "" as well as in the duo "" David and Olivia "" ."
"After the negotiations were broken , the Tartars clashed with the Russians in two bloody but not decisive battles .","After negotiations were broken , the Tatars clashed with the Russians in two bloody but indecisive battles ."
"During the first week of merciless induction rituals , and desperate to fit in whatever the cost , she strays from her family principles when she eats raw meat for the first time .","Through the initiation rituals of the sponsor week , she desperately tries to fit in at any price , and lets the family principles give way when she eats raw meat for the first time ."
« A Wink and a Smile » — Søvnløs i Seattle • Melodi : Marc Shaiman • Tekst : Ramsey McLean,""" A Wink and a Smile "" from Sleepless in Seattle – Music by Marc Shaiman ; Lyric by Ramsey McLean"
"The votes of other houseguests against her did n't count . ^Note 2 : On Day 8 , Jason answered the red phone and was told that he had to grant someone immunity .","Note 2 : On the 8th , Jason answered the red telephone and has to give any of his colleagues an immunity ."
Not the best in the west ?,Best in the West ?
"Dr. Roehm claims : "" This diet is without comparison the most successful anti - cancer diet in the world "" .","Dr. Roehm claims : "" this diet is far and away the most successful anti - cancer diet in the world "" ."
"On the surface , Chomga looks extremely difficult and feels unsafe .","On the surface , chomga looks extremely awkward and feels insecure ."
"Totila first attempted to capture Rome by storming the walls and overpowering and exhausting the small Roman garrison of 3,000 , but to no avail .","First he tried to capture Rome by simply assaulting the walls and exhausting the little Roman garnish of 3,000 men , but it was in vain ."
"Traditionally , the development assistance programmes of donors have , by and large , been focused on national projects rather than the ECDC entities .","Traditionally , donor development assistance programs have been focused , in general , in national projects more than in CEPD entities ."
"This has resulted in the transformation of the wide range of barriers facing international trade in agricultural products into transparent , albeit high , tariffs , and in the binding of all these tariffs .","This has led to the transformation of a wide range of barriers that opposed international trade in agricultural products in transparent rights , although high , and in the consolidation of all these rights ."
"This one had no reception in the United Kingdom , but remained in the first position in Brazil for 17 weeks .","It failed to make an impression in the UK , but it stayed on top of the Brazilian charts for 17 weeks ."
"Despite his good performances , Heerenveen did not consider him essential for the next season and sold it to Borussia Mönchengladbach .","Despite his contributions , Heerenveen deemed him surplus to requirements and transferred him on to Borussia Mönchengladbach ."
A lack of vitamin A was proven in 31 % of families and bedoxin ( B6 ) in no less than 85 % of them .,A vitamin A deficiency was registered in 31 per cent of the families and bedoxine ( B6 ) deficiency in as many as 85 per cent of families .
"The Council calls on the parties , in particular ULIMO - J , to release all hostages without harm .","The Council exhorts all parties , particularly to the Ulle - J , to release , healthy and saved , to all hostages ."
"Some of the links were inexpensive , and Tim had found a few more , so he made a small website for himself , where he entered all the webcams he knew about .","A few of the links were out of date , and Tim had come across some more , so he created a small webpage for himself , incorporating all the cams he knew about ."
"Benefit by Vesper , the woman he loved , fighting 007 persistent not to do his last mission personally .","Betrayed by Vesper , the woman he loved , 007 fights the urge to make his latest mission personal ."
Do n't waste your time ! » →,"Do nt waste your time . """
"Does this sound compatible with the type of blind , non - ruled and even random processes inherently in neo - darwinist evolution ?","Does this sound compatible with the kind of blind , unguided , and even random processes inherent in neo - Darwinian evolution ?"
"He suffered intensely from his crippled leg and from his chest , yet he would use no remedies .","He pulled his angry character and his sense of revenge , and his heart turned pure ."
"In practice , however , such assistance has often not been very effective in facilitating employment transition and has encountered various difficulties .","However , in practice , they have usually been very inexiture to facilitate the transition in the field of employment and have encountered various difficulties ."
"Inexorable exhaustion , on the other hand , lasts longer , is more profound and is not relieved by rest .","Constant exhaustion , on the other hand , lasts longer , is more profound and is n’t relieved by rest ."
Not the least important fact is that more transparent government and a clearly understood legal framework improve the climate for investment and growth .,"It is important to understand that a transparent government and a legal framework , of course , can improve the environment for investments and growth ."
He would welcome an informal meeting on the corporate plan as well as discussions on core versus non - core funding .,He would welcome the holding of an informal meeting on the joint plan as well as the realization of debates on the subject of basic financing and complementary financing .
Too many Christians have become more attached to the things of this world rather than to God and the things that He wants us to get involved in .,For many Christians have become more related to things in this world than God and the things he wants us to engage in .
""" Veep returns as sharp and gloriously unsentimental as ever "" .",« The intimate and revealing alvarez chicken like never » .
William Blum ’s Rogue State and James Lucas ’s thoroughgoing look at interventions and death tolls in 37 countries are both instructive references .,"William Blum 's book "" Rogue State "" and James Lucas ' thorough overview of interventions and death figures in 37 countries are both educational references ."
Do not forget the existing,Lest we forget the existing
"From 1930 until 1958 , Cerberus was the home of the Royal Australian Naval College , until it was clear that the base was becoming overcrowded and the College was moved back to HMAS Creswell .","From 1930 to 1958 , the base was also home for Royal Australian Naval College until it was moved back to HMAS "" Creswell "" ."
"After lackluster growth of less than 1.5 % in 2002 - 03 , GDP growth picked up to 2.5 - 6.2 % in 2004 - 07 , partly due to higher oil prices .","Following plenty of growth of less than 1.5 % in 2002 - 03 , BNP growth took up to 2.5 to 6.2 % in 2004 - 07 , partly due to higher oil prices ."
"Some non - governmental organizations have taken the initiative to create daytime care centers ( Young Women 's Christian Association , World Vision International and 31st December Women 's Movement ) .","Some NGOs have taken the initiative to establish day - care centres ( Young Women 's Christian Association , World Vision International and the 31st December Women 's Movement ) ."
UNHCR will often have to resort to the resources of member countries and non - governmental organizations .,"Most often , it would be necessary for UNHCR to draw on resources in member countries and NGOs ."
And if you do n't send it to at least 8 people . . . - Who cares well ?,And if you don`t send this to at least 8 people – who cares ?
His delegation thought it was regrettable that article 10 and the related commentary appeared to make civil servants ineligible for election to the court .,twenty - one . He regretted that article 10 and the corresponding comment apparently exclude the possibility of choosing officials in court .
Existing stand - alone solutions prevent continuous communication between individual areas of the plant .,Existing stand - alone solutions continuously restrict communication between the individual areas of the plant .
Choose an inexpensive used car with a low theft rating and high safety rating .,Choose a cheap used car with low theft and high security assessment .
"For a Christian , there is no doubt that Breivik has allowed sin and the evil to gain power in his life .","For a Christian , it can hardly doubt that Breivik has let sin and the evil get power in his life ."
( b ) The increased reliance on air freight to transport foodstuffs after the outbreak of civil unrest ;,b ) the increase in the use of air freights for transporting food products after the outbreak of civil disturbances ;
"Falleni pleaded not guilty to the murder , but the jury only took two hours to reach their verdict , and he was convicted and condemned to death .","Falleni declared himself innocent from the murder , but the jury only took two hours to reach his verdict , and was sentenced and sentenced to death ."
"Why not play a game that is about corporate history , important people , great milestones and the future ?","How about a game about your history , memorable people , important milestones and the future ?"
You want to analyze whether the workloads are really uneven so that you can improve the balance of assignments .,"You will analyze whether the workloads really are different , so you can improve the balance of the awards ."
"The Government has promised full anonymity during the one - month count , although employees will be able to ask the police for assistance if someone refuses to participate , reports the official newspaper China Daily .","The government has promised complete confidentiality during the month - long count , although census takers will be able to call for police help if people refuse to take part , the official China Daily newspaper said ."
"On a daily basis , grave violations of basic rights are uncovered in the administration of justice .","Likewise , serious attorneurs against fundamental rights occur in the daily administration of justice ."
That challenge begins when we notice that the benefits of globalization do not reach to alleviate the situation of extreme lack that suffers more than a quarter of the world 's population .,The challenge begins when we note that the benefits of globalization fall short of being able to alleviate the situation of extreme deprivation from which more than a quarter of the world 's population suffers .
"Viagra works well with all age group ? If you do n't believe it then you read this , or can socialize your talk to some of your male married partners .",Viagra works well with all age group ; if you do nt believe it then you read this or can mingle your talk with some of your male married partners .
"Only children can be separated from their parents if the latter do not fulfill their fundamental duties for them , as will be seen when it comes to brutality and negligence with children .","Children may be separated from their parents only when the latter fail to carry out their basic duties towards them , as will be seen in the section on abuse and neglect of children ."
"As well as the PSPC , the 2019 PCA schedule will be packed with unmissable tournaments - including the $ 10,300 Main Event ( January 11 - 16 , 2019 ) .","In addition to the PSPC , the program during 2019 PCA will be filled with great tournaments , including the Main Event with purchases of $ 10,300 ( January 11 - 16 , 2019 ) ."
When will the State party grant unaccompanied asylum - seeking minors between the ages of 15 and 18 the same rights and access to care as all other children in Norway ?,When will the party give single minor asylum seekers between 15 and 18 years the same care offer as any other child in Norway ?
"The author of the book , "" Gentle Sleep Solutions "" ( currently not released in Norwegian ) , Andrea Grace , claims that it is possible to teach children how to sleep .","The author of the book “ Gentle Sleep Solutions ” , Andrea Grace , claims that it is possible to teach babies to sleep ."
"They were especially common in the British Isles and Scandinavia before central heating became available , as temperatures would regularly unexpectedly plummet and wildly fluctuate during winter months .","They were especially common in the British and Scandinavian islands before the central heating is generalized , when temperatures usually collapsed or fluctuated suddenly during the winter months ."
"Their next two singles also reached the number one position , resulting in an uninterrupted period of 32 weeks in which a K3 song was at the top of that chart .",Its two singles also reached the number one position by staying K3 in the top for a total of 32 consecutive weeks .
"Since the discovery of the benefits this plant has , it is beginning to become a concern that there will be a lack of this ingredient in the coming years .","Since the discovery of the benefits this plant has , there is beginning to be a concern that there will be a shortage of this ingredient in the coming years ."
They also served as workshops for severely damaged aircraft ; They could repair some aircraft that could not be repaired in a front - line workshop and sent the most damaged to the factory .,"They also served as repair depots for severely damaged aircraft ; they would repair some airplanes that were damaged beyond a frontline unit 's repair capabilities , and send the worst back to a factory ."
Except for the fortress and its immediate vicinity Luxembourg was considered a province of the new Belgian state from 1830 to 1839 .,"Apart from the fortress and the city , Luxembourg was considered a province of the new Belgian state from 1830 to 1839 ."
"Being engaged in recycling , you do n't just care about the environment , but also expresses yourself and your values in an unusual way .","Being engaged in recycling , you not only care about the environment , but also express yourself and your values ​​in an unusual way ."
"On the contrary , the conflict in Yemen – from the perspective of the bigger picture the region -has become the hot territory in the ‘ Shiite - Sunni ’ conflict .","The conflict in Yemen - seen from the perspective of the entire region - has become a hot area in the "" Shia - Sunni "" conflict ."
"When these types of thoughts overwhelm you , it is important to remember that this is a symptom of the depression and these irrational , pessimistic attitudes , known as cognitive distortions - are not realistic .","When these types of thoughts overwhelm you , it ’s important to remember that this is a symptom of your depression and these irrational , pessimistic attitudes - known as cognitive distortions - aren’t realistic ."
"Anxiety informs us of our choices , our self - awareness and personal responsibility , and brings us from a state of un - self - conscious immediacy to self - conscious reflection .","Anxiety informs us about our options , our own knowledge and leads us from a state of self - consciousness to one self - consciousness ."
"I well remember that day of darkness , both within and without .",I remember well this day with darkness both inside and outside .
( b ) Is it a non sequitur ?,b ) Is it an erroneous conclusion ?
Children under 18 years of age may not work in cabarets and other similar establishments which feature live shows or in establishments which sell alcoholic beverages for consumption on the premises .,"Work of children under 18 years of age and other similar establishments that present live shows , as well as alcoholic beverages that must be consumed in the same establishment , are prohibited ."
Personal Finance Expert Farnoosh Torabi also gave Junior Achievement with 10 tips for economically soundless youth drivers .,Personal finance expert Farnoosh Torabi also provided Junior Achievement with 10 tips for financially sound teen drivers .
"Eminem , then an unknown local emcee , approached Bruce and , according to Bruce , handed him a flyer advertising the release party for the Slim Shady EP .","Eminem , at that time a local MC stranger , boarded Bruce and , according to him , handed him a "" Flyer "" of the La Slim Shady EP launch festival ."
33 Cooperation between the Institute and non - governmental organizations is carried out in a sphere of mutual interest with shared functions .,Cooperation between UNITAR and NGOs is in the field of mutual interests with shared responsibilities .
This is how we learn new things and gain access to unknown information and resources .,That ’s how we learn new things and access far flung information and resources .
but it is the word of God which the unrighteous deny .,"is the signs of Allah that the wrongdoers deny . """
"Type 1 knee pads regardless of other clothing , attached around the legs .","Type 1 Kneepads independent of other clothing , fastened around the legs ."
Consumer electronic products and services are increasingly multi - functional .,Electronic products and services to consumer are becoming increasingly more - functional .
"British North America , where slavery was prohibited and American legislation was not applicable , was a popular goal when the long border had several places that could be crossed .","British North America ( present - day Canada ) , where slavery was prohibited , was a popular destination , as its long border gave many points of access ."
"If this is not achieved , the treaty could be harmed , with negative consequences for any other treaty related to nuclear weapons that can be negotiated .","Failure to achieve early effectiveness of the treaty might damage the treaty , with negative consequences for any other nuclear - related treaties that may be negotiated ."
"In the playoffs , Dallas could not advance once again because the Kings of Sacramento won four games to one .","In the playoffs , the fifth - seeded Dallas failed to make progress yet again as the Sacramento Kings saw them off four games to one ."
Things should not be otherwise at the international level .,This should certainly be the case at international level .
"a ) to be informed without delay and detailed , in a language that includes , of the nature and the causes of the accusation formulated against him ;","( a ) to be informed promptly and in detail , in a language which the accused understands , of the nature and cause of the charge ;"
"There are others where , on the contrary , State capacity is perhaps overdeveloped and now has to be put to different uses , to “ steering rather than rowing ” .","In other countries , on the other hand , the capacity of the State may be excessively developed , in which case it must be used for other objectives , to "" govern the ship instead of rowing "" ."
"When TQM and downsizing were implemented regardless of cultural change , the attempts failed .","When TQM and downsizing were implemented independent of a culture change , they were unsuccessful ."
"The IR - viewer we only used twice , and I have already mentioned that this is not enough to draw any conclusion .",The IR viewer we used only twice and I have already mentioned that this is too small to draw any conclusion .
"It was the protagonist of the novel or love is not AR , in 1997 .",She starred in the telenovela O Amor Está no Ar in 1997 .
"Since 1990 , the Ministry of Education , in cooperation with non - governmental organizations and international organizations , strives to rebuild , renew , renew and recondition schools .","Since 1990 the Ministry of Education , in cooperation with NGOs and international organizations , has been attempting to rebuild , refurnish , renovate and overhaul the schools ."
In the case of the mentally ill these were those who were valueless and were to be discarded .,"In the case of mental patients , they had lost their courage and had to be discarded ."
Watch Dogs : Legion delivers a never - before - seen gameplay innovation that allows you to recruit and play as anyone you see in the iconic city of London .,Watch Dogs : ® Legion delivers a refreshing new game innovation where you can recruit and play as everyone you see in the iconic city of London .
Researchers in England have also reported that American medicines non - compliance prices can be so high at 50 to 80 percent among people with high blood pressure .,Researchers in England have also reported that U.S. medication noncompliance rates may be as high at 50 to 80 percent among people with high blood pressure .
"Whether your bedtime is closer to 8:00 pm or at 02:00 , you can choose the wrong food so you do n't get the sleep you need .","Whether your bedtime is closer to 8:00 pm or 2:00 am , choosing the wrong snack can keep you from getting the sleep you need ."
"The free way of savoyárov of singing , gesturing , not to stop moving on the scene and playing the violin , was causing a strong effect .","Savoyarov 's easy manner of singing , gesticulating , constantly moving around the stage and playing the violin had a profound effect ."
"In addition , as we mentioned above , swimming helps you build self - confidence , which is indispensable when it comes to making better decisions .","Also , as we have seen above , swimming helps you to increase your confidence in yourself , something essential to make better decisions ."
"Thioketones ( RC(=S)R′ ) are uncommon with alkyl substituents , but one example is thiobenzophenone .","The Tiocetones ( RC (= S ) R ' ) are rare with alkyl substituents , but an example is tiobenzophenone ."
Getting the very products is often difficult at large chain stores or huge corporations that pay more attention to the bottom line rather than quality .,Getting the products itself is often difficult in large chain stores or large companies that add more attention to the bottom line than quality .
Some people sit for pictures so naturally that it seems effortless for them to sit in front of a camera and look great .,Some people sit for pictures so naturally that it seems easy for them to sit in front of a camera and look great .
The chemical reaction catalyzed by an enzyme uses the same amount of substrate and generates the same amount of product as a non - catalyzed reaction .,The reaction catalysed by an enzyme uses exactly the same reactants and produces exactly the same products as the uncatalysed reaction .
It was to an impoverished country in need of peace and good government that David II was finally able to return in June 1341 .,It was a poor and emerging land with a strong need for peace and stable board as David II returned to June 1341 .
"Haakon , however , refused to abandon parliamentary convention and asked Hornsrud to form a new government .","However , King Haakon VII chose to follow parliamentary practice , and asked the largest opposition party and thus Hornsrud to form government ."
"Apart from the advantage of lower costs and speed of erection , Rubb bulk storage buildings are flexible enough to be built on ground susceptible to differential settlement and have much lower maintenance costs than traditional bulk storage facilities .","Apart from the benefit of lower costs and rapid mounting , Rubb Bulk Haller is flexible enough to be built on a hill exposed to varying sentences and has far lower maintenance costs than traditional bulk storage facilities ."
- Presidents have no luck for years tried to get Germany and other rich NATO countries to pay more for their protection against Russia .,“ Presidents have been trying unsuccessfully for years to get Germany and other rich NATO nations to pay more toward their protection from Russia .
"Both of the vessels were struck by shells and damaged , but not seriously .","Days later both appear burned and injured , but they are well ."
Many Maldivers want to leave the country because of restrictions and lack of freedom .,Many Maldivians want to leave the country due to restricted freedoms .
"In some countries , the high cost to users of being connected to the Internet , insufficient telecommunication infrastructure and other factors , may currently limit access to Internet .","It is possible that in some countries the high cost of the connection of users to the Internet , the insufficiencies of the telecommunications infrastructure and other factors are limiting Internet access ."
"In the 40th anniversary of national independence in 1959 , the wives appear to his ministers public without veil of his call .","At the fortieth celebration of national independence in 1959 , the wives of his ministers appeared unveiled in public at his behest ."
""" I never allowed myself to be a victim , "" he said . Russell led USF Dons to the NCAA championships of 1955 and 1956 , including a streak of 55 consecutive games won .","Russell led USF to NCAA championships in 1955 and 1956 , including a string of 55 consecutive victories ."
"50 mm Loreo for full frame or non digital cams , and the 3D FUN cam of 3dInlife ( also the clones Phenix PHC1 , Phenix SDC821 and Rollei Powerflex 3D ) .","50 mm Loreo Full Frame and 3D Fun of 3DinLife ( also Phenix phc1 , Phenix SDC821 and Rollei PowerFlex 3D ) ."
"You did n't have to expect such an answer from the Saint , he who has islands like lying fire , - .",But first wait to receive the fire of the Holy Spirit as you seek the Lord for that fire .
"When Jenn nothing closer to seeing a beaver , they are surprised with a bear .","When Jenn swims closer to see a beaver , they are surprised by a bear ."
"He also believed that no one , but the "" stupid and bad "" could believe that these flights had actually happened .",He also believed that none but the very “ stupid and dimwitted ” could think that these flights had actually taken place .
"The diagnostic examinations in Mountain Home revealed that the aircraft had a radius that did not work , since the transponder , the leak oxygen system , and a gradient radar system did not work .","Diagnostic tests at Mountain Home revealed that the aircraft had an inoperative radio , inoperative transponder , oxygen system leak , and a degraded radar system ."
"And if he is such a thing , you know , martyrs for freedom of expression , why does Wikileaks never publish anything that comes from Russia ? »","“ And if he ’s such a , you know , martyr of free speech , why does n’t WikiLeaks ever publish anything coming out of Russia ? ”"
Garments of not available from domestic ( TD / B/39(1)/2 ),Sri Lanka ( TD / B/39(1)/2 ) párr . 51
"Boko Haram regards the Nigerian state as being run by non - believers , even when the country had a Muslim president . ""","Boko Haram considers the Nigerian state that ruled by misrepresenting , even when the country had a Muslim president ."
"This included mainly , but was not limited to , the losses of Dagestan ( including its principal city of Derbent ) , Baku , Gilan , Mazandaran , and Astrabad .","This included mainly , the regions of Dagestán ( including their main city of Derbent ) , Baku , Gilan , Mazandaran and Astrabad ."
"Even so , all negotiations on this particular in the 1890s did not succeed .","However , all negotiations in this regard in the 1890s fell short ."
"Sixteen - year - old Marina lives in a small apartment in west London with her mentally unstable mother , Laura , and three old Hungarian relatives .","In a tiny flat in West London , 16-year - old Marina lives with her emotionally delicate mother , Laura , and three ancient Hungarian relatives ."
Not applicable to English,"Annex , Title"
Sometimes it ’s more fun to swim against the tide – as the BMW 2 Series Coupé flawlessly demonstrates .,"Sometimes it 's more fun to swim against the power , it 's BMW 2-Series Coupe a proof of ."
"You will need to get to the end of each schema rather than be killed by traps or to precipitate , jumping on platforms of various types , aggrappandovi walls and footings ..","You need to get to the end of each form instead of being killed by traps , or to evoke , jump on the platforms of different types , aggrappandovi walls and footings .."
Debates on government policies were not unusual and had generated a strong criticism in the Bafuku .,Debate over government policy was unusual and had engendered public criticism of the bakufu .
"The Tibetan regime of Ganden Phodrang , which until then was under administrative tutelage of the Qing dynasty , remained the only regime of the Himalayas that was not under British influence .","The Tibetan Ganden Phodrang regime , which was then under administrative rule of the Qing dynasty , remained the only Himalayan state free of British influence ."
It was founded in 1990 by rock artist Don Henley to prevent two development projects in Walden Woods .,"It was founded in 1990 by the artist Don Henley to avoid two development projects in Walden Woods , the forest around Lake Walden extending by Lincoln and Concord ."
"In other countries or regions , the OSCE is the principal protagonist in the search for solutions to disputes — if not the sole protagonist , as in Chechnya .","In other countries or regions , the OSCE is the main protagonist in the search for the solution of disputes , and in some cases the only one , as in Chechnya ."
Why is Christ the only One in the whole universe worthy to take the sealed scroll and unseal it ?,Why is Christ the only one in the universe worthy to take the sealed book and break the seal ?
"Except for the sickle mutation ( which itself is a desperate remedy ) , all mutations selected in the wild in humans for resistance to malaria are degradative .","Aside from the sickle mutation ( which in itself is a desperate agent ) , all mutations are selected in nature for humans , against resistance to malaria , degrading ."
But we do not believe that it must be restricted exclusively to that topic .,"That represents great progress , which should , we feel , be expanded to other areas ."
The deadliest of all deadly things : it kills you both when you have it and when you do n't .,The deadliest of all mortal things : It kills you both when you have it
"Therefore , it does not stop at Osaka Station .",In this way the circle ends at the Osaki station .
"These tapestries , then and now , regardless of individual opinion and interpretation , remain a peripheral art form .","These car loungers , then and now , despite individual opinions and interpretations , remains a peripheral art form ."
Bentley shares invitation transactions on NASDAQ&#39;s private market ; The strategic partner Siemens AG has gathered a minority without the right to vote . www.bentley.com,Bentley shares transact by invitation on the NASDAQ Private Market ; strategic partner Siemens AG has accumulated anon - voting minority stake . www.bentley.com
They had identified a number of non - market concerns which needed to be addressed by Governments and by the international community .,"In the conferences , several issues were indicated alien to the markets that governments and the international community have to face ."
"When these chemicals are no longer there , the body suffers from imbalance .","When these chemicals are n’t there , the body suffers from the imbalance ."
It is always important to inquire in the cities of Mendoza or Uspallata on the road conditions as it could be impassable at times .,"However , it is convenient to advise in the city of Mendoza or Uspallata about the state of the route as it can be cut ."
"Israel ’s retaliations , which level Gaza ’s unreinforced buildings and leave behind mangled bodies , sell more newspapers .","Israel 's retaliation , which adds Gaza 's fragile buildings in Gravel , sells several newspapers ."
"Further protection might be provided by a small cryogenic distillation system which would gradually remove impurities such as mercury vapor , and noble gases that can not be catalytically burned .",Additional protection could be provided by a small cryogenic distillation system that would gradually eliminate impurities such as mercury vapor and noble gases that can be catalytically burned .
"At the urging of both Yeesha and Esher , the player travels across four Ages , collecting four slates that unlock the tablet 's power .","Faced with the enthusiasts of Yeesha and Esher , the player travels through four Eras , collecting four tables to free the true power of the first ."
Western Zhili forces did not make any progress under the heavy shelling of the Fengtian army .,The Western forces of Zhili were arrested by the intense artillery fire of the Fengtian Army .
Her doctor advises her to fill the holes in her memory rather than be afraid of her past .,Later your doctor advises you to fill the holes in your memory instead of being afraid of your past .
They still died of things that respectable people in the north no longer got .,They still died of stuff that respectable people up No’th did n’t get any more .
The scheme of special acades has no long history in Norway ; It came in as part of the fighting of the tuberculosis in the latter part of the 1890s .,The use of communion cups in Norway is recent ; it was introduced as part of the fight against tuberculosis in the late 1890s .
"It was the refuge against fate , the last bastion of the hopeless , the place where their ancestors stood off great waves of enemies .","It was refuge against fate , the haplose last bastion , the place where their ancestors stood by big bols of enemies ."
He also belonged to the shooting team and loosen at the 1900 Olympic Games but could not participate because three of his six members were required for hammer launch .,Garrett was also a member of the Tug - of - War team at the 1900 Olympics that was forced to withdraw because three of the six members were engaged in the hammer throw final .
The difference between truth and not truth . ”,"Between recklessness and truth "" ."
""" The Times They Are A - Changin "" had not yet been recorded , but Glover saw his preliminary manuscript .",""" The Times They Are a - Changin ' "" had yet to be recorded , but Glover saw its early manuscript ."
"To be ranked one must compete in at least two level 3 matches , and old results will expire if they are not updated with following matches .","To be ranked must a shooter at least have participated in two level 3 matches , and old results disappear unless the results from new matches are added ."
Both died without leaving offspring .,Two of them are killed ; the last one escapes .
""" But , this distinction is often indistinct , even in driving manuals and car owners manuals , so that the terms are sometimes confused or abused .","However , this distinction is often blurred , even in driving handbooks and car owners manuals , so the terms are sometimes confused or misused ."
"His life was not easy there , they beat him and humiliated him because he was half a Chinese and half Peruvian .",He had a hard time there since he was often beaten up and humiliated because he was half Chinese and half Peruvian .
This was however refused by Dundee United 's management .,"However , this was rejected by Dundee United management ."
"On the other hand , if the lighting source is not coaxial with the look , the pupil appears dark since the retro reflection of the retina deviates away from the camera .","If the illumination source is offset from the optical path , then the pupil appears dark because the retroreflection from the retina is directed away from the camera ."
Days 1 till 7 of a woman ’s menstrual cycle mark the period during which she is least unlikely to conceive .,Day 1 to 7 of the woman 's menstrual cycle mark the period she is least likely to become pregnant .
"When a Las Vegas bodyguard with lethal skills and a gambling problem gets in trouble with the mob , he has one last play � and it 's all or nothing .","When a Las Vegas bodyguard with deadly skills and a gambling problem gets in trouble with the Mafia , he has one last piece … and that&#39;s all ..."
"This way , children do n’t waste time getting distracted or making excuses , thus enhancing their attention span .","In this way , the children escape to be distracted or come with excuses , thus increasing attention ."
"He recalls that when he was asked as a primary school student about his dream for the future , he answered unhesitatingly , "" to become a writer . ""","Remember that when in elementary school they asked him what he wanted to be older , he answered that writer ."
"Led by the MVP of the Julius Jenkins League , the team was superior to all the other competitors in the Play - offs and won the championship again after five years without winning it .","Led by the league MVP Julius Jenkins , the team was superior to all other competitors in the play - offs and won the championship again after five - year hiatus ."
"This small group is unlikely to be the most needy : to get a place on a boat you need to be highly mobile , and sufficiently affluent to pay several thousand dollars to a crook .","This small group is hardly the one who is in the greatest need : To move on the boats you must be very mobile , and wealthy enough to pay thousands of dollars to a villain ."
"The Assyrians tried that the people rebel against him , but they did not succeed .","The Byzantines attempted to recapture the city , but they were unsuccessful ."
"His powers let him know that his boyfriend Paco is in danger , but he does not listen to him .","Her powers let her know that her boyfriend Paco is in danger , but he ignores her ."
"Also 17 people who refused to perform military service last year did not start on higher education , apply for high school , or continue their studies .","In fact 17 people who refused to carry out military service last year were barred from enrolling in higher education , applying for high school , or continuing their studies ."
"While there is inevitably a legal aspect to all human rights work , the Human Rights project circles strongly around social justice and research which encompasses the three main aims detailed below .","While all human rights work has a legal aspect of himself , circles Law and Human Rights Office strongly around social justice and research that includes the three main goals described below ."
Will it be immediately usable or will there be a learning period ?,Instantly or will there be a learning process ?
"They were called Kafir ( "" disbelief "" ) of the Muslim neighboring people because were not Muslims .",They are called the Kafirs by the muslims .
"After Molly 's auditor has taken all the money from her account , she becomes both moneyless and homeless .","Adding to Molly 's misfortune , she finds out that her father 's accountant embezzled her money , so she is left penniless and homeless ."
This is another perfectly logical reason for his unresponsiveness .,This is another entirely logical reason for his disallowing .
No - cost Department for Development Support and Management Services,Economic Commission for Latin America and the Caribbean
"He spent around three months on the island , but he found his work very light and uninspiring .","He spent nearly 3 months on the island , but he found the work very easily and little inspiring ."
No overlap between functions in the same workplace ( demarcation ) .,Avoid the coincidence of functions of different people in the same place of work ( demarcation ) .
"The dish may alternatively be made with chicken rather than beef , in which case it is called dak - yukgaejang or dakgaejang .","The plate can be elaborated alternately with chicken instead of beef , in which case it is called Dak Yukgaejang ."
Though many Colombians are impoverished — roughly half of the population is poor — cycling is the nation 's second most popular sport .,"Although many Colombians are poor - about half of the population , poor cycling is the nation 's second most popular sport ."
We consider that it is serious that the Council has not managed to respond effectively and in a timely manner by addressing such a crucial issue for peace and security in such a volatile region in the world .,We consider this to be a serious failure by the Council to respond effectively and in a timely manner in addressing an issue so crucial to peace and security in such a volatile region of the world .
Ca n’t wait to see the new episode !,Can & # 39;t wait to see the next episode !
"In 1804 , he began expanding this autobiographical work , having decided to make it a prologue rather than an appendix to the larger work he planned .","In 1804 , he began to extend this autobiographical work , and now he had thought it should be a prologue than an addition to the larger work he planned ."
"It 's well worth taking the time to visit , and many resorts offer inexpensive tours to the site , which is also famous for the large colonies of iguanas that live here .","It is well worth taking the time to visit , and many resorts offer affordable excursions to the site , which are also known for the large colonies Iguanas who live there ."
But why not just read 5 pages a day ?,Why would I read only 5 pages per day ?
"Regardless of the cause , these 10 natural ways to alleviate neck pain can get you back to normal in not time .","Whatever the reason , these 10 natural ways to alleviate neck pain can get you back in normal thread again ."
"However , merchants who benefited from smuggling claimed Cisneros who annul free trade , which agreed not to lose their support .","However , traders who profited from smuggling asked Cisneros to set aside free trade , which he agreed to do in order to keep their support ."
""" It was a marvellous debut , almost unbelievable .",""" It was a wonderful debut , almost amazing . »"
This leads to non - intuitive results .,This leads to some counter - intuitive results .
"Since the originally planned destination Minsk was already overcrowded , further deportation trains were rerouted to Riga , which itself was overcrowded .","Although the destination intended initially was Minsk , given his overpopulation , the more deportation trains were diverted to Riga , which also exceeded his capacity ."
"Rawdon Crawley 's elder brother inherits the Crawley estate from his father , the boorish and vulgar Sir Pitt , and also inherits the estate of his wealthy aunt , Miss Crawley , after she disinherits Rawdon .","Rawdon Crawley 's older brother inherits his father 's crawley farm , and also inherits from his rich aunt , Miss Crawley ."
"there was no way out of the flames , and that they were lost forever .","They sin up to the peak , so they will be destroyed forever ."
fifty . The President thanks the Paraguayan delegation and non - governmental organizations their cooperation ; The Committee expects them to provide more information about Paraguay .,The CHAIRPERSON thanked the Paraguayan delegation and NGOs for their cooperation ; the Committee looked forward to receiving further information from them on Paraguay .
"Sometimes , on- and offline community settings are n’t support groups in the traditional sense , but they still provide helpful resources for children of autistic parents .","Sometimes , on and offline community settings aren € ™ t support groups in the traditional sense , but they still provide useful resources for children of autistic parents ."
"They had almost 300 orders in the DC-6 portfolio and their successor , the DC-7 , which had not yet flown , and there were 2 years to enter into service .","They had almost 300 orders on hand for the piston - engined DC-6 and its successor , the DC-7 , which had yet to fly ."
• Do not use or store memory cards near strong magnetic,•Avoid using or storing memory cards near strong magnetic
"Confronted with Macron 's obvious irresistence , Jean - Marc Canon claimed from CGT that "" the opportunities for social dialogue with the government have been exhausted "" .","Faced with Macron ’s obvious intransigence , Jean - Marc Canon of the CGT claimed that “ the possibilities of social dialogue with the government have been exhausted . ”"
"The disciples looked at each other perplexed , for not knowing about who said it .","Then the disciples looked one on another , doubting of whom he spake ."
"This is achieved by excessive privatisation of public services ( dispossession of citizens ) , and access to natural resources ( dispossession of peoples ) .","This is achieved through extensive privatization of public services ( taken from the citizens ) , and access to natural resources ( taken from the people ) ."
"He had direct eye contact with me when his eyes took on an unclear , absent expression ... and he was dead . ""","He had direct eye contact with me when his eyes took on a hazy , absent expression … and he was dead . ”"
"If you have not seen it yet , do put in on your list .",If you also see some weather regions ( see below ) then write it up too .
"In the few countries where legislation does exist , employers find it easy to avoid as the women themselves are unaware of their rights .","In the few countries where there is legislation on the subject , employers elude it easily , since the interested parties ignore their rights ."
Are not the criteria arbitrary ?,Are the criteria arbitrary ?
"Joint meetings between UNAMIR and the Rwandese Patriotic Army , which had been held on a fortnightly basis , have not taken place during the past three months .","In the last three months , the joint meetings of the UNAMIR and the Rwandan patriotic army , which were biking ."
"For customers who have supported products with update pack versions that are no longer fully supported , Microsoft offers commercially sound support as follows :","For customers on supported products with service pack versions that have left full support , Microsoft offers commercially reasonable support as follows :"
And it 's the unbelievers who are the unfair .,The disbelievers are the wrongdoers .
"You are truly the most exalted , Almighty , the unimiteed .","Verily art Thou the Invincible , the Almighty , the All - Powerful ."
"It ’s an inexpensive product and is easily purchased anywhere , but you must take the all - natural Forskolin extract , as the synthetic variety has disappointing weight loss results .","It is a cheap product and is easily purchased anywhere , but you have to take it completely natural forskolin extract , as the synthetic variant has disappointing weight loss results ."
"In Paris , the city that was once the core of the European culture , and the world 's art capital , no longer had a climate for art .",In Paris ( the former center of European culture and the former capital of the art world ) the climate for art was a disaster .
Sol Solution Sunless Tanning Mousse is without a doubt a must for any woman who has longed for a tan that reflects a Victoria&#39;s Secret Angel .,The Sol Solution Sunless Tanning Mousse is no doubt a must - have for any woman who 's longed for a tan that mirrors a Victoria 's Secret Angel .
"After the war , Dausset worked as an intern at the Paris Hospitals , which were in a state of disrepair and badly needed structural reform .","After the World War , Daauset worked as a trainee at various hospitals in Paris as at this time in a state of maturity and a new structural reform was much intended ."
How stupid I did n't have to be in order to believe anything that the father 's father had to say anyway ?,How foolish could I be to believe anything the Father of Lies would have to say anyway ?
The rate of repatriation which took place in 1992 and at the beginning of 1993 did not continue .,The rhythm of repatriation observed in 1992 and at the beginning of 1993 was interrupted .
"Woods is fearless , and they lead with a determination that exceeds all limits .",Woods lead with a determination and will that surpasses all limits .
"However , his Alpha suit is not strong enough , protects his family a lot , especially his sister , Konoha .","He is very protective of his family , especially his sister , Konoha ."
"As such , they may create both military or commercial airline airplanes , and they may even use names of real life airlines , as long as they do n't make profits out of their designs .","In this way they can create both military and commercial aircraft using the names of real airlines , so that they can take advantage of their designs ."
"He was also named as an unused substitute in 11 reserve matches , including the final of the Manchester Senior Cup , earning him a winners medal .","It was also named as a substitute in 11 reserve games , including the final of the Manchester Senior Cup , which earned him a winner medal ."
"Steve works too much , and with their two children out of the house , Brenda feels lonely and unfulfilled .","Steve works too much , and with their two children out of the house , Brenda knows lonely and empty ."
"The path that must be followed is a flexible , operational or even modular system for the humanitarian activities of the United Nations , without monopolization or supercenter .","A flexible , operational or even modular system for United Nations humanitarian activities , free from monopolism and hyper - centralization was the way forward ."
These fearless birds will also take food off unattended plates or tables .,These birds are encouraged to take food of dishes or tables .
"However , various offers to raise great contributions through concerts , the donation of works of art or other means did not result .","However , several offers to raise large contributions through concerts , the donation of art works or other means were unsuccessful ."
"On February 1998 , he sent his troops to push out the infamous military junta and rebel alliance of Johnny Paul Koroma and Sam Bockarie , known as Maskita .","In February 1998 , he sent his troops to take the contabernity of the military junta and the rebels of Johnny Paul Koroma and Sam Bockarie , known as Maskita ."
"Our friendship is watered and we were again party partners and wings , even though I was hardcore as a fake romantic uninteresting .","Our friendship rekindled and we once again became party partners and wingmen , even though I was hardcore faking romantic disinterest ."
"In a conversation with a doctor , Paul knows that his wife had recently taken abortion without telling him .","During consultations with a doctor before the surgery , Paul learns that his wife had undergone an abortion after they had separated in the past ."
"- "" Move yourself if you do n't want to stand next to me . »",""" Now leave , unless you wish to continue your argument with me . """
- It is the Iraqi people who have made this election an unconditional success .,"The Iraqi people , themselves , made this election a resounding success ."
Here are some great potential replacements for Jimmy Kimmel who are not lame white men,Here are some great potential replacements for Jimmy Kimmel who aren&apos;t lame white men
No security breach that affects personal data in our production systems,0 breaches that affect personal data in our production systems
"At the University of Minnesota , for example , they have concluded that an unorganized space promotes creativity to those who hold there .","The University of Minnesota , for example , has concluded that a disorganized space promotes the creativity of its inhabitants ."
"In 2011 , the US border guards stop around 6800 paperless children .","In 2011 , U.S. border patrol detained around 6,800 undocumented children ."
""" About Old Mr. Emerson - - I do n't quite know .",""" About old Mr. Emerson I hardly know ."
"Jamaat - e - Islami was opponents of independence for Bangladesh , but refuses that they have committed some abuse .","Jamaat - i - Islami campaigned against the independence of Bangladesh , but denies committing any atrocities ."
"Hierocles argued against astrological fatalism on the basis that it is supported by an irrational necessity rather than a divine , rational Providence of God .","Hierlles argued against astrological fatalism as this is maintained more in an irrational need than in a divine need , a rational divine providence ."
"It is similar in concept and function to the Pixel Detector but with long , narrow strips rather than small pixels , making coverage of a larger area practical .","It is similar in terms of design and operation to the pixel detector , but each module is longer and narrow , allowing to cover large areas ."
"At the best , they just do unstay , at their worst are the evil vesner who does not know what is right or wrong .",o The serpent is right they will know what is good and what is bad .
"No , it 's beyond extreme .",It is beyond extremely .
His violent rhetoric and willingness to physically confront anti - fascist elements head - on played no small part in further marginalising the BUF .,His violent rhetoric and willingness to physically confront the antifascist elements played a major role in the marginalization of BUF .
"The name is not known for which they called themselves , but the Cherokee called them Ani - Suwa'ii and the Catawba referred to them as Sara ( "" place of high herbs "" ) .","The name they called themselves is lost to history but the Cherokee called them Ani - suwa'li and the Catawba Sara ( "" place of tall weeds "" ) ."
"However , there is no doubt that Ib Ostenfeld has treated Johanne Agerskov ’s daughter , Inger .","But what is safe is that Ib Ostenfeld has treated Johanne Agerskov 's daughter , Inger ."
"In this unfortunate situation and given the obstacles created by the parties , ECOMOG and UNOMIL have experienced serious difficulties in deciding upon a precise and decisive course in the matter of disarmament .","In this difficult situation and before the obstacles created by the parties , ECOMOG and UNOMIL have had serious difficulties in deciding the course of definitive action in the issue of disarmament ."
"& quot;Listen , Harriet,&quot ; he said at last , & quot;I do not like this ; let me look at the baby.&quot ;","“ Look here , Harriet , ” he said at last , “ I feel bad ; I want to see the baby . ”"
I 'm not here to talk you out of everything you might think about doing .,Nor am I here to talk you out of anything you might be thinking of doing .
"The soprano reprises the chorale melody in duple rather than the original triple time , with a responding line in the bass voice .","The soprano returns the melody of the principle of the coral in binary rhythm instead of the ternary of the original , with a line that responds in the voice of the bass ."
"This made observations from both sides of the planet impossible , [ 102 ] and less than 45 % of the surface was mapped . [ 103 ]","This made observation of both sides of the planet impossible,[39 ] and resulted in the mapping of less than 45 % of the planet ’s surface.[40 ]"
"The paradox lies in that "" they "" has not yet contacted us ; The age and size of the universe indicates that several advanced civilizations exist .",The Fermi paradox can be stated more completely as follows : The size and age of the universe incline us to believe that many technologically advanced civilizations must exist .
""" They just called from the bar , you left without your wheelchair again . ""","They just called from the bar and said you had forgotten again your wheelchair ... """
"All this leads us to understand that technology provided by an SSL certificate is a secure transfer of information via the Internet , and thus confirms that the data is inaccessible to unwanted people .","All this leads us to understand that the technology that provides an SSL certificate is the secure transmission of information over the Internet , and thus confirm that the data are free of unwanted people ."
"It is aimed at government officials , researchers , teachers , students , non - governmental organizations and academic institutions .","The targeted audiences include government officials , researchers , teachers , students , NGOs and academic institutions ."
"And you have 14 percent of non - citizens , according to academic research , as a minimum , is registered to vote , which is an amazing statistic .","You have 14 percent of noncitizens , according to academic research , at a minimum , are registered to vote , an astonishing statistic . ”"
"Governments and universities in several western countries , including the United States , have not found convincing evidence against MSG .","Governments and universities in several Western countries , including the United States , have failed to find convincing evidence against MSG ."
The south end of the island is nearly all deep uncultivated moss .,The south side of the island consists almost exclusively of deep moss .
The experiment is monitored by a webcam but technical problems prevented the November 2000 drop from being recorded .,The experiment is guarded by a webcam although certain technical problems avoided that the fall of the octave drop was recorded .
Lean is Not Mean,Lean er mean
"He had suffered from Acromegaly because of the tumor for much of his life , but he had not been diagnosed .","He had been suffering from acromegaly resulting from the tumor for much of his life , but it had gone undiagnosed ."
"Ultimately , however , the decision of whether or not to use an app theme comes down to your individual needs .","Finally , the decision to use an app theme , comes down to your individual needs ."
"In 1967 , IBM tasked their San Jose , California development laboratory to develop a reliable and inexpensive system for loading microcode into their System/370 mainframes in a process called Initial Control Program Load ( ICPL ) .","In 1967 , IBM entrusted a new task at its San José Development and Storage Center ( California ) : develop a simple and cheap system to load microcode in the System / 370 of its central computers ."
The Constitutional Court of the Republic of Bosnia and Herzegovina declared Herzeg - Bosnia unconstitutional on 14 September 1992 .,"The Constitutional Court of Bosnia and Herzegovina declared Herzeg - Bosnia illegal , first of September 14 , 1992 and definitely on January 20 , 1994 ."
a ) Article 367 provides to condemn forced labor for all officials who stop or imprison a person in cases not foreseen by law ;,( a ) Article 367 provides that any official who arrests or imprisons any person in cases other than those provided for by law will be punished by a sentence of forced labour for life ;
That was also one of the reasons that I applied here – I get to work with an incredible number of different people from all over the world . ”,It was also one of the reasons why I applied to me - that I get to work with incredibly many different people from all over the world .
"If you allow disreputable visitors , then these guests will probably steal from your house .","If you allow guests with a bad reputation , these guests will probably steal from you ."
"In addition , the capital of the Republic was in Antioch and not in Iskenderun ( Alejandreta ) .","Also included was the south - central part of Anatolia , including the cities of Antioch ( Antakya ) and Alexandretta ( Iskenderun ) ."
In the invitation we were promised that there would be many non - members present .,"In the letter of invitation , we were promised there would be a number of nonmembers present ."
But our specialist services are n't reserved only for these environments .,"However , our specialist services are far from reserved for these environments ."
"& quot;The embassy&#39;s claim that children are only deprived of their parents when there is&quot ; serious neglect , abuse or mistreatment & quot;is so incorrect that it can be characterized as a gross lie.&quot ;","The Embassy 's claim that children are only taken from their parents when there is "" serious neglect , maltreatment or abuse "" is so far from the truth that it may be characterised as a serious lie ."
"Bonded workers incur debt for housing , food , clothing , and medical expenses , as well as fees for not completing the work on time or to make mistakes .","Bonded laborers incur debt for housing , food , clothing , and medical expenses , in addition to fees for failing to complete work on time or for making mistakes ."
"The secretary and musical director of this Church , Anne ( Susan Clark ) , did not trust the changes that Hill intends to carry out .","The secretary / music director for the church , Anne ( Susan Clark ) , is wary of the changes Hill intends to implement ."
"The current president is critical to the U.S. presence in the region , and has refused to extend a military base agreement .","The current president is critical of America 's presence in the region , and has rejected to extend a military base agreement ."
( i ) Introduction of sanitary waste disposal facilities based on environmentally sound low - cost and upgradable technologies ;,i ) establish sanitary waste disposal facilities based on perfected and ecologically appropriate low - cost technologies ;
It also faces new issues ranging from A lack of Bell Ringers in some cities to fewer kettlebidays as people have less money .,It also faces new problems ranging from a shortage of bell ringers in some cities to fewer kettle contributions as people carry less cash .
"For example , a change in the strength of gravity or of the atomic weak force by only one part in 10100 would have prevented a life - permitting universe .","For example , a change in gravity degree ( strength ) or of the weak atomic power with only one part out of the * 10100 would have excluded any way of life in the universe ."
White can not start with 1 .,If White starts with 1 .
The UN says that Saudi Arabia 's blockade of Yemen has led to at least 14 million jemenites lacking food .,The U.N. says a Saudi - imposed blockade has left at least 14 million Yemenis short on food .
Adherents believe that women born in hinoeuma years are unmarriageable and bring bad luck to their father or husband .,Supporters believe that women born in Hineeumas are striking and bring bad luck to the Father and the husband .
"Do not get lost , do not fade .","Please TURN AROUND , DON`T DROWN ."
"LMF remains one of the few , if not the only , well - known localized rap groups .","LMF is still one of the few bands of the RAP genre , better known in different locations ."
"Jolliet and Jesuit Father Jacques Marquette , a Catholic priest and missionary , were the first non - Natives to explore and map the Mississippi River in 1673 .","Jolliet and the missionary Jacques Marquette , a Catholic priest , were the first white explored and drawn maps of the Mississippi River ."
Bonki was heathen and obviously did not come in the church .,"Bonki was a pagan , and of course he didn`t go to church ."
"After paying an established amount of 1,400 rupees , these companies can no longer be subject to research by the competent fiscal authority ( Chee , 1995 ) .","After paying a stipulated amount of Rs . 1,400 , they are free from any inquiry from the income tax authority ( Chee , 1995 ) ."
Raqqa 's besieged residents do not get acute medical assistance,Raqqa ’s besieged residents deprived of urgent medical care
"That same year , Wooley intended to record the song "" Do n't Go Near The Indians , "" but he was delayed by an acting job .","Wooley wanted to record the song "" Do not Go Near The Indians "" , but his interpretive work postponed the album ."
They are limited to a specific area and specific period of time and are generally inexpensive .,"They confine themselves to a specific area or specific time period , and generally cost little ."
"It was conceived as stardom for singer Rick Springfield , who had a solid performance sheet for TV and a great sunrise for his rock career , but there was still no rupture in the cinema .","It was meant as a starring vehicle for Rick Springfield , who had a solid television acting resume and a blossoming rock - pop career , but had yet to break out in feature films ."
"In some cases , retraining of labour made redundant by privatization is handled by the focal point for privatization ( Benin ) .","In some cases , the recycling of surplus personnel as a result of privatization is carried out by the Central Privatization Office ( Benin ) ."
"Therefore , there is no doubt that the Treaty must continue to serve the vital interests of security of the international community .",Hence there was little doubt that the Treaty must go on serving the vital security interests of the international community .
Hosting and advertisement costs are still just as much a concern for non - organized webserial authors as webcomic artists .,Host and announcement costs are still both a concern about WebSerials authors and webcomics artists .
"IOT devices were recently involved in some of the biggest "" refused access to services "" attack - flooding of websites with traffic to they crash .",IoT devices were recently involved in some of the largest “ distributed - denial - of - service ” attacks – flooding websites with traffic until they crash .
"You can bring it up when you communicate about your feelings , but informal jabs about significant others&#39 ; unfaithful behavior will only make things worse .","You can bring it up when you 're communicating about your feelings , but casual jabs about your significant other 's cheating behavior will only make things worse ."
Goldfish do not have a three other memory,Goldfish only have a three second memory
"Given the lack of doctors in more remote areas , he also hopes to offer medical services in North Ontario .","Given the shortage of doctors in more remote areas , he also hopes to provide medical services in northern Ontario ."
"The song "" Frühling in Paris "" features lyrics from the song "" Non , je ne regrette rien "" by Edith Piaf .","This time for its magnificent interpretation of the song "" Je ne Regrette Rien "" by Edith Piaf ."
"His campaigns were meticulously planned , and his army knew all the classic methods of siegecraft , such as encircling ramparts and battering rams .","His warrior was carefully planned and his army known all the classic methods of siege , such as the attenuation of defense walls and rams ."
"Regardless of the changes of name , however , the modern Mongolian government recognizes the office as having existed continuously since 1912 , and counts all holders of the office as Prime Ministers .","However , despite the name changes , the current Mongolian Government recognizes that the prime minister 's position exists continuously since 1912 and that all his occupants possess said title ."
Have n't seen Lucha Underground ?,Have you seen Lucha Underground ?
"The pounds could be changed at no cost in any banking entity until June 30 , 2008 .",Cypriot pounds were convertible free of charge at Cypriot credit institutions until 30 June 2008 .
Its branches are unbelievably tough .,Their branches are incredibly harsh .
Poor kid – he must feel completely unmoored .,"Poor man , he must feel completely amputated ."
"Likewise , the Secretary General prepared a report containing the comments sent by governments and non - governmental organizations on the Optional Protocol and its viability .","The Secretary — General had also prepared a report containing comments received from Governments and NGOs on the optional protocol , including its feasibility ."
"He left no legitimate heirs , so his uncle Charles , Duke of Lower Lorraine , was nominated as the hereditary successor to the throne .","His uncle , Duke Karl of Lower Lorraine , was nominated as hereditary successor to the throne ."
"It was Shabaka , Piye 's successor , who later rectified this unsatisfactory situation by attacking Sais and defeating Tefnakht 's successor Bakenranef there , in his second regnal year .","It was Shabako , the successor of Pianjy , who subsequently rectified this little satisfactory situation attacking Sais and defeating the successor of Tefnajt , Bakenrenef ."
Brochures and documents relating to human rights were distributed to non - governmental organizations and the University of Asmara in order to help them celebrate Human Rights Day .,Booklets and documents pertaining to human rights were distributed to NGOs and Asmara University in order to assist them in celebrating Human Rights Day .
"These patients have almost all symptoms and a confirmed history of alcohol exposure , but may not have growth deficiencies or full facial stigma .","People with pFAS have a confirmed history of prenatal alcohol exposure , but may lack growth deficiency or the complete facial stigmata ."
"This year , Japandroids combines its two previous EPS in a non - singles called compilation .","The same year , Japandroids re - released their first two EPs as a compilation titled No Singles ."
"The card was often mistakenly called LAPC-1 , but images of the card show that there is one in it , not 1 .","The card was and is often mistakenly called LAPC-1 , but photos of the card 's PCB and retail box show a capital letter I rather than a figure 1 ."
"But the workers scarcely have time for vacation or leisure , and the trip inland can still stretch over a whole day .","But the workers have barely holiday and leisure , and the travel path inland can still stretch over a day ."
"A notable major redevelopment is underway in the Old Kallang Airport Estate , where many of the low - rise blocks are currently unoccupied .","An important remarkable reconstruction is underway in the old airport polygon , where many of the low - rise blocks have been demolished ."
"Atë then wandered about , treading on the heads of men rather than on the earth , wreaking havoc and delusion amongst mortals .","Athet so wandered around the world , stepping on the heads of men instead of Earth , causing chaos among mortals ."
"In 1941 , non - Spanish names were banned , thus becoming FC Barcelona and Sevilla FC to "" CF Barcelona "" and "" Seville CF "" , while Athletic Bilbao changed the spelling of "" Atlético "" .","FC Barcelona and Sevilla FC became CF Barcelona and Sevilla CF , and Athletic Bilbao had to change the spelling of their prefix to Atlético ."
"According to Mao , the possibilities that a Moratorium becomes a contractor are practically null , although in the case of Mai it comes to succeed .","According to Mao , the chance of a Moratorium morphing into a Contractor is near - zero , but possible ."
"You saw it was hard for him , he had pretty much no pre - season and played after one week .","One could see that it was hard for him , he had almost a week preseason and played a week after that ."
"In the country with the most powerful economic system , economic theory persisted to be extremely worthless .","In the land of the most powerful economic system , economic theory continued to be exceedingly barren ."
"By December , that option was no longer feasible and the peso was devalued .","In December , that option stopped being viable and the weight was devalued ."
"There is , therefore , a nuance that should not be lost .","There was , therefore , a shade of meaning to be preserved ."
"Blaster 's first appearance was in episode 20 , "" Dinobot Island , Part 1 "" with no particular origin , simply appearing among the Autobots .","Blaster first appearance was in episode 30 , "" The island of dinobots part 1 "" , this was among the autobots ."
"5:10 However , the unbelievers who have called Our revelations lies will have hell for their dwelling .","5:11 And those who disbelieve and deny Our signs , these are the inhabitants of Hell ."
"Oh no , where is my Blackberry ?",Where is the BlackBerry mine ?
"The invention of the blue light is no more than twenty years old , but it has already helped create white light in a whole new way to the best of all of us .","The invention of the blue LED is just twenty years old , but it has already contributed to create white light in an entirely new manner to the benefit of us all ."
"Opponents deemed worthy by the media were billed as the ‘ Great White Hope ’ , as many whites sought to unseat Johnson as soon as possible .","Opponents who were considered worthy of the media were considered the ' great white hope ' , as many whites sought to accommodate Johnson as soon as possible ."
The alternative is that we focus on the takeover of the entire country of Norway — something Marxists and liberals would be mightily displeased with .,"The alternative is that we focus on the power takeover of the whole country , some marxists and liberalists , would have been distinctive little happy with ."
Qatar Foundation 's aim is to ' support Qatar on its journey from a carbon economy to a knowledge economy by unlocking human potential ' .,"The fundamentation 's goal is to "" support Qatar on the journey from carbon economy to knowledge economics by releasing human potential "" ."
Hindu mythology defines fourteen world is ( not to be confused with planets ) - seven higher worlds ( heavens ) and seven lower worlds ( hell ) .,"According to the Hindu Puranas , there are fourteen worlds in the universe – the seven upper and the seven lower ."
"If it feels like you ’re constantly footing the bill and they ’re mooching off of you , it ’s best to keep your accounts and finances separate and plan very inexpensive dates until they get their finances together .","If it feels like you constantly put the bill and mooching by you , it is best to keep your accounts and economies divorced and planning very affordable dates until they get their finances together ."
"Today , there are unclear boundaries between IAQ responsibility for professions that share interest in human and building health .","Today , the boundaries of IAQ responsibilities are blurring between professions that share an interest in human and building health ."
"When staying at a bed and breakfast , it is also easy to find out where to find other good but more unknown restaurants worth visiting .","When you stay at a Bed & Breakfast , you should enquire where to find other good , but lesser known restaurants that are worth visiting ."
No bureaucracy .,Excess bureaucracy .
"The latter , somewhat disdainfully , let him speak – and laughed at the plan ’s modest scope .",This one listens to him with a certain contempt - and laughs at the modest scope of the plan .
"c ) not allow public authorities or public institutions , at national or local level , to promote or encourage racial discrimination . ”","( e ) “ To prohibit public authorities or public institutions , national or local , from promoting or inciting racial discrimination ; ”"
"In the afternoons , members would thus have time to study all the documents presented to them by the Commission , governmental observers or NGOs , without necessitating extra expenditure on interpretation or secretariat services .","Thus , its members would have time to study in their homes , in the afternoons , all the documents before them , come from the Commission , of the observer governments or NGOs ."
"The television is a device that allows people who have nothing to do , can consider people who ca n't do anything .",Television is a device that permits people who have n’t anything to do to watch people who ca n’t do anything .
"Gulín 's voice was rich and powerful , not lacking in agility .","Gulín 's voice was rich and large , but capable of agility ."
There is no doubt that Peter was rescued by a miracle .,Peter was rescued by a miracle .
"Then it is , God makes the unblobes of disability .",That is so ; and Allah will surely undermine the design of the disbelievers .
The pair had the wherewithal to keep the box intact so that it could be unpacked by experts .,The couple had it to keep the box intact so it could be packed out of experts .
Now the password is no longer the most popular password,' Password ' is Still Most Popular Password
"Speed lines : Often in action sequences , the background will possess an overlay of neatly ruled lines to portray direction of movements .",COUNTS : Narrow steps in which you can easily count the cattle heads .
"These non - verbal tasks consist of performing movement responses , such as pointing or assembling ( Bain & Allin , 2005 ) .","These nonverbal tasks consist of making movement responses such as pointing or assembling manipulatives ( Bain & Allin , 2005 ) ."
"Therefore , while the manufacturing of these bags may be using a natural resource nonetheless , it is a different type of natural resource than what most people may think .","Therefore , while the production of these bags can use a natural resource anyway , there is another type of natural resource than what most people think ."
"When the plane could not be sold , Anthony Fokker sent it to its American subsidiary , the Fokker Aircraft Corporation of America .","When that airplane failed to sell Anthony Fokker had it sent to his American subsidiary , Fokker Aircraft Corporation of America ."
"Europeans , are not surprising , far less concerned about tariffs on Chinese goods than for self - produced goods .","The Europeans , unsurprisingly , are far less worried about tariffs on the Chinese than on themselves ."
"16 They claim that they know God , but the actions show that it is not true .","16They claim that they know God , but their actions deny it ."
Trump can get away with so many things once considered outrageous because he has a party machine and a media behind him that is prepared to tolerate and justify anything so long as the Republicans preserve power .,"& quot;Trump manages to get away with so much because he has the party machine and the media , which is willing to tolerate and justify anything as long as the Republicans retain power , behind them ."
"From January to October 2016 , she hosted the companion podcast to her Comedy Central show "" Not Safe "" with Dan St. Germain and Brian Frange .","From January to October 2016 , presented the accompanying podcast in its Central Comed Safe program with DAN ST . Germain and Brian Frage ."
"This originating practice takes place on December 25 or as some foreign people , who do not have this custom , on Christmas day .","The established indigenous practice takes place on December 25 or , as some others see it outside of the indigenous community , Christmas Day ."
"DEED are interested in researching the emotional and physical states linked to an altered set of circumstances , and a sensitive body no longer in control .","Deed examines the emotional and physical conditions associated with new circumstances , and a sensitive body out of control ."
"But Satan answered the Lord , "" It 's not without reason that Job fears God ?","9Then ( Q)Satan answered the LORD , "" Does Job fear God for nothing ?"
"Across Europe , the technologically achievable resource has been estimated to be at least 280 TWh per year .","Throughout Europe , this technologically feasible resource has been estimated at a minimum of 280 TWH ."
Let 's imagine that our best friend begins to dedicate himself to his family tirelessly because one of the members is dependent .,Imagine that your best friend begins to acquire his entire life to his family because one of the members depends on them .
"Stewart asks Caroline Emmett ( Ellen Drew ) to marry him , but she is undecided between the two friends and later marries Devereaux instead .","Stewart wants to marry Caroline Emmett , but she is indecisive between the two friends and later marries Devereaux ."
The unqualified parishioners made most of the work under the careful guide and direction of Erhard .,Unskilled parishioners did most of the work under Erhard 's careful guidance and direction .
Bose appreciate your help to prevent distribution of illegitimate products .,Bose appreciates your assistance in preventing the distribution of counterfeit products .
"In most cases , non - governmental organizations are contracted with loans for projects that are granted to beneficiary governments .","In most cases , NGOs are contracted to the project loans extended to the beneficiary Government ."
"South Africa did not reappear until the post - apartheid era in 1992 . South African golfers continued playing around the world , including PGA Tour events , European Tour and Grand Slam .","South African golfers continued to play around the world , including PGA Tour , European Tour , and Grand Slam events ."
The lights do not stand still .,The lights are quiet .
Registered Number of Total camp persons not population not,Total of the registered population that is in the camps
"In his geological books he attacked the theories of Charles Lyell , discounting the existence of Ice Ages in favour of great floods .","In his books about geology attacks Charles Lyell 's theories , discussing the existence of glaciations ."
"What kind of being was this snake , if insinuations triggered such a seismic disaster , which the world has not come from ?",""" What was this serpent whose insinuations triggered such a seismic catastrophe , from which the world has been reeling ever since ?"
Man can live and satisfy their wishes only by endless work ; by the endless supply of its faculties to natural resources .,Man can reside and satisfy his needs solely by ceaseless labor ; by the ceaseless software of his colleges to natural sources .
It is possible that to satisfy them you have to create special services from which many developing countries do not yet have .,This may require the creation of special facilities currently lacking in many developing countries .
"Nor were expenditure items enough to meet the needs of spare parts , repair and conservation of motor vehicles .","The requirements for spare parts , repair and maintenance of motor vehicles were also under - costed ."
“ Do you not see that Allah sends down water from the cloud so the earth becomes green ?,"You have seen that God sends water from above , and he leads it to sources on earth ?"
"Do not confuse with Naples Lazzaroni , the skier : David Lazzaroni Lazzaroni ( Pronounced ) is a brand name , related to several types of biscuits and bakery products from the Italian company D. Lazzaroni & C Spa .",Lazzaroni ( pronounced ) is the brand name related to several biscuits and bakery products manufactured by the Italian company D. Lazzaroni & C. Spa .
"I had a poor year , when I frequently batted for .350 , something I did not have in my last year .","I had a poor year , but even if I had hit .350 , this would have been my last year ."
The Red Cross may distribute clothing donations to impoverished communities .,The Red Cross can distribute clothing donations to poor communities .
Unrenouncability of labour rights .,IRENCIBILITY OF LABOR RIGHTS .
"But "" given that more than one in ten of the patients who rehospitalized back to acute care for a potentially unnecessary state , there is still room for improvement . """,""" However , "" they add , "" given that more than one in ten of the rehospitalized patients returned to acute care for a potentially avoidable condition , there is still room for improvement . """
Nothing now remained but the King 's signature .,Now only the king 's signature remained .
"Until these vouchers and supporting documentation are received , UNITAR can not reflect the expenditures in its financial statements .",UNITAR can only reflect expenses in its financial statements upon receiving vouchers and supporting documents .
"In 1757 a great expedition was sent to Rochefort where he captured an island on the high seas , but could not attack the city before returning to Puerto .","In 1757 a large expedition was sent to Rochefort where it captured an offshore island , but failed to make an attack on the town itself before returning home ."
"The word is a compound of the Nahuatl words nextli ( "" ashes "" ) and tamalli ( "" unformed corn dough ; tamal "" ) , and the process is still in use today .","The word is the mixture of the words in Nahuatl Nextli ( "" ash "" ) and Tamalli ( "" Mass of corn , tamal "" ) , and is a process that is still in use today ."
"A sequel was published in manga format with the title "" Shin Attack No 1 "" ( new attack nº1 ) in 1976 , but it did not last long .","A direct sequel was also released in manga format called Shin Attack No.1 ( New Attack No.1 ) in 1976 , but it was short - lived ."
"Computer Science and Engineering is an academic discipline devoted to studies and research on various aspects of information technology , which has become the core indispensable technology ... [ + ]","Computer Science and Engineering is the academic discipline devoted to the study and research of various aspects of information technology , which has become the core indispens ... +"
Trapattoni players tipped with death in the group stage and squeezed through thanks to a late smoothing against Mexico and Croatia 's lack of defeating Ecuador .,"Trapattoni ’s players diced with death in the group stage , squeezing through thanks to a late equaliser against Mexico and Croatia ’s failure to defeat Ecuador ."
"Yale needed people who could n't just break arms and legs , but that could kill .",""" Yale needed a stable of strongarms who could not only break arms and heads but would kill . """
"Due to the illegal introduction of carp ( Cyprinus carpio ) , Cyprinidae is now present in a destructive form in Australia .","Due to the illegal introduction of the carp ( cyprinus carpio ) , the family of ciprics is present in Australia and is responsible for important environmental and economic damage ."
"A detailed training programme had , however , been prepared by the Department of Peace - keeping Operations but it had not been submitted to ACABQ .","However , the Department of Peacekeeping Operations established a detailed training program that presented it to the Advisory Committee ."
""" An algorithm for the estimation of minimum squares of non - linear parameters "" .",""" An Algorithm for Least - Squares Estimation of Nonlinear Parameters "" ."
"No , as God said , "" As thy day , so shall thy strength be , "" ( Deuteronomy 33:25 KJV ) .","And the promise applies : "" As your day is , your strength should be . » ( 5 m 33:25 )"
"However , these agreements did not constitute a complete success : Clemente was able to recover some income , but in unsafe fixed payments due to inflation .","Clement was able to recover some revenue , but in fixed payments liable to real decline by way of inflation ."
"If the spots do not go away after the first time then do not give up , try a few times with Zalo and subsequent laundry .","If the stains doesn`t go away after the first time , don`t give up , try a few more times with Zalo followed by laundering ."
"On the contrary , it could actually help prevent it .","Starting , it can actually help prevent it ."
"His family moved to Long Island , New York when he was a child ; Dumile remains a British citizen and has not gained American citizenship .","His family moved to Long Island , New York when Daniel was small , although he continues to have British nationality ."
"Persuasion relies on "" appeals "" rather than strong pressure or coercion .","Persuasion depends on "" appeals "" instead of strong pressure or coercion ."
"In 1907 Vladímir Arséniev invited Dersú to live in his jabárovsk house due to the loss of vision that Dersu began to suffer , for which he could not continue to hunt .","From 1907 , Arsenyev invited Dersu to live in his house in Khabarovsk as Dersu 's failing sight hampered his ability to live as a hunter ."
Do you thrive in situations of chaos and rapid change or in periods that require relentless pursuit of a clearly defined goal ?,Do you thrive best in situations characterized by chaos and rapid change or in periods with a focus on one clearly defined goal ?
"Experts say no , not if used as indicated .",Experts say nonot if it 's used as directed .
It has not yet been proven if the destruction carried out by Victorians continues to be detrimental to Scotland 's fauna .,It remains to be seen if the destruction wrought by the Victorians continues to be the nadir for the fauna of Scotland .
"Although the authenticity of the event has been questioned , the experiment , which was carried out in the second half of the eighteenth century , did not show that coffee was a dangerous drink .","Although the authenticity of the event has been questioned , the experiment , which was conducted in the second half of the 18th century , failed to prove that coffee was a dangerous beverage ."
"Who can not admire in a large king 's sister such qualities like these , so rare among priests and monks ? »","Who could keep from admiring , in a great King 's sister , such qualities as these , so rare even among the priests and monks ? ”"
"As a customer , you should know what you can expect of us and not become any more engaged than you want to .","As a customer , you should know what to expect from us , and even have to engage you more than you want ."
A new report on shaman on wheels comes if not so long ....,A new report about Shaman on Wheels will come soon ...
Users and small businesses can register an unlimited number of domain names for free ( with some restrictions ) .,Users and small businesses may register up to 3 domain names free of charge ( with some restrictions ) .
"Compared to meat , fish was much more expensive for inland populations , especially in Central Europe , and therefore not an option for most .","Compared to meat , fish were still considerably more expensive for the inland population , especially in Central Europe , and remained often relatively exclusive ."
"In 1586 his Aliaods had assured Vest Recklinghausen , even though they had not managed to catch Scheck , and they had reduced Neuss to a pile of debris , showing his overwhelming firepower .","In 1586 , Ernst 's allies had secured Vest Recklinghausen , even though they had failed to catch the elusive Schenck , and they had reduced Neuss to a pile of rubble , proving their overwhelming fire - power ."
"After the unexpected death of Arsenal Manager Herbert Chapman in January 1934 , Allison was appointed new permanent manager in the summer the same year .","After the sudden death of legendary Arsenal boss Herbert Chapman earlier in January 1934 , Allison was appointed Chapman 's full - time successor in the summer of that year ."
"Unaware of the impersonation , Hammond steals his ring and turns Kalmaku into a chimpanzee .","Ignoring the deception , Hammond kidnapped Kalmaku , stole his ring and transformed it into a chimpanzee ."
"It was important for there not to be any duplication in the work of the three departments , which must reflect the mandates established by intergovernmental organs .","Duplications in the work of the three departments must be avoided , which must reflect the mandates established by the intergovernmental organs ."
"Similarly , unmarried mothers are entitled to claim maintenance for children on proof of paternity .","Likewise , single mothers have the right to claim their children 's food pension once paternity has been tested ."
Expense items wrongly included in unliquidated obligations .,Expenses items incorporated in the obligations to liquidate .
"You will have to find food , fight wild animals and protect yourself from the unpredictable weather .","You will have to find food , fight wild beasts , protect yourself from weather changes ."
"Regardless , all sources agree Delphine and LaLaurie ultimately married , with Delphine bringing significantly more wealth to her third marriage .","Anyway , all sources agree on Delphine and Lalaurie eventually married , with Delphine that gives significantly more wealth to her third marriage ."
"In the United States , if you own a car , you do n't just pay tax when buying a vehicle , but every two years under ownership .","In the U.S. , if you own a car , you pay taxes not only when you buy a vehicle , but every one to two years during ownership ."
"Hugo Borchardt had many non - firearms patents : a rock drill , a shirt - neck shaper , gas burners , ball - bearings , a wire - straightener , and various electrical apparatus .","Hugo Borchardt Patalent Many designs alien to weapons : a rock drilling machine , a milling machine , gas lighters , rulems , a wire straightener , and several electrical appliances ."
No one has questioned Defense Secretary Robert Gates&#39 ; information that 70 percent of all air transport to Iraq goes via Turkey .,Defense Secretary Robert Gates observed that 70 % of air cargo bound for Iraq passes through Turkey .
"Also in the fresh produce area , the convenience wholesaler finds suitable partners for refrigerated transport without any problems , thanks to the detailed supplier selection in TC eBid ® .","Also for fresh products , the convenience wholesaler easily finds suitable partners for refrigerated transports , thanks to the detailed service provider selection in TC eBid ® ."
"By nightfall of 17 April , the German front before Zhukov remained unbroken , but only just .","At nightfall on April 17 , the German front before Zhukov remained intact ."
"If the order is not processed if the actual price of a product ordered by you , hoyere than is reflected on yellowbox .",If the actual price of any product ordered by you is higher than that reflected on Yellowbox .
"Players at Betsson Virtual Casino are equipped with a small selection of payment systems for financial transactions , which are not most popular in CIS countries .","Players of the Betsson virtual casino are provided with tiny selection of payment systems for financial transactions , which don`t include most popular in the CIS countries ."
""" The children of Israel are never alone [ ... ] for we have been promised a separate country , "" Joseph sings .",The Children of Israel in the wilderness is a shadow of what we endure as people of Yahweh .
"Forstmann flooded the submarine 's front tanks , but in spite of this , Arnauld got the hydroplane to float from the deck without much difficulty and took off .",Forstmann flooded the sub 's forward tanks and Arnauld floated the seaplane off the deck and took off from the sea .
"The concerns expressed by non - governmental organizations , especially those of the OECD countries , have emphasized the different types of environmental degradation that can bring trade and growth .","Concerns from the NGO 's , particularly from the OECD countries have highlighted the various kinds of environmental degradation that may result from trade and growth ."
"That is , provided the team ’s work is satisfactorily completed by the sprint ’s end , it can choose how and in what order that work is completed .","It is , provided that the team 's work is satisfactory completed by the sprint end , it can choose how and in what order this work is completed ."
"He wrote : "" It is useless to judge a new movement of the movement at the truth of his teachings and the feasibility of its promises . ""","He wrote , "" It is futile to judge the viability of a new movement by the truth of its doctrine and the feasibility of its promises . """
"All these conditions are indeed rarely found united , and therefore few States have good constitutions .","All these conditions are with difficulty combined , and therefore there are few well - constituted states ."
"Since 1987 , Mexican law provided for the adjustment of the tax base to be realistic and non - historical .","Starting in 1987 , Mexican laws had provided for the adjustment of the tax base so that it remained realistic rather than historical ."
"You do not look from that explanation can lie in the modern lifestyle , where we primarily stay indoors .","We may have to find the explanation in our modern lifestyle , where we mainly stay indoors ."
"I know where I 'd put my money , unfortunately .","I know where I would put my money , at least ."
"When Mary Godwin , Claire Clairmont , and Shelley finally came back from the continent they moved into a house together in London , which did not dampen Godwins rage .","When Mary Godwin , Claire Clairmont , and Shelley returned from the Continent in September 1814 , they took a house together in London , enraging Godwin still further ."
"The evaluation identified a number of serious weaknesses in UNDP ’s country programme in Afghanistan , including a lack of coordination , organisation and results focus .","The evaluation pointed to a number of serious weaknesses in UNDP 's country program in Afghanistan , including the need for better coordination , organization and performance focus ."
"Unhappy serving under Bragg , Longstreet and his men were sent back to Lee .","Once Bragg returned to Georgia , Longstreet and his men returned with Lee ."
"The plot test uses an equation in partial derivatives on a domain that contains several elements chosen in such a way that the exact solution is known and can be reproduced , in theory , without errors .","The patch test uses a partial differential equation on a domain consisting from several elements set up so that the exact solution is known and can be reproduced , in principle , with zero error ."
The inflorescence is the only part of the plant that is not submersed .,The flowers are the only part of the defined plant .
"In addition , girls and women were not allowed to go to school and work .",Girls are allowed to go to school and work .
"To prevent this , money could be spent on teaching citizens of the developing countries health education , basic sanitation , and providing adequate access to prevention methods and medical infrastructure .","To avoid this , money could be spent on teaching citizens from developing countries , provide basic sanitation and access to prevention methods and medical facilities ."
"EA went through unfavourable electoral results , the party split with a splinter group founding the half - hearted party Hamaikabat based in Gipuzkoa .",EA received a poor election result that caused the party to divide with a breakaway group that creates the half - hearted Hamaikabat based in Gipuzkoa .
"The farmer responded indignantly , “ Then what ’s the good of all your teaching ? ”","The farmer responded indignant : "" So what is good for all your teaching ? """
"Unstable Ionosphere Region F : What are the fundamental processes of the plasma , including non - linear processes , which govern the generation of plasma feathers ?","Unstable Ionosphere F region : What are the fundamental plasma processes , including nonlinear processes , that govern the generation of plasma plumes ?"
"Up to that point , product designers still need to implement the idea , making the product , assessing their success and checking if it is not necessary to do some improvements .","Product designers would still need to execute the idea , making it into an actual product and evaluating its success ( seeing if any improvements are necessary ) ."
"But he can not succeed , since all his victims suffer from abortion and hemorrhage , ending in death .",All attempts are unsuccessful as the women immediately miscarry and hemorrhage to death .
"If we have the opportunity to give them a fresher future , but unable to act either because of indifference or denial , what will tomorrow give them ? »","If we have the opportunity to make a healthier future for them but fail to act either because of indifference or denial , what will tomorrow hold for them ?"
"Regional hospitals do not give supply to attend to the wounded , and scarce food and medications .","The regional hospital is overflowing with the wounded , and food and medicine are in short supplies ."
"The OECD is responsible for its own guidelines for chemical testing , so it has a document that is continuously updated and that is de facto standard ; That is , it does not have legal force .","The OECD is responsible for the OECD Guidelines for the Testing of Chemicals , a continuously updated document that is a de facto standard ( i.e. , soft law ) ."
"If , concretely , I were put in the position that you described of either informing a killer as to where a child was hidden or lying about it , it 's conceivable that I would have to lie .","If in a concrete case I had the choice to inform a killer about where a child where hidden , or to lie about it , it is obvious that I would have to lie ."
"Most do not comply with international standards on a number of basic points , and thus risk obstructing or completely excluding some users .","Most violates international standards on several basic points , thus risking partly or completely excluding certain users ."
How to prevent Moving Too Fast inside New Relationship,How to keep moving too fast in a new relationship
"Strong muscle rings make a bag ( they open by not being submerged ) , so the offspring will remain dry , although their mother is totally immersed in the water .","A strong ring of muscle makes the pouch ( which opens to the rear ) watertight , so the young remain dry , even when the mother is totally immersed in water ."
"However , a restructuring of the tournaments as a result of the first split in Argentine soccer , catapulted it to the first division without scales .","However , a restructuring of the tournament caused the first split in Argentine football , sending Banfield directly to the top category ."
"Gillian threatens to cast various spells on Merle , such as making her fall in love with the first man who walks into her apartment plus give her uncontrollable compulsions to travel all over the world .","Gillian threatens to throw several spells to Merle , such as making him fall in love with the first man who enters his apartment , but discovers that he has lost his powers because of his love for Shep ."
You will be amazed by the incredible views of the Andes and the impressive structures found here .,You will be amazed by the stunning views of the Andes and the impressive structures found here .
"Several offices made in turn either no membership assessment , which is an important step in the case processing .","Apparently , several offices also failed to conduct membership assessments , which are an important step in the case - handling procedure ."
On 25 January 1995 he was found not guilty and was released ;,"On January 25 , 1995 he was acquitted and was released ;"
"School On Fire was edited with many scenes censored at its launch in Hong Kong and Taiwan , although there is also a uncut version .",School on Fire was edited with many scenes censored on its release in both Hong Kong and Taiwan .
Another reason for concern is the increase in violence by the Israeli settlers of the occupied territories and the fact that the occupation authorities do nothing to stop it .,Another cause for concern was the escalation of violence by Israeli settlers in the occupied territory and the failure of the occupation authorities to halt it .
It will not be long before I will stand for the throne of God .,Just sitting quietly before God ’s throne .
"Disgruntled over his loss , Helenus retreated to Mount Ida , where Odysseus later captured him .",Dissatisfaction with this defeat pulled Helenos back to Idafjellet where Odysseus later took him to catch .
Help children think in terms of alternative options and possibilities rather than depending upon one option for satisfaction .,"8) Help children think in terms of alternative choices and opportunities , instead of being dependent on one option for satisfaction ."
"In the presence of the officer , the policeman threatened , despite the protests of the officer , with a shot to the suspect if he did not confesses the crime .","In the presence of the official , the policeman threatened , over the protests of the official , to shoot the suspect unless he confessed to the crime ."
"Of all the colonies , only in Rhode Island had religious freedom as secure as in Pennsylvania , and one result was an incredible religious diversity , one which continues to this day.[49 ]","Of all the colonies there were only Rhode Island who had religious freedom so secured as in Pennsylvania , and a result was a diverse religiousness that still has this day . [ 89 ]"
"When he criticized the insincerity of conventional language , Fronto took to defend it.[111 ] In any case , Marcus ' formal education was now over .","When he criticized the falsity of conventional language , Fronto began to defend it . [ 90 ] In whatever case Marcus ' formal education was now over ."
I dare not die have a daring and wonderful look at what it really means to be human and woman in the 21st century .,Fear of Dying is a daring and delightful look at what it really takes to be human and female in the 21st century .
"As a man , I have been able to make mistake ; But I have never done anything that can harm it or denigrate it . ""","I did wrong , I admit , and have bitterly repented . """
"Kirkpatrick said she believed Fox won because of the strength of her photos : "" Every time with the judges , she could do no wrong in front of them .","Kirkpatrick said he believed that Fox won thanks to the strength of his photos : "" And every time she was better in front of the judges . """
"In previous stages , we were unaware of this treasure hunt .","In the earlier stages , we were ignorant of this treasure hunt ."
"While one of its licences does come from a slightly unreliable source , players can be reassured that Betsoft takes security very seriously .","Although one of the licenses comes from a slightly less reliable source , players can still be sure that Betsoft takes security very seriously ."
"Mozart or Constanze did not remember exactly the song of the Queen of the night , which is "" Hört , Hört , Hört , Rachegötter !","Mozart or Konstanze misremembered exactly what the Queen of the Night sings , which is "" Hört , hört , hört , Rachegötter !"
There was a risk that the Committee might be locking itself into rules which would soon no longer fit its needs .,There was a risk that the Committee would lock itself through norms that would soon stop adjusting to your needs .
"A total of 2,762 hectares of public alienable and disposable lands were classified or reclassified .","A total of 2,762 hectares of alienable public lands was classified or reclassified ."
"The fight Dragons received another opportunity for the championships on August 23 in Summerslam in a Tag Team Fatal 4-Way Match , but once again they were not successful .","The Lucha Dragons received another title shot on August 23 at SummerSlam in a fatal four - way tag team match , but were once again unsuccessful ."
I ca n’t wait to start working with Pep Guardiola and my new team - mates and hopefully we can achieve great things together . ”,"I can hardly wait to start working with Pep Guardiola and my new teammates , and I hope we can achieve great things together . »"
You should n't work for CNN .,You shouldn`t be working for CNN .
Arcturian computer records depicted in Marvel Presents referred to him as ' Stakar of the House of Ogord ' rather than ' Stakar Ogord ' .,The Arcturian computer records described in Marvel Presents referred to him as ' Stakar of the house of Ogord ' instead of ' Stakar Ogord ' .
We can do no more than God wills . & quot ;,We only acted as God willed . ”
"The associated registration settings no longer work , either :","The associated registry settings wo n’t work anymore , either :"
"In fact , in some key areas other suppliers are considered to be as good , if not better , than ITC .","Indeed , in certain fundamental spheres , other suppliers are considered as good as the CCI , or even better ."
James and Karla Murray have taken many impeccable pictures from the streets of New York since the 1990s .,James and Karla Murray have been capturing memorable images from the streets of New York City since the 1990s .
"If you do that , you ’ll get the right guitar no matter where it comes from .","If you do it , you have the right guitar , wherever it comes from ."
""" We ( ie Engels and Marx ) were then , not fully two years after the International 's ( the 1st ) Haagkongress , up in the hottest fight against Bakunin and his anarchists . »","“ we”—that is , Engels and Marx—""were at that time , hardly two years after the Hague Congress of the [ First ] International,[1 ] engaged in the most violent struggle against Bakunin and his anarchists . """
The non - linear model can be linearized to derive in a Kalman filter or to specify a model for linear MPC control .,The nonlinear model may be linearized to derive a Kalman filter or specify a model for linear MPC .
"The park is open daily without charge , but the botanical garden itself is open only to students and professionals .","The castle park is open daily all year to the general public and admission is free , the Botanical Garden is only visited by students and professionals ."
"But more importantly , in no time at all , you can be fucking a sexy MILF and discovering the value of experience in bed .","But more importantly , in a short time , you will get to fuck a sexy milf and discover the value of an experienced woman in bed ."
"By the spring of 1348 the Unionists had concentrated all their forces in Zaragoza , reluctant to work with the nobles who still supported the king .","In Aragon , during the spring of 1348 , the Unionists had concentrated all their forces in Zaragoza willing to force for the force to collaborate with them the nobles who still supported the king ."
His emerald daughter ( Li Fridman ) bribed a teacher not to do physical education .,His daughter Esmeralda ( Li Fridman ) bribed a teacher to get out of physical education .
"“ It happened four or five times , everybody likes it , but Joe is injured , and probably not only a little bit . ”","It happened four or five times , and everyone liked it , but Joe was injured and is probably out for a while , he continued ."
"The two strangle knots are left separated , and in this way the length of the necklace can be adjusted without breaking or untying the strand .","The two double double knots are armed separately , and in this way the length of the necklace can be adjusted are need to unleash or disarm the collar ."
"Thanks to this , it had the unique opportunity to meet with representatives of non - governmental organizations and with authorities of almost all regions of Colombia affected by internal displacement .",This gave him the unique opportunity to meet with NGOs and authorities from almost all the regions of Colombia affected by internal displacement .
"And once you get to know her , the whole dating game can become much more easier and effortless .","And once you get to know her , the whole dating game can get a lot easier and easier ."
Base year of underlying non - oil commodity price indices is 1985 .,The base year of the price indexes of products other than oil is 1985 .
He gave a couple of interviews in which he declared not to agree with the administration 's policy in the annexation of Puerto Rico and the Philippines .,He gave a few interviews in which he disagreed with the administration 's policy of annexing Puerto Rico and the Philippines .
The air velocity should be between 0.10 and 0.30 m / s to prevent any combustion products to provide the operator discomfort .,"It shall be between 0,10 and 0,30 m / s in order to avoid possible discomfort , by combustion products , to the operator ."
"British malware expert Marcus Hutchins claimed "" It looks like the software 's automatic update system was compromised and used to download and run malware rather than updates for the software . ""","British Malus Hutchins ' expert claimed "" It seems that the software automatic update system was infected and used to download and run malware instead of updates for the software . """
"This to clarify what they disagreed about , and for the unbelievers to acknowledge that they were leaving .","In order that He may make clear to them what they differed over , and so that those who disbelieved may know that they were liars ."
"Out - of - equilibrium dynamics — Because new niches , new potentials , new possibilities , are continually created , the economy functions without attaining any optimum or global equilibrium .","Dynamics out of balance - Since the new niches , potential and possibilities are continually created , the economy operates far from an optimal balance of equilibrium ."
The Dreyse locked using the bolt handle rather than lugs on the bolt head like the Mauser M 98 or M16 .,The Dreyse is closed by the Handle of the Bolt instead of tetones on the head of this as in the mauser 98 or the M16 .
"Shields intentionally loses money he does not have in a poker game to film executive Pebbel , so he can talk Pebbel into letting him work off the debt as a line producer .","Shields put a plan where he loses money in a poker game with pebble , before he then persuades pebble to let him work off the debt by producing movies ."
"One day Abraham told Lot : "" There is not enough space here to all our animals .","Remember that day when Abraham said to Lot , “ Look , we ’ve got too many flocks and herds ."
"“ Illicit , ” an adjective , is unlawful or wrong .",General : on condition that she is rightful or wrongful
"Without finding resistance on the part of the Portuguese , which at first not warned French arrival , Villegaignon dedicated himself to expanding the colony by making a call of more settlers in 1556 .","Unchallenged by the Portuguese , who initially took little notice of his landing , Villegaignon endeavoured to expand the colony by calling for more colonists in 1556 ."
"Notwithstanding the situation , all companies and services operated normally during this period , as did railway and road traffic .","Despite the situation , all companies and services worked normally during this period , as well as rail and road traffic ."
Cultural education within the framework of extracurricular and non - academic activities is aimed at :,Cultural education in the system of extra - curricular and extra - school activities aims at :
"In addition , fuller consideration is being given to providing access to non - State actors to the appropriate judicial forums for redress of individual and class grievances at the international level . Notes","On the other hand , the possibility of giving access to private entities to the relevant judicial forums for the compensation of individual and collective grievances at an international level is being examined ."
""" It may be that a sensible and safe sun exposure is good for the brain , and that there are new and exciting factors that we have not yet identified and measure . """,“ It may be that sensible and safe sun exposure is good for the brain and that there are new and exciting factors at play that we have yet to identify and measure . ”
"Beneath the illusion of stability , there are people who could easily grow rapidly discontented if the black gold of the desert kingdom were to dry up .","But during this illusion of stability , there are people who could quickly become dissatisfied if the black gold in the desert congestion should dry out ."
"This is where we confuse information , and where we recall it incorrectly , mixing up images , people , and situations .","This is where we confuse information and where we remember mistakes , mix pictures , people and situations ."
"At all , it can be a little too early , but I consider Etisalat high on their customer service with Glo Andre and Mtn & Zain Vying for the unpleasant bottom space .","On the whole , it might be a bit too early but I rate Etisalat high on their Customer Care services with Glo second and MTN & Zain vying for the abysmal bottom spot ."
Japanese poet Yone Noguchi came to The Hights in 1894 and spent the next four years there as an unpaid laborer in exchange for room and board .,He remained in it until his death in 1913 . The Japanese poet Yone Noguchi visited his house in 1894 and spent the next four years there as a worker in exchange for accommodation and food .
He would also like to learn more about the theory behind the incommunicado procedure and how the Government had concluded that it was indispensable to combating terrorism .,I would also like to obtain more information about the doctrine on which the incommunicado procedure is based and on the reasons why the Government has come to the conclusion that it is essential to combat terrorism .
"Do not say , Fie upon you , you wicked man !",Say : O you evil practitioners !
"Even so , in the preceding analysis , it has been emphasized that , with the valid mechanisms , a large number of countries can not achieve a viable situation regarding the external debt .","Still , the preceding analysis underlines the inadequacy of existing mechanisms for securing a sustainable external position over the medium term in a large number of countries ."
The sentence was left without effect by an appeal in 1973 .,The conviction was overturned on appeal in 1976 .
"This was a big surprise for all , and before the show ended , Raúl Velasco , named Juanito Farías , "" the champion without crown "" .","This was a major surprise to everyone and before the show ended , Raul Velasco , named Juanito Farias , "" El Mejor Interprete Del Festival "" ( The Best Interpreter of the Festival ) ."
"Unintentionally , without we would like them to copy them .",Jidhku nimaanu doonayn maxaan hadalka deeqsiiyey .
iii ) checks that were not charged once a year after its issuance date ;,( iii ) Uncashed cheques one year from their date of issuance ;
This is a disturbing finding inasmuch as it affects our youth dreadfully .,"It is a disturbing conclusion , since it affects our youth frightening ."
"Obviously , the most vulnerable will be those that do not appear in government payroll and have limited their chances of obtaining additional income , such as pensioners and people with disabilities .","Clearly , the most vulnerable will be those outside government pay - rolls and otherwise limited in their possibilities to obtain additional income , such as pensioners and disabled persons ."
There are several things that make a lack of respect for cold fusion naturally among physicists in general .,There are several things that make disregard for cold fusion natural among physicists in general .
Unfamiliar with running their finances .,He devoted himself to the exploitation of his haciendas .
The First Lady and Secretary of Agriculture Tom Vilsack visited the school to try a healthy meal that meets the United States Department of AgricultureNew and improved nutritional standards for school lunches .,The First Lady and Agriculture Secretary Tom Vilsack visited the school to sample a healthy meal that meets the United States Department of Agriculture 's new and improved nutrition standards for school lunches .
He claimed ( incorrect ) that he had placed explosives on board .,So he ordered his ship to make for the nearest settlement .
"What I do n't like is nasty , ugly people ... and the very worst are ugly , short men .","What I hate is nasty , ugly people ... the worst is ugly , short men ."
"Hill died in a Los Angeles hospital on June 12 , 2012 , a day after his 69th birthday , after a long battle against an unbeloved illness .","Hill died of complications related to heart disease in a Los Angeles hospital , on June 12 , 2012 , after a long battle with his illness , only a day after his 69th birthday ."
"The future will surpass most people 's expectations as the changes will change the community to the unrecognizable , to a society integrated and able to meet and support all people 's needs .","The future will be beyond most people ’s expectations as the changes will completely change society beyond recognition , into one that is integrated and able to meet and support all people ’s needs ."
"Lastly , the Commission notes that these unlawful acts are often heralded by the perpetrators as positive , patriotic accomplishments .","Finally , the Committee notes that these illegal acts are often presented by those who perpetrate them as patriotic gestations ."
"For some people , the term feminism incorrectly came to mean a movement that was anti - male , anti - culture and anti - religion .","For some people , the term feminism came to mean an anti - timuline , anti - cultural and antireligious movement ."
"He congratulates first of the creation of a Human Rights Center in Armenia , a country in transition whose current difficulties nobody ignores .","First and foremost , he welcomed the creation of a Centre for Human Rights in Armenia , a country in transition whose difficulties were known to all ."
"If you ask some small speakers to summers the elements of a table , it is not unlikely to make use of the Inject method .","If you ask Smalltalk programmers to sum the elements in an array , it 's likely that they 'd use the inject function ."
"In addition , the Uyghur language is no longer taught in schools , instead all subjects are taught in Mandarin , accelerating the assimilation process .","Even with the teaching of the Uighur language in schools has been stopped by the Chinese state , instead all subjects are taught in Mandarin , which speeds up the process of assimilation ."
"Kneeing is a disallowed practice in many combat sports , especially to the head of a downed opponent .","The kneeling are a prohibited practice in many combat sports , especially those that thus hit the head at the head of an opponent knocked down ."
"The party must not be confused with the Lukashenko friendly Belarus communist party , which broke out of the party in 1996 .","The Party of Communists of Belarus should be distinguished from the pro - Alexander Lukashenko Communist Party of Belarus , which broke away from PKB in 1996 ."
"With continuous ICT skills shortages and the demand for candidates growing year after year , you will be well equipped to secure rewarding roles worldwide , regardless of technical specialization .","With ongoing ICT skills shortages and demand for graduates growing year on year , you ’ll be well placed to secure rewarding roles worldwide , whatever your tech specialization ."
I have also written here that orthodox Jews and others do not follow God 's word here :,I have also written here that Orthodox Jews and other follow God 's words here :
A number of contributions which were expected from Member States in June were not paid .,"In June , some contributions were allowed to be perceived from the Member States ."
The Principality of Tver would not get it in 1273 .,The Principality of Tver failed to take it in 1273 .
"In addition , there is substantial interchange between the statistical and non - statistical divisions .","In addition , statistical divisions and other divisions exchange a considerable volume of information ."
"When Dylan tells Katherine that she is a monster , she receives a hard slap on her best , Dylan runs to her room while her stepfather Adam looks all and does nothing .","When Dylan calls Katherine a monster , she slaps her hard across the face and Dylan runs to her room as her stepfather Adam watches ."
"The denial of the genocide on the Armenians is to deny that the systematic genocide of 1.5 million Armeners during World War I took place , or that it was not as extensive as it is commonly prepared .","Armenian Genocide denial is the act of denying the planned systematic genocide of 1.5 million Armenians during World War I , conducted by the Ottoman government ."
"Damaged buildings included the medieval churches of St. Foillan , St. Paul and St. Nicholas , and the Rathaus ( city hall ) , although Aachen Cathedral was largely unscathed .","The buildings were damaged , including the medieval churches of Foillán de Fosses , San Pablo and San Nicolás , in addition to the Aquisgrán City Council , including the cathedral suffered a strong impact ."
"The first thing is that client states are basic good , but not as good as ' we ' .","The first is that clients are basically good , though less so than "" we "" ."
Konda reports according to DW that the number of non - believers is tripled in the last 10 years .,Konda reports that the number of nonbelievers tripled in the past 10 years .
"You might be surprised to see Dark Souls on this list , because the game is rather infamous .","can be surprised to see dark souls on this list , because the game"
"D.S. also published crime stories drawn by Ingels in Underworld , Gangsters Ca n't Win and Exposed .","D.S. He also published crimes stories drawn by Ingels in Underworld , Gangsters Can not Win and Exposed ."
"GNAWA HAJHUJ players use a technique than the instruction manuals of the US player banjo identify as "" frayed without brushes "" .","Gnawa hajhuj players use a technique which 19th century American minstrel banjo instruction manuals identify as "" brushless drop - thumb frailing "" ."
Between to people we can create nothing to that caliber unless we are letting God guide our love lives as well .,"Between people , we can make something that caliber unless we let God lead our love life as well ."
But Cixi did not give Yixin the absolute political authority that princes such as Dorgon exercised in the time of the Shunzhi emperor .,"However , Cixi avoided giving Prince Gong the absolute political power that princes such as Dorgon exercised during the Shunzhi Emperor 's reign ."
"He also attended in the construction of some monumental sources , which are not conserved .","He also assisted in the construction of a few monumental fountains , which are now destroyed ."
"If you want to have a non - alcoholic drink , the choice is between Coca Cola and a greek fruit drink .","If you want to have alcohol free , the choice is between Coca Cola and a Greek fruit drink ."
"The Battle of Baguashan , the biggest battle never released on Taiwanese soil , was the decisive participation of the invasion , and its loss condemned the Republic of Formosa to defeat early .","The battle of Baguashan , the largest pitched battle ever fought on Taiwanese soil , was the decisive engagement of the invasion , and its loss doomed the Formosan Republic to early defeat ."
"These kinds of infections can be caused by improperly stored or misused cosmetics , by rubbing your eyes when your hands are dirty , or by any number of other practices .","These types of infections can be caused by mistaking storage or abuse of cosmetics , by rubbing your eyes when your hands are dirty or by any other practice ."
"Regardless of how you take it , tomatoes are considered to be one of the best food .","No matter how you consume tomatoes , they are claimed to be one of the best foods ."
"This is , when she meets Pedro o Pérez ( Jose Luis Resendez ) , a simple laborer without money and big aspirations , who makes her forget all her problems .","That is where he meets Pedro Pérez ( José Luis Reséndez ) , a seemingly wealthy man , who makes her forget all his problems ."
"As a result , this trippy alien horror was overrated by most , but it is without doubt one of the Carpenter 's best movies .","As a result , this trippy , alien horror got over - looked by most , yet it ’s arguably one of Carpenter ’s best movies ."
It must be taken into account that breastfeeding or feeding a baby with expressed breast milk is possible with most common uncomplicated infections in a woman .,"It should be noted that breastfeeding or feeding the baby with expressed breast milk is possible with the majority of common , mild infections occurring in a woman ."
"If you ’re thinking about making the switch to 3D , we know there are things to consider beyond product features .","If you are considering going over to 3D , we know that there are some considerations to take besides product properties ."
Does n't the child begun to talk yet ?,Has your child started to speak yet ?
"Winfrey responded in a written statement to news outlets saying , "" The item in today 's Drudge Report is categorically untrue .","Winfrey responded in a written statement to the news agency saying , "" The article in today 's Drudge Report is categorically false ."
"None the less , we are ready to contribute whatever is necessary for the resolution of global problems .","However , we are willing to contribute as necessary to solve world problems ."
Cut out meaningless meetings .,Stop having pointless meetings .
"Commercial , large and small companies , sectors structured and unstructured , provide opportunities for exchange , employment and subsistence .","Business enterprises , large and small , formal and informal , provide major trading , employment and livelihood opportunities ."
"Cutlar offered $ 10 to Griffin to compensate for the pig , but Griffin was unsatisfied with this offer and demanded $ 100 .","Cutlar offered Griffin 10 dollars as a substitute for the pig , but Griffin was dissatisfied and demanded at least $ 100 ."
"Wherever in the world you have to be found , then the new energies change the old and the ascent will provide the same opportunities for all souls without regard to their background .","“ Wherever you are in the world , the new energies will change the old ones , and Ascension will give the same opportunities to all souls regardless of their background ."
"As at 31 December 1995 , unpaid assessed contributions to the regular budget totalled $ 564 million .","As of December 31 , 1995 , the quotas pending payment for the ordinary budget amounted to 564 million dollars ."
"They believe their names and faces will adorn newspapers , television , magazines , and the internet — and unfortunately , they are right . ”","They believe that their names and faces will adorn newspapers , TVs , magazines and the Internet , and regrettably they have right . »"
"Technically we refuse to have anything to do with Chad 's internal affairs . ""","We technically deny involvement in Chadian internal affairs . """
"The earliest archaeological evidence , not yet published , dates back to around 2200 years , however , indications from genetic , cultural and isolation studies suggest that the islands may have been inhabited in the Middle Paleolithic period .","The earliest archaeological evidence yet documented goes back some 2,200 years , however , the indications from genetic , cultural and isolation studies suggest that the islands may have been inhabited as early as the Middle Paleolithic ."
"Given the seriousness of the crime , this way of proceeding was not adjusted to the principle of proportionality .","Given the gravity of the offence , this was still compatible with the principle of proportionality ."
"Founder , Jay Bavisi , after watching the attacks unfold , postured the question , what if a similar attack were to be carried out on the Cyber battlefield ?","Founder Jay Bavisi , Having seen the attacks , developed , asked the question , what if a similar attack was to be performed on the cyber battlefield ?"
"1912 , he wrote : "" As for if I have something that is worth expressing , that is not in question .","1912 , she wrote : "" As to whether I have anything worth expressing that is apart from the question ."
"Another of the difficulties that the investigation had to overcome is the absence of roads or safety cameras in hortichanks , where there are barely businesses such as restaurants , stagntes or bank branches .","Another of the difficulties that investigators had to overcome was the lack of road or security cameras in Las Hortichuelas , where there are hardly any businesses such as restaurants , tobacco shops and banks ."
These are usually replaced by railroad stations in non - U.S. editions of Monopoly .,These are usually replaced by train stations in monopoly editions other than those of the United States .
"The British had demanded no less than the complete dismemberment of the Burmese western territories in Arakan , Assam , Manipur and the Tenasserim coast as well as two million pounds sterling of indemnity .","The British demanded the complete disintegration of the Western Burmese territories of Arakan , Assam , Manipur and the Tenasserim coast as well as two million pounds sterling as compensation ."
Nor are there provisions on criminal liability in case of application of inhuman or degrading punishment .,Provisions on criminal responsibility for the imposition of inhuman and degrading punishment are also lacking .
"Because of its crude language , the play was prohibited of being staged for 21 years .","Due to its raw language , it would remain forbidden for 21 years after the first representation ."
"Like his brother - in - law Paul Hörbiger , Wessely had publicly acclaimed Anschluss , after which he continued without problems his theatrical and cinematographic career .","Like her brother - in - law Paul Hörbiger , Wessely had publicly acclaimed the Anschluss , after which she smoothly continued her film and theatre career ."
"When the area became peaceful during the Ottoman kingdom , the castle was no longer used only as fortifications and many villas were built within the walls during the 19th century .","After the area was pacified under the Ottoman Empire , the castle ceased to be purely defensive , and numerous villas were built inside the walls during the 19th century ."
"Student Councils in Norway are governed by a Board of Directors , which is also not chosen directly or by the Student Council .",The student councils in Norway are governed by a Board of Directors which is either elected directly or by the student council .
"The uneven quality of general technology - related knowledge , experience and skills among regions and countries is a special problem .","A special problem is given by the variation between levels of general technological knowledge , and of preparation and technical experience between different regions and countries ."
"However , his dates make it more likely that he was a son of William VI of Montferrat , whether legitimate or not is uncertain .","However , for the dates of your life it is more likely that this oto is the son of Guillermo VI de Montferrato ."
"As in the disjunctive normal form ( DNF ) , the only propositional connectives a formula in CNF can contain are and , or , and not .","As in a normal way of disjunction ( FND ) , the only logical connectors that may appear in a formula in FNC are conjunction , disjunction and denial ."
"- Regardless of the conflict with America , it is a human obligation to show sympathy with the American people , and be with them in these horrible and terrible events , which arouses human consciousness .","Irrespective of the conflict with America it is a human duty to show sympathy with the American people , and be with them at these horrifying and awesome events which are bound to awaken human conscience ."
"We ca n’t wait to see the results , Lise says .","- I look forward to seeing the results , Lise says ."
""" An ever - growing part of the industry 's capital "" , writes hilarious , "" does not belong to the industrial using it .","‘ A steadily increasing proportion of capital in industry , ’ wrote Hilferding , ‘ ceases to belong to the industrialists who employ it ."
"Around 33.8 % of the inhabitants were n't born in the province , of whom 3,918,552 are immigrants from other provinces and 758,640 were born abroad .","3 918 552 They are internal migrants , from other provinces of the country , and 758 640 are foreigners ."
"Marseille needed to beat Valenciennes to secure the championship , and had induced the Valenciennes players to "" go easy "" in order that the Marseille players would not be overly exerted before the Champions League final .","Marseille had to beat Valenciennes to win the league roll and had asked Valenciennes players to take light on the match , so Marseille could recharge to the Champions League final ."
"If you are unable to pay for an asset before selling it on an account account , break the freeride ban .","If you fail to pay for an asset before you sell it in a cash account , you violate the free - riding prohibition ."
"Initially Vox offered a 1x12 version "" and later presented version 2x12 "" AC30 Twin , which did not present any volume problem in large or open spaces .","Vox initially offered a 1×12 "" version but subsequently introduced the 2×12 "" AC30 Twin , which solved the volume problem at larger venues ."
"If not , the only issue for the Court would be to determine if the individual concerned was responsible for the act of the State , already judged illegal by a political body .","In a negative case , the only question before the Court would be to determine if the interested individual must respond by the State Act , already qualified from illegal by a political body ."
After his death Bax 's music was neglected .,"After Bach&#39;s death , his music was forgotten ."
"This recommendation was adopted by the Government of the Straits Settlements , the Federated Malay States , Unfederated Malay States and Brunei .","This recommendation was adopted by the Governments of the Malaysian Federated States , the colonies of the Strait and Brunei ."
Do n't know if you 've seen this from Peter Gluck,Do nt know if you have seen this from Peter Gluck
Red Bull does n't agree .,"Red Bull , naturally , disagrees ."
"On 8 May 1940 , Chamberlain 's government survived a motion of no confidence brought about by the deteriorating military situation in Norway .","On May 8 , 1940 , the Government of Chamberlain survived a motion of confidence that emerged by the military situation , which was deteriorating , in Norway ."
"It should be assumed from their normal ethics , that this planet would have been lifeless to start with .","The normal ethics of culture could be assumed , which this planet would be sterile ."
that 's the only way it will ever be able to disconnect .,It 's the only way he 'll ever be able to break the connection .
"Without man , the Gods are dead . ”","As gods they are dead . """
"and . Organization of educational and informative programs together with non - governmental organizations and cooperation projects to publish information materials , brochures and United Nations video programs in local languages ( SINU / VIE ) ;","e. Organizing joint educational / information programmes with NGOs and cooperation projects for publishing local language versions of United Nations information material , booklets and video programmes ( UNIS / VIE ) . Library services"
"Battle of Pavia : Carlomagne Sitia Pavia , who was almost without food .","Siege of Pavia : Charlemagne besieges Pavia , which is poorly stocked with food ."
I arranged for you there for two years ( indistinct ) .,And I saw you two years ago – ”
There should no longer be any king over the people of David 's seed before the Messiah comes .,And there will yet be a worldwide gathering of the Lord ’s people before the second coming of the Savior .
"Lehmann attempts to give a more phonetical rendering , with x ( voiceless velar fricative ) for h2 and ʔ ( glottal stop ) for h1 .","Lehmann tried to make a more phonetic approach , with X ( fricative deaf away ) for H2 and ʔ ( glutal occlusive ) for H1 ."
"Tetherball is a competitive game most often seen on school playgrounds or in city parks , primarily because it is relatively inexpensive to install and the rules are fairly straightforward .","Tetherball is a competitive game most often seen in schoolards or in the city 's parks , primarily because it is relatively cheap to install and the rules are pretty straightforward ."
17 For in one hour such great wealth has come to nothing .,17 For in one hour so great wealth has perished !
"These include lack of publication of all available evidence , to make data available at the individual patient level , and to recognize the limitations of observation data .","These include the failure to publish all available evidence , to make the data available at the individual patient level , and to recognise the limitations of observational data ."
"Some say : What help is that for me that Christ was obedient , when I can not be it myself ?","Some say : What help is there for me that Christ was obedient , even when I can be ?"
"With the First Dynasty , the capital moved from Abydos to Memphis with a unified Egypt ruled by an Egyptian god - king .","With the first dynasty , moved the capital from Abydos and Memfis where the United Egypt was ruled by a Gudkey , a Pharaoh ."
"Program 21 , of the United Nations Conference on Environment and Development held in Rio , continues to a large extent without being fulfilled due to the lack of resources needed .",Agenda 21 of the Rio Conference on Environment and Development remains largely on paper for want of necessary resources .
It depicts political and interpersonal struggles between Judas Iscariot and Jesus that are not present in the Bible .,The piece undergoes the political and personal contradictions between Judas Iskariot and Jesus Christ .
I ca n't be critical to the players .,I can`t be critical of the players .
"During the 1948 Arab – Israeli War , the military equipment in the IDF was very diverse and inconsistent .","During the 1948 Arab - Israeli war , the military team in the defense forces of Israel was very diverse and obtained from many different sources ."
"Kabul had little fuel and food at the end of the winter in 1992 , but its military units were well equipped to fight in indeterminate time .","Kabul was short of fuel and food at the end of winter in 1992 , but its military units were supplied well enough to fight indefinitely ."
"This process requires also the aid of the Buddha and the inspiration of the Christ , and it is "" occultly guarded "" by the Avatar of the physical plane .","This process also requires help from Buddha and inspiration from Christ , and the "" guarded occult "" of the physical plans avatar ."
Authors of the original content do not always retain the copyright on the content .,The Old Believers reject the idea of contents a priori prevailing over form .
"She moved back to her family in Sri Lanka when Nuwan was born , and not long after , Nuwan was brought to the SOS village of Anuradhapura , located in the central northern part of Sri Lanka .","She moved back to her family in Sri Lanka when Nuwan was born , and soon after Nuwan was brought to the SOS - village in Anuradhapura , in the central northern part of Sri Lanka ."
"The other two cases were reviewed and approved by the Contracts Review Committee ex post facto which , therefore , rendered its deliberations meaningless .","The two remaining cases were examined and approved by the Ex post - Factory Contracts Review Committee , which invalidated its deliberations ."
"In ancient firearms , the propellant was black gunpowder ; Instead , in the modern gunpowder without smoke or cordite .","In older firearms , this propellant was typically black powder , but modern firearms use smokeless powder , cordite , or other propellants ."
"RPGFan also questioned the name of Paper Mario , as there were , in their opinion , insufficient gameplay features or aspects which used the paper theme to justify the name .","Rpgfan also questioned Paper Mario , as there was , in his opinion , very few features and aspects that used the paper issue to justify the name ."
"While these procedures are not available , the two countries will facilitate the timely exchange of information on the laws and regulations that are promulgated by the Business Development Committee .","Until such procedures are in place , both countries through the Business Development Committee will facilitate the timely exchange of information on legislation and regulations as they are adopted ."
Bishop was not pleased with the order coming so soon after his return to France .,Bishop disliked that this ordering came just after he had returned to France .
You need to see this information for what it truly is : a fact to keep in mind to prevent certain things .,You must see this information for what it really is : a fact to keep in mind to avoid certain things .
You did n't order your T - shirts yet ?,Have you ordered your T Shirt yet ?
He then chose to withdraw rather than set the empire to war with Rome again .,He then chose to draw his strengths out of Egypt rather than risking his kingdom in a new war with Rome .
I worked feely with these compositional strategies and the idea material rather than practising the notes themselves .,"I worked to practice freely with these composition strategies and the idea material , instead of practicing the notes ."
"But it is important to accept others , but do not even go back on what God has shown one .","But it is important to accept others , but even going back on what God has shown ."
"However , the boycott of Saudi Arabia was not canceled . In recent years , Saudi Arabia has changed its point of view regarding the importance of negotiating with Israel .","In recent years , Saudi Arabia has changed its viewpoint concerning the validity of negotiating with Israel ."
[ It does not apply to the Spanish text . ],Add the following text to the beginning of the subparagraph :
L Re n't understand exactly why you succeed or fail to meet your expectations - produced by your good results - is important to improve your game and make it strive hoyere .,Learning to understand precisely why you ’re succeeding or failing to perform up to your expectations - produced by your good results - is paramount in improving your game and enabling you to aspire higher .
"Finally , there are parts of draft resolution A / C.1/50 / L.44 that are patently untrue .","Finally , there are parts of Project A / C.1 / 50 / L.44 that are evidently false ."
"The RMS flow describes current average strength , without disregarding the direction .","The RMS current describes the current 's average strength , disregarding its direction ."
"In addition , the development of small , portable , secure , non - radioactive neutron sources becomes a feasible problem","In addition , the development of small , portable , safe nonradioactive neutron sources becomes a feasible issue ."
Can I not kill them in writing,I can only kill them in writing .
"While money in itself is not the source of happiness , having it can strengthen us and help us create more opportunities .","While money isn´t the source of happiness , it can empower us and help us to create more opportunities ."
"Owing to their dilapidated condition , the double - glazed windows in E Building are no longer airtight and suffer from declining insulation efficiency ;","Due to its deterioration , the double windows of the building and have stopped being hermetic and increasingly isolate less ;"
"At Churchill 's request , he was buried in the family plot at St Martin 's Church , Bladon , near Woodstock , not far from his birthplace at Blenheim Palace .","After Churchill 's wish , he was buried at the family husbandry by "" St Martin Church , "" near Woodstock and the birthplace of Blenheim Palace ."
It is important to detect the disease early because it is at least partially preventable .,It is important to detect the disease early because it can be partially prevented .
He says that Al - Shabaab needs people who are relatively unaware of Somalia .,""" [ Al - Shabaab ] need people who are quite ignorant about Somalia ."
"Every false religion teaches its adherents to be careless of human needs , sufferings , and rights .","All false religions teach their followers to be indifferent to human needs , disorders and rights ."
« It ’s not fair ! » screams the Norwegian child next to me .,""" Unfair ! » Shouts it next to me from Norwegian children 's mouth ."
"As the masses gathered in Berlin , at noon on 9 November 1918 , Maximilian went ahead and unilaterally announced the abdication , as well as the renunciation of Crown Prince Wilhelm .","On November 9 , 1918 , Maximiliano stepped forward and announced the abdication anyway , as well as the resignation of Prince heir Guillermo ."
"In the world , generally and America specifically , the influence of Griffith on film - making was unmatched .",In the world in general and in North America particularly the influence of Griffith in film proceedings was outstanding .
"They are deeply concerned at the continuing violations by the Serbs of "" safe areas "" , "" exclusion zones "" and the "" no - fly zone "" .","They are concerned deeply by the continuous violations of the Serbs of the "" safe areas "" , the "" Exclusion Zones "" and the "" Zone of Prohibition of Flights "" ."
“ We see that women ’s contributions to history are constantly ignored .,- We see that women&#39;s historical contributions are constantly being forgotten .
It is up to those who quote Blackstone to choose from this unreasonability and the doctrine set out above .,It is for those who quote Blackstone to choose between this absurdity and the doctrine above set forth .
"The session of the National Political Council is convened by the President of the PDM or by the request for at least one third of the members of the National Political Council , no more than twice a year .",The meeting of the National Political Council is convened at least twice a year by the Chairman of the DPM or at the request of at least 1/3 of the members of the National Political Council .
""" What they had promised us was salvation , art without form .","They went out to us , which in this rescue are completed ."
For you do n't mean it 's a little thing to win a brother ?,For do you think it is a small matter to gain a brother ?
"And all of a sudden FIFA comes and says they are ready to sell it , our idea , to a fund without any explanations .","Suddenly , FIFA comes and says they should sell the idea , our idea , to a fund ."
This theory does not explain why South America was cooled before .,These landforms suggest that the mountain was formerly glaciated .
- The Taliban in Afghanistan and Pakistan are not the same .,The Taliban in Afghanistan and Pakistan are one and the same .
"Most of the time , the operator simply gives players the opportunity , hoping that unaware American and Canadian players play the traditional American version of the game , provided it 's better .","Most of the time , the operator simply gives players the option , in hopes that ignorant American and Canadian gamblers play the traditional US version of the game , assuming it ’s better ."
"This allows the sponge to be “ full ” so that the makeup product sits on top of the sponge rather than being absorbed into the sponge , allowing you to use less product every time .","This makes it possible for the sponge to be "" full "" , so the makeup product is on the surface of the sponge instead of absorbed , so you can use smaller products every time ."
"After she without help defeated a sensitive meteorological satellite , she left the Avengers after a member reorganization .","After she singlehandedly defeated a rogue sentient weather satellite , she left the Avengers following a membership reorganization ."
Top Best Ways to Make Money Online With No Investment And Registration Fee .,Best Ways To Earn Money Online Without Investment & Registration Fee .
""" There is not a more timely and relevant expression of this principle than this collaboration with Apple .",“ What more contemporary and relevant expression of this principle could there be than this collaboration with Apple .
"After this , Georgia did not take part in qualification until the European Championships in 2009 .",Then Georgia was out of qualifiers until the qualification of the European Championship in 2009 .
It is not too strict with the actions in Impel Down .,"NNS BEECROFT , an operations base at Apapa ."
The scale was from zero ( no pain ) to ten ( unbearable pain ) .,( i ) The nopaline synthetase ( nos ) gene of the Ti plasmid and
"On April 13 , 1993 , the Serbobos communicated to the United Nations High Commissioner who would attack the city in a period of two days if the inhabitants had not surrendered it by exposing the deadline .","On 13 April 1993 , the Serbs told the UNHCR representatives that they would attack the town within two days unless the Bosniaks surrendered and agreed to be evacuated ."
""" I never wanted anything other than to stay on the mountain top and point to God . """,""" All I ever wanted to do was stay on the mountaintop and point to God . """
Have these gentlemen never seen a revolution ?,Have these gentlemen ever seen a revolution ? [ 18 ]
Another very important point - do n't rely on school surveys !,One other very important point — do NOT rely on school screenings !
"The Sudan had even requested assistance from the International Criminal Police Organization ( Interpol ) which , on 15 February 1996 , had informed the Sudanese Government that it did not have any information about the matter .","The Government of the Sudan had even requested the assistance of the International Criminal Police Organization ( INTERPOL ) , which had informed him on 15 February 1996 that he lacked information on the matter ."
"The following year , Francescoli was unable to show his potential , splitting time with other players .","The following year , Francescoli demonstrated his potential but alternating with periods of apathy ."
"It occurs under rocks and fallen logs in damp areas , and is otherwise rarely encountered .",It is situated in groups under shrubs and it is quite rare to find it .
If only to grab headlines rather than offer up revolutionary performance .,If only taking headlines instead of offering revolutionary performance .
"At Magnesia , Antiochus ' disregard for his phalanx and his misdirected cavalry charge led to his defeat .",Ignore antióco magnesia of the phalanx and its erroneous cavalry load led to its defeat .
"to make all relevant information public without delay in all cases of harmful or potentially harmful releases of pollutants , especially radioactive releases .","Publish all relevant information immediately in case of harmful or potentially harmful release of pollutants , especially radioactive releases ."
"What distinguishes them from the other premises , and will they never stop being so willingly visited ?",What distinguishes them from the other types of places and will they ever cease to be so willingly visited ?
Do n't talk to him as if he is stupid .,Do nt talk to him as if he were stupid .
"Put another way , then you must believe that it was not God who sacrificed himself for our guilt on the cross "" .","Put another way , then you must believe that it was God who sacrificed himself for our sake on the cross . """
The best career council that no one teaches you,The Single Best Piece of Career Advice that Nobody Teaches You
"In a letter to Unamuno , ( Machado ) recommends a little book of poetry of Pilar and I seem to notice the displeasure with which he does .","In a letter to Unamuno , ( Machado ) recommends a pillar poetry booklet and it seems to notice the disgust with which he does ."
"It was a brilliant , unbelievable performance by both horse and jockey .",It was a brilliant achievement by both horse and jockey .
"- Our biggest fear is now confirmed by 1 million children once again suffer as a result of the degrading , unhappy consequences of drought , he says .","“ Our worst fears are being confirmed with a million children once again set to suffer through the degrading , miserable impacts of drought ."
"Regardless , she continues to pursue her own agenda , secretly using the Suicide Squad to perform missions in favor of American interests and blackmailing Fire .","Anyway , she continues with her own agenda , secretly with the suicide squad to perform missions in favor of US interests ."
"Natural resources include minerals ( copper , silver , zinc ) , timber , mineral waters , hydroelectric power , and untapped reserves of oil and gas .","Natural resources include minerals ( copper , silver , zinc ) , wood , mineral waters , hydroelectric energy , and gas and gas reserves ."
"If you lose your baby after the 16th week of your pregnancy , it is called an untimely birth .","If you lose your child after the 16th week of pregnancy , it is called an early birth ."
"These statements by the United States authorities constitute blatant interference in the internal affairs of Iraq , and at the same time a dangerous precedent in the history of international relations .","The statements of the US authorities are in fact an open interference in the internal affairs of Iraq , and at the same time a dangerous precedent in the history of international relations ."
"The princeps were immediately placed behind the Hastati , prepared to push forward as soon as the contact with the enemy began , and ensuring that the Romans presented a front without gaps .","The principes were stationed immediately behind the hastati , ready to push forward at first contact to ensure the Romans presented a unified front ."
"In England , Henry VIII broke with Catholicism and raided the wealth of the monasteries , which was dissipated in expensive European and Irish wars .","In England , Henry VIII broke with Catholicism and looted the richness of the monasteries , which was dissolved in expensive European and Irish warrior ."
"While a truly characteristic euphonium sound is rather hard to define precisely , most players would agree that an ideal sound is dark , rich , warm , and velvety , with virtually no hardness to it .","It is difficult to describe the true , characteristic eufonium sound precisely , but most practitioners agree that an ideal sound is large , dark , rich , warm and soft ."
The delegation of the Russian Federation takes it that paragraph 258 ( c ) relates to no other question than the transboundary movement of hazardous and radioactive waste .,The delegation of the Russian Federation understands that the issue referred to in subparagraph ( c ) of paragraph 258 is none other than that of the transboundary movement of hazardous and radioactive waste .
"So , do n’t feel shy about writing a song , especially if you want to do any of the following :","So , donâ € ™ t feel shy about writing a song , especially if you want to do some of the following :"
"Castro 's regime , with its rigid Marxist tendency in those years , showed its displeasure with the existence of comedy shows on the broadcast media , especially when political leaders started to become the butt of jokes .","Castrobus , with his rigid Marxist trend of those years , showed his disconformity with the existence of humorous spaces in the media , especially when his leaders began to be the object of the jokes ."
"“ During the flight Wayne took a prescribed amount of sleeping tablets mixed with some alcohol consumption , and consequently was disorientated on arrival .","- During the flight , Wayne took a prescribed amount of sleeping pills mixed with some alcohol consumption , and was therefore disoriented on arrival ."
"The section provides that no person shall be hindered from the enjoyment of his / her freedom of conscience , that is , the freedom of thought and religion .","The article provides that the right of all to freedom of conscience will be respected , that is , to freedom of thought and religion ."
Golge denied being a member of the Gülen movement or undertaking any anti - government activities .,Golge denies be a member of the Gülen movement or undertake anti - government activities .
"The Joint Improvised Explosive Device Defeat Organization , the Ministry of Defense Bombing Agency , refused to discuss the system , with reference to classification problems .","The Joint Improvised Explosive Device Defeat Organization , the defence department 's bomb - fighting agency , declined to discuss the system , citing classification issues ."
Many have based their thinking about this subject on information gathered from the secular ( evolutionary ) education system or popular media rather than the Bible .,Many have based their mindset about this topic on information from worldly ( evolutionary ) education systems or popular media instead of the Bible .
"To prevent others from getting sick , Dr. Hibbert puts Bart in a plastic bubble .","To avoid contagie other people , Dr. Hibbert puts Bart in a transparent plastic bubble ."
- B + because of the things that have not been carried out .,""" B - plus because of the things that are undone ."
"I travelled to Spain and it was six or seven months before anyone realised that I was n't in Ghana . ""","So I traveled and came to Spain six or seven months before anyone had discovered that I had left Ghana . """
"By the medieval ( or Byzantine ) period , the very definition of the Senate had become so vague and unclear that it also contributed to the complications . [ 12 ]","By the medieval ( or Byzantine ) period , the very definition of the Senate became vague as well , adding to the complication.[8 ]"
"Behind his back Mae also has taken a liking to Jubal , which she expresses to him in no uncertain terms .","Behind her husband , Mae has also taken honey to Jubal , and thus expresses it to this in very clear terms ."
"In English and many other languages , uninflected words include prepositions , interjections , and conjunctions , often called invariable words .","In Spanish , which is a flexive language , only prepositions , interjections and other categories are invariable words ."
The members of the landless masses that had completed their service time could be given a pension of their general and a share of countries in the conquered region where they retired .,Members of the head count who had completed their term of service would be given a pension by their general and a plot of land in the conquered region on which to retire .
The circumstances of the game of Akins and the restoration of Gordon have not yet been explained .,The circumstances of Akins 's departure and Gordon 's reinstatement have yet to be explained .
"Big East Conference member Georgetown originally was among the teams selected , but declined to take part .","The member of the Big East Conference , Georgetown , was originally among the universities invited to the tournament , but decided to decline the invitation ."
1920 ) WHO : World Day without tobacco .,World No Tobacco Day World AIDS Day World Cancer Day No Smoking Day
Studies and research should not take precedence over inspections and investigations .,"Finally , you have to keep in mind that inspection and research tasks are equally important than studies and analysis ."
"A new survey against Swedenborg did not lead , and was finally put down in 1778 . [ 39 ]",A new investigation against Swedenborg stalled and was eventually dropped in 1778.[137 ]
Associative processes Complexes that have unfilled or half - filled orbitals often show the capability to react with substrates .,ASSOCIAL PROCESSES The complexes that have empty or seedlings also present the ability to react with other substrates .
"July 18 Letter to the Russian President Boris Jeltsin where the Pope expresses unease over a law that is presented to the Russian Parliament "" regarding conscience and religious organizations "" .","July 18 Letter to Russian President Boris Yeltsin in which Pope expresses concern about a bill submitted to the Russian parliament "" concerning freedom of conscience and religious associations . """
In May a feud began with Randy Orton when in Raw Orton he did not stop attacking him .,"In March , Kane initiated a feud with Randy Orton by attacking him ."
"On the other hand , I do not agree with point 8 .",I disagree with number 8 .
""" He created such a significant product , yet it has never been published very little about him . ""","“ He created such a significant product , yet very little has ever been published about him . ”"
"For years , Mossad , Israel&#39;s legendary intelligence organization , has been completely inaccessible to the media .","For years the Mossad , Israel 's legendary foreign intelligence agency , has been sealed off to the media ."
"Jimmy & quot;The Tulip&quot ; Tudeski now spends his days cleaning his house and perfecting his culinary skills with his wife , Jill , an alleged assassin who has not yet had a successful mission .","Jimmy ‘ The Tulip ’ Tudeski now spends his days compulsively cleaning his house and perfecting his culinary skills with his wife , Jill , a purported assassin who has yet to pull off a clean hit ."
"He could not settle in Sunderland however , and was created to unite Cardiff City in September 2000 .","He failed to establish himself at Sunderland however , and was set to join Cardiff City in September 2000 ."
The great and irrecoverable fall thereof .,"Back is a great and overwhelming grief ,"
I do not really think they are comparable .,I do nt really think they are comparable .
We get no statements late at night from the most powerful men and women and millions of users . »,‘ We ’ do n’t get late night statements from the most powerful men and women alive and millions of online users . ”
"Around 1922 , the unionists represented the majority in four of the nine Ulster counties , although not in the same counties that were colonized .","In 1922 , Unionists held the majority in four of the nine counties of Ulster ."
Samsara has been around since time without beginning ; This is in accordance with reality as it is .,Samsara has existed since time immemorial ; this accords with the reality as it is .
"Since the gospels recount events in a systematic , rather than a chronological way , it is difficult to trace the exact sequence of incidents that led to that discovery .","Because the Gospels retell events more in a systematic rather than a chronological order , it is difficult to find the exact sequence of events that led to this discovery ."
"Unlike a traditional Ph.D. , the DBA enables candidates to make a contribution to knowledge through the "" novel application of theory "" rather than the "" development of new theory "" .","As opposed to a traditional pH. D. , the DBA candidates make to contribute to knowledge through "" new use of theory "" instead of "" development of new theory "" ."
And by their smooth and flattering speech they deceive the hearts of the unsuspecting . ”,"And by their professional and flattering words , they fool the hearts of the gullible ."
You may not know that there are prophets today too ?,"Do you think they may have had prophets , too ?"
"Responding to climate change must balance the desire to continue to increase the economy today , with unnecessary climate change or prohibited expensive remedies in the morning .",Responding to climate change needs to balance the desire to continue to grow economies today with avoiding disastrous climate change or prohibitively expensive remedies tomorrow .
This template has practically not varied since the dependency was created .,This personnel strength has remained the same almost since the Unit 's inception .
"The company also sells some non - vehicular LNG , and a non - recurring bulk LNG delivery last year was part of the reason why LNG volumes declined in the quarter .","The company also sells some LNG vehicles , and a one - time LNG delivery last year was part of the reason why the LNG volumes declined in the quarter ."
"Therefore , it never asks about who has deserved its benefits .",Do nt ask who would pay for them .
We had the most unbelievable three weeks to prepare before the final .,- We had the most incredible three weeks to prepare for the final .
"He did not accept to be used in a brewery , and ended up dedicating himself to the manufacture of wool in Bradford , Yorkshire .","He declined to enter a brewery and became involved in woollen manufacture in Burley - in - Wharfedale , Yorkshire ."
d ) their commitment not to export any form of anti - personnel landmine .,Member States ' obligation to refrain from exporting any form of anti - personnel mines .
I urge all countries in the region to not skate efforts to ensure that the General Action Plan will reach its conclusion at the end of 1995 .,I call upon the countries in the region to make all efforts to ensure that the CPA will be completed by the end of 1995 .
"Artists would mix and dilute their paint in buckets or coffee cans making a fluid liquid and then they would pour it into raw unprimed canvas , generally cotton duck .","Artists would mix and dilute their paint in cuvettes or coffee cans to create a fluid liquid which pouring on the clean canvas , generally Cotton Duck ."
The war in the Pacific did not end in August .,And the war in the Pacific continued until August .
"Positioned by a mouse - controlled interface , the portals are allowed only on natural surfaces and can not be placed on any metallic or artificial surface or lava .","Positioned with a point - and - click interface controlled by the mouse , portals are allowed only on natural surfaces and are prohibited from any metal , lava or other artificial surfaces in the game ."
"Undoubtedly she played a fundamental role in the apprehension of Kevin Mitnick , showing that tracking and capture were possible beyond the theoretical context .","She played a pivotal role in the apprehension of Kevin Mitnick , proving that trace back and capture were possible beyond the theoretical context ."
"Yes , I know you . 'Edydorne was speechless .","Yes , I know you . ”The lawyer was stunned ."
"Some of the symptoms of Hall as partial paralysis , speech and delirium disorders , there is no doubt that they fit with that diagnosis .","Some of Hall 's symptoms — partial paralysis , slurred speech , delirium — certainly fit that diagnosis ."
"And the first heaven shall pass away , and there shall be no more , and a new heaven shall arise , and all the powers of heaven shall shine forth seven times for ever .","And the First Heaven will vanish and pass away and a New Heaven will appear , and all the Powers of Heaven will shine forever , with sevenfold light ."
He has usurped the prerogatives of the Jehovah himself pretending that he has the right to assign his own sphere of his own without taking into account that this right belongs to his own conscience and his God .,"He has usurped the prerogative of Jehovah himself , claiming it as his right to assign for her a sphere of action , when that belongs to her conscience and her God ."
"The postwar period saw an economic slump , and poor harvests and inflation caused widespread social unrest .","The postwar saw an economic depression , bad harvests and inflation cause generalized social discomfort ."
"Piketty constantly mentions "" institutions and politics "" , but seeing nothing of this institutional and political story .","Though Piketty repeatedly mentions “ institutions ” and “ politics ” , he is blind to institutional and political history ."
"Susi Air is known within Indonesia for hiring its pilots from overseas , mainly from Western countries , due to a lack of Indonesian born and trained pilots .","Susi Air is known in Indonesia for hiring foreign pilots , mainly from European countries or North America due to the deficient training of local pilots and their scarcity ."
Both the effectiveness and the ceiling of annual reimbursements authorized under such assistance are none the less limited .,"However , this aid is limited , both for its effectiveness and by the maximum amount of authorized annual refunds ."
"This is the belief that what you have just been told , do not vote .",This is the belief that what you 've just been told is wrong .
"Other hand scrolls by Xia Gui include Ten Thousand Miles of the Yangzi River , which only survives in an unreliable 16th century copy , and Twelve Views from a Thatched Hut .","Other rolls of Xia Gui are ten thousand miles from the Yangtze River , which only survives in a little reliable copy of the sixteenth century , and twelve views from a straw cottage ."
Santa Claus needs your help because the reindeer is drunk and they can not fly .,Santa Claus needs your help because the reindeer are drunk and they can´t fly .
"Users almost can not influence the website content , while the content of the web application looks different for different users .","Users can to a small extent influence the content of a website , while the content of web applications will look different to different users ."
"Thus , it is common that they can not participate in organizations such as cooperatives and credit institutions .","For instance , they are often denied the right to participate in such organizations as cooperatives and credit institutions ."
We have given careful consideration to the unabated plight of the least developed countries .,We have provided due attention to the difficult persistent situation of the least developed countries .
"The ability to increase traction is important to move without slip on surfaces as sides of smooth rocks and ice , and is especially critical to move uphill .","The ability to increase traction is important for slip - free motion on surfaces such as smooth rock faces and ice , and is especially critical for moving uphill ."
"As a rule , they are almost never anxious or depressed and do not tend to be aggressive .","As a rule , they are hardly ever anxious or depressed and do n’t tend to be aggressive ."
It is noted that the relationship between post assignments is governed by logic and not by the situation of vacancies .,The relation between assignments is sought to be a logical one rather than one dictated by the happenstance of vacancies .
Chapter 3 of title II deals mainly with arrest and illegal and arbitrary detention ( art . 147 ) and unlawful entry ( art . 148 ) .,Chapter 3 of Title II refers essentially to illegal or arbitrary detention or prison ( Article 147 ) and to the violation of the address ( Article 148 ) .
"Scouts from Werder Bremen came with Henriksen , but the day after pronounced sports director at Rosenborg , Erik Hoftun , that Henriksen is not for sale and that he will continue his development in Rosenborg .","Scouts from Werder Bremen attended the match to watch Henriksen , but Rosenborg 's sporting director , Erik Hoftun rebutted any links by stating that Henriksen will continue his development at Rosenborg ."
"Blake claimed that he had returned to the restaurant to collect a gun which he had left there , and was not present when the shooting occurred .","Blake told the police that he had returned to the restaurant to look for a weapon that he had forgotten at the table , and that it was at that moment that the murder occurred ."
"While the western front was an endless alley for the German army , the front of the East proved to be a great success .","While the Western Front was a stalemate for the German Army , the Eastern Front eventually proved to be a great success ."
"“ O mankind , eat from whatever is on earth [ that is ] lawful and good and do not follow the footsteps of Shaytān .","Listen , you people , eat what the earth offers and what is permissible and good ."
"For example , there is many a Video Poker junkie that will play to hit a Royal Flush always , no matter what .","* For example , there are many video poker players who want to play to get Royal Flush always , anyway ."
No red meat is allowed in the first year .,Red meat is prohibited in the first year .
"& quot;Success is no more than a few simple rules observed daily , and mistakes are just a few mistakes that are repeated daily.&quot ;",""" Success is nothing more than a few simple rules observed daily , and failure is just a few mistakes repeated daily . """
"This is in disparity to many one - time transactions , when customers are forced to make significant commitments through high software prices .","This is contrast to many one - time transactions , when customers are forced to significant commitments through high software prices ."
"Notwithstanding the situation described above , there are still UNEP programmes that continue to make a genuine contribution .",Despite this there are still UNEP programs that continue to make an authentic contribution .
"With each trap unarmed , the player 's thieving level is reduced by one , and the like for each obstacle passed the agility is reduced by one .","With every trap disarmed , the player 's thieving level is reduced by one , and similarly for every obstacle passed , the agility level is reduced by one ."
The decision taken was not to try to reach the McCool hill and instead parking at Low Ridge Haven .,A decision was made to terminate attempts to reach McCool Hill and instead park on a nearby ridge named Low Ridge Haven .
"History , without a doubt , will judge him fairly , but for whom we are here today is already evident that Deng Xiaoping 's legacy in China will be a lasting legacy .",History will undoubtedly pass fair judgement on him . But for us here today it is already clear that the legacy of Deng Xiaoping in China is a lasting one .
One method of finding a vampire 's tomb involved to lead a boy who was virgin through a cemetery on a stallion that had not yet tackled a jump .,One method of finding a vampire 's grave involved leading a virgin boy through a graveyard or church grounds on a virgin stallion — the horse would supposedly balk at the grave in question .
Visits are fundamentally a public information service and not a non - profit company .,The tours are operated primarily as a public information service rather than as a profit - making enterprise .
"oral sex , although this is unusual",Through oral sex although this is very rare
We never relax and we were able to fix our own rhythm .,We were really relaxed and able to set our own pace .
"( a ) The courts of the Republics of Bosnia and Herzegovina , to which all persons shall have unimpeded access ;","a ) the courts of the republics of Bosnia and Herzegovina , who will all have free access ;"
The Bureau and the Division of Palestinians ' rights would remain in close contact with the coordination committees of non - governmental organizations with respect to the eminent personalities that would be invited .,The Bureau and the Division for Palestinian Rights would remain in close contact with the NGO Coordinating Committees with regard to the eminent personalities to be invited .
"On the other hand , the Marshall Islands have not yet recovered from the consequences of nuclear - weapon essays that were made in their territory and that the United Nations themselves tolerated .","In addition , the Marshall Islands was still struggling to overcome the effects of the nuclear - weapons testing programme conducted there , which the United Nations itself had condoned ."
"He refused to write the part of another customer 's will which would have bequeathed or transferred the ownership of a slave , and instead convinced the owner to set the slave free by manumission .","He declined to write part of the will of another client who had transferred the property of a slave , and instead convinced the owner to leave the slave free by manumismission ."
"Unfortunately , the study of the Special Rapporteur also demonstrates that numerous governments that have ratified the Convention do not meet certain important parts of their stipulations .","Unfortunately , the Special Rapporteur 's study also shows that many Governments , having ratified the Convention , fail to comply with important parts of the requirements ."
"Despite the fact that the Mixed Commission created to implement the agreement has met at a couple of occasions since the beginning of the year , the parties seem determined not to abandon their positions .","The joint commission created to implement the agreement has met a couple of times since the beginning of the year , but the parties seem to be locked in their positions ."
"I think nothing of what I lived has been despised . "" However , his novel The Rain Forest of 1974 demonstrated his creative ability through a description of a fictional island in the Indian Ocean and its inhabitants .",Her 1974 novel The Rain Forest showed off her creative skills in her portrayal of a fictional island in the Indian Ocean and its inhabitants .
"Needless to say , we are both over the moon thrilled about this !",Then we exclaim both - it 's the moon !
"On May 1 it explodes the Battle of the Yalu River , in which Japanese troops take a Russian position by assault after crossing the river without opposition .","On 1 May 1904 , the Battle of Yalu River became the first major land battle of the war ; Japanese troops stormed a Russian position after crossing the river ."
UNICEF and non - governmental organizations were trying to further increase water supply in rural areas and shelters for displaced persons .,UNICEF and NGOs were aiming at a further increase in the water supply in the rural areas and shelters for displaced persons .
"Information and files should be sent between different departments in the company , to suppliers , customers and stakeholders regardless of the operating environment and operating system .","Information and files must be able to be sent between the different departments within the organisation , to suppliers , customers and stakeholders irrespective of their operating environment and system ."
"However , notwithstanding the positive steps referred to above , Amnesty International , in its annual report , repeatedly reports serious human rights violations in East Timor .","However , and despite the positive steps I mentioned earlier , in its annual report Amnesty International informs repeatedly of serious violations of human rights in East Timor ."
"In the inhospitable conditions of the Afghanistan theatre , the Tiger had a reported operational availability of 90 % .","Put in service in a particularly demanding environment , the tiger shows an availability of 90 % on the ground ."
I do n't know if you have seen 8 mile with Eminem in the main role ?,You ever seen the 8 Mile with Eminem ?
We were unable to secure licenses from the licensees for the huge amount of music on the service .,We failed to secure licenses from rights holder for the vast amount of music on the service .
"It 's what your ego is saying to you in order to prevent you from having to do the hard work of improving : "" I know I 'm a good person on the inside . ""","And that 's what your ego tells you to avoid the hard work it is to improve : "" I know I 'm a good person on the inside "" ."
"Cheerful and optimistic to the extreme , Zero hides his fears and refuses to ever be depressed .","Airy and optimistic extremely , Zero hides its fears and is always resisting to be dejected ."
""" Our study found that whenever the tourist boats were present the dolphins were very unsettled and spent less time feeding , socialising or resting .","Our study found that every time a tourist boat was present used the dolphins less time eating , socializing and resting ."
"Although artificial intelligence , genetic engineering , and cloning are barely mentioned in the core rulebook they are reintroduced in later add - ons such as the chromebook manuals .","Artificial intelligence , genetic modification and cloning are as far as mentioned in the rulebook , but is to a greater extent in additional books ."
"It includes the strange insertion in its phrases of courtesy words , among them "" please "" , "" thank you "" , "" of nothing "" and "" forgiveness "" .","It includes the odd insertion into her sentences of words of politeness , including "" please "" , "" thank you "" , "" you 're welcome "" , and "" pardon "" ."
"When the AI Lab bought a new PDP-10 in 1982 , its administrators decided to use Digital ’s nonfree timesharing system instead of ITS .","When AI Lab bought a new PDP-10 in 1982 , the administration decided to use DEC&#39;s system instead of ITS ."
"“ In the four years which have passed , Okko Kamu has grown to be such a familiar , well - loved figure in our musical life , that it will feel strange to be without him ” .",""" In the four years that has passed , Okko Kamu has become so familiar and dear in our music life , that it becomes strange to be him besides . »"
"They reaffirmed their determination to prevent the proliferation of nuclear weapons , which would lessen the security of all States and increase the risk of nuclear war .","They reaffirmed their determination to avoid the proliferation of nuclear weapons , which would undermine the safety of all States and would increase the risk of a nuclear war ."
"This condition prevents the development of interpersonal relationships and learning processes , making the future of the patient unsure when it comes to independence , self - care and productivity .","This condition hinders the development of interpersonal relationships and learning processes , making the patient ’s future uncertain in terms of independence , self - care , and productivity ."
Those who have worked for him – either directly or with a layer or two of lawyers and lobbyists in between – avoid saying anything about him .,Those who have worked for him - either directly or with a team or two lawyers and lobbyists in between - avoided saying something about him .
Bullock also features as a non - playing character in the MMORPG DC Universe Online .,Bullock also has a NPC at the MMORPG DC Universe online .
"Needless to say , I now have a radar for them .",But now I think I have a radar for them .
"How , where and how fast are the data made visible and usable for middle managers , executive management , HR and employees ?","How , where and how quickly do the collected data are made visible and useful for middle managers , top managers , HR and employees ?"
"The question of the reform of the Security Council requires , without a doubt , a broad and careful analysis .",The issue of the reform of the Security Council no doubt requires comprehensive and cautious analysis .
""" I hope this paper acts as a call to action for the 48 percent of companies that do nothing to solve the sustainability challenges in their supply chain . """,“ I hope this paper acts as a call to action for those 48 percent of companies that are n’t doing anything to address sustainability challenges in their supply chain . ”
""" Article 1 : This decree aims to fix the applicable rules on weekly rest and holiday , not worked and remunerated .",""" Article 1 : The purpose of this Decree is to fix the rules applicable to weekly rest and paid public holidays ."
"At least 20 hours per week should deal with research , if not in Mexico , abroad with total relationship to research .",At least twenty hours per week must be spent in research if in Mexico or work must be completely research related if abroad .
Short courses of topical steroids ( fewer than four weeks ) are usually safe and normally cause no problems .,Short couriers with steroids ( fewer than four weeks ) are usually safe and normally cause some problems .
"This is a comprehensive unfaithful policy that gives obscene liberties to women , leading to infidelity and bringing about the destruction of Islam .",This is a big infidel policy which gives such obscene freedom to women which would lead to adultery and herald the destruction of Islam .
There can be tidal currents since the water levels on either side of the amphidromic point are not the same .,"There may be tidal streams , since the water level is different on each side of the amphideromic point ."
"- It says we are going to lose this if there is no quick and drastic course change , says the source .",""" It says we are going to lose the situation unless there is a rapid and dramatic change of course , "" the source said ."
Food storage allows food to be eaten for some time ( typically weeks to months ) after harvest rather than solely immediately .,"The storage of food allows food to be consumed for some time ( usually weeks or months ) after harvest , instead of it only immediately ."
There was a general atmosphere of anticipation as the Royal Emblem was unfurled .,There was a general environment in advance while the real emblem was deployed .
You can choose not to participate in the Icebreaker service by contacting us .,"You are able to opt - out from the icebreaker service , by contacting us ."
Do not want to sit down somewhere ? ”,Do you want to sit somewhere ? ”
"Do they not see that We made the night for them to rest therein , and the day for visibility ?","( 86 ) They 've been seen we 've made the night to rest for them , and the day to give light ?"
"This usually caused a massive flight of refugees to fortified towns and castles , which would be untouched by the chevauchée .","This usually caused a massive flight of refugees to fortified castles and cities , which would remain outside the chevauchée ."
"As regards cooperation with the Government of Iran , the latter has officially responded to the memory that the Special Representative sent him , although he has not yet authorized him","With respect to cooperation with the Government of Iran , the latter had responded officially to his memorandum but had yet to authorize his visit to the country ."
"A new understanding and acceptance of the principles of international economic and political cooperation , based on fair and unbiased international relations , should be a by - product of this effort .","This effort should result in an additional result a new understanding and a new acceptance of the principles of economic cooperation and international policy , on the basis of fair and impartial international relations ."
Choice and not interference : Protect patience and ...,Choices and Non Interference : Practicing Patience and …
"However , The Smith 's first single in May 1983 , "" Hand in Glove "" , did not meet the expectations of criticism and commercially .","However , the Smiths ' May 1983 debut single "" Hand in Glove "" failed to live up to critical and commercial expectations , mostly due to its perceived low production values ."
"Whether or not this proves to be true , what is known is that magnesium is important for the production of cellular energy in the mitochondria .","Whether this turns out to be true , what is known is that magnesium is important for the production of cellular energy in the mitochondria ."
"It is an interesting story here too , as the capital of Porto Santo , Vila Baleira was once home to no other than Christopher Columbus .","There ’s an intriguing touch of history , too , as Porto Santo 's capital , Vila Baleira was once home to none other than Christopher Columbus ."
"Something they did not want to discuss at all but it had been established long before this process had started that it was about one thing , to have control over the movement .","Something that they would discuss the head but it was established long as this process had started that it was all about one thing , to have control over the movement ."
"One speaker at a public meeting could be brought before a court for any citizen , because no one who does not possess the full right of citizenship could legally harrow the population .","A speaker in a public assembly might thus be brought before a court by any citizen , for only one possessing the full right of citizenship could legally address the people ."
""" No , "" he replies , and we move on .",""" Yes ... "" he responds , and goes on .."
"Fetterman was probably born in New London , Connecticut , although this is uncertain .","Fetterman probably was born in New London , Connecticut , although there is some uncertainty about it ."
"During the late 1960s and early 1970s , Sonny James enjoyed an unprecedented streak of success with his commercially released singles , many of them covers of previous pop hits .","In the late 1960s and early 1970s , Sonny James had a unique success row with its commercially released singles ."
The average age in Gaza is obviously not 17.6 years .,The average age in Gaza is 17.6 years .
( Beef is considered unholy in Hinduism and killing of cows – considered sacred – is prohibited . ),( Note that in Hinduism the cows are sacred ) .
"It is hard to generalize because of insufficient experience of the Slovak Republic in fighting racism , xenophobia , anti - Semitism and intolerance .","It is difficult to generalize due to the lack of experience of the Slovak Republic in the fight against racism , xenophobia , anti - Semitism and intolerance ."
"Therefore , according to some representatives , the Necessity Acts should be deemed outdated .","According to some interlocutors , the laws of need should be considered obsolete ."
Hill stated that the writers were not sure when it should be reintroduced to Gendry in history .,Hill stated that the writers were uncertain on when Gendry should be reintroduced to the story .
"Trying to expand NATO by incorporating Ukraine and Georgia , two of Russia 's central border zones , would in any case be irresponsible .","In any circumstances , seeking to expand Nato to incorporate Ukraine and Georgia , in two of Russia 's key border zones , would have been reckless ."
"This early strife with his aunt and grandmother left him with a permanent , uncompromising hostility toward religious solutions to everyday problems .",The first conflicts with their aunt and his grandmother left him a lasting hostility against religious solutions to treat daily problems .
"Captain Lord Gerald Richard ( 14 July 1874 – 10 October 1940 ) , who died unmarried .","Lord Gerardo Ricardo Grosvenor ( July 14 , 1874 - October 10 , 1940 ) , he died single ."
"The best thing about this page business is that you have no stock / warehouse and still make money , and this is another super profitable way to make money online .","The best part about this side business is that you do n’t hold any inventory / stock and still make money , and this is another super profitable way to make money online ."
The fact that Investor 's planned trade can be inside information does not prevent them from carrying out the transaction .,The fact that an investor 's planned trading may be inside information also prevents him / her from completing the transaction .
"( Except Devon Cornwall , North Scotland and Highlands ) £ 110 for up to 4 seats","( excluding Devon Cornwall , North Scotland and Highlands ) £ 110 for up to 4 seats"
There is no doubt that other petitioners will be explated about the importance of the Manila Conference and its conclusions .,Other petitioners will certainly elaborate on the significance of the Manila Conference and its conclusions .
""" More people use paid downloading than unpaid services , both in the population as a whole and in the 15 - 20 age group .","- There are several who use paid downloads than those who use free services , both throughout the population and in the age group 15 - 20 years ."
It is activated according to the stable and immutable law of Likhet in equity .,It is activated according to the stable and invariable law of similarity of qualities .
"Therefore be ready also , for the Son of Man is coming in an hour that you do n't expect him . ""","40 You are also prepared , because the Son of Man will arrive at the least thoughtful time » ."
"Melissa is terrified that the judge is going to say she is too young , that she can not afford rent , or that their foster parents are better .","Melissa is terrified the judge will say she ’s too young , she can barely afford her rent , or that their foster parents are better providers ."
Representatives who make use of the word in conference rooms should bear in mind that microphones located before them do not work until the President grants the word .,Representatives who take the floor in conference rooms should bear in mind that the microphone before them is inoperative until they have been called upon to speak by the chairman .
( No left people are excited about them ) .,So he did n’t ( although there are those on the Left who maintain that he did . )
"While such a decision might indeed be unavoidable , the Committee should first examine the content of the relevant reports and the urgency of the questions they raised before taking a decision .","Although this decision may be inevitable , before adopting it the Commission should examine the content of the relevant reports and the urgency of the issues raised in them ."
The Nottingham School of Economics found that unhappy customers are more willing to forgive a company that offers an apology as oppose to being compensated .,Research conducted by the Nottingham School of Economics found that dissatisfied customers are more willing to forgive companies that give them an apology as opposed to compensation .
"Isaiah43:19 Behold , I will do a new thing ; now it shall spring forth ; shall ye not know it ?","39:40 Say , O my people , act in their place ; I certainly shop ( too ) ; so you will soon know ,"
"So you react , and to prevent more hurt , look for a way to protect yourself .","So you react and to avoid more pain , look for a way to protect yourself ."
"I want you to look , and I want you to remember that no matter what happens out there , someone is here waiting for you to come home .","I would then want to look at this heart and think that whatever happens out there , then there is someone waiting for you when you get home ."
"Angrily , Principal Moreno unreasonably decides to cancel the prom until Radio Rebel reveals her true self .","Anger , the director Moreno decides to cancel the graduation dance until Radio Rebel reveals his true self ."
"If necessary , an inspection should be able to begin not after a day or two of a suspicious phenomenon .","When necessary , an inspection should begin within a day or two of a suspicious event ."
"But then , the church ’s men ran in fear from what they did not understand .",Women aroused emotions in the men of the church whom they tried to deny .
How can I not talk about this ? ”,How can I talk about this ? ”
"The city of La Rochelle initially refused to declare itself an ally of Buckingham against the crown of France , and effectively denied access to its harbour to Buckingham 's fleet .","At first , the city of La Rochela rejected Buckingham 's help and denied the access of the fleet to its port ."
"According to uncharted sources , one of his children is the first man : Tu - Mea .","Their son is the first man , Tu - Mea ."
"Mićković has created works of undeniable continuity and modern tradition , thus becoming a linking part of modern Bosnia and Herzegovina sculpturing .","Florijan has created works by continuing to tradition and sculptural modernity , thus becoming part of the sculpture of the current Bosnia and Herzegovina ."
I really do n’t think this is isolated to America .,Believe this is isolated to America .
"The Sistine Chapel has maintained its function to this day and continues to hold the important services in the papal calendar , as long as the pope is not traveling .","The Sistine Chapel has maintained its function to the present day and continues to host the important services of the Papal Calendar , unless the Pope is travelling ."
"Without love , it opened to the acclamation of the criticism and won the jury award at the Cannes 2017 Film Festival .",Loveless opened to critical acclaim and won the Jury Prize at the 2017 Cannes Film Festival .
"Autechre have experienced in depth with development environments such as Max / MSP , Superclider and Kyma - among others - starting in 1997 , although it is not clear if they still use these .","Autechre have also experimented in depth with development environments such as Max / MSP , and Kyma , amongst others , from 1997 onwards ."
He warned the other sysops that trying to undelete the article would engage their responsibility before the law .,He noticed the other system operators to try to recover the article would carry out their responsibility before the law .
"Read our full guide to avoid pickpockets in the French capital , and keep your belongings safe and inaccessible to thieves .","Read our full guide to avoiding pickpockets in the French capital , and keep your belongings safe and out of reach of thieves ."
"To prevent a possible illness , it is enough to use at least 25 grams . product daily .","To avoid a possible disease , it is enough to spend at least 25 grams . Product daily ."
"Unless that changes ,","Before such changes are implemented , is"
"Like Ford cars and tractors , these Ford aircraft were well - designed , relatively inexpensive , and reliable ( for the era ) .","Like cars and tractors , Ford aircraft were well designed , were relatively cheap and reliable for the standards of its time ."
I barely know if some of you are male or female ( not that it matters ) .,I also want to know if you are a man or woman ( to you anonymous ) .
"On censorship , he said , after his last , post-1989 Revolution volumes were delayed , "" we have won our freedom , so I must n't complain .","About censorship , he said , referring to his last books appeared , with a certain delay , after democratic recovery in 1989 : "" We have obtained our freedom , that 's why I can complain ."
The CHAIRMAN said he took it that the Committee wished to leave the penultimate sentence of paragraph 25 unchanged and to add a reference to imminent deportation in the last sentence .,"Four . Five . The Chairman said that he understands that the Committee wishes to leave as the penultimate sentence of paragraph 25 , and add a reference to imminent deportation in the last sentence ."
"19 He replied to them , “ You unbelieving generation !","19And he saith unto them , Unbelievers !"
"The plot revolves around Raj and Simran , two young non - resident Indians , who fall in love during a vacation through Europe with their friends .","The plot revolves around Raj and Simran , two young Indians who lie abroad , who fall in love during a vacation through Europe with their friends ."
"Usually , claims are placed on obstruction when a person ( suspects themselves except ) during query presents untruths for investigators .","Generally , obstruction charges are laid when it is discovered that a person questioned in an investigation , other than a suspect , has lied to the investigating officers ."
"To enter the national territory with a valid passport , aliens need to have the appropriate visa , without prejudice to the provisions of international conventions on the abolition of visas .","To enter the national territory with valid passport , foreigners will require the corresponding visa , except as established in international conventions on the suppression of visas ."
"In other places , there is outright ethnic "" cleansing "" , through massacres and unspeakable crimes .","In others , the "" ethnic cleansing "" is resorted directly , which is reached by means of mass cares and incalary crimes ."
"I can not stop remembering here former President , José María Ruda , in whose tribute the Argentina instituted a special prize within the United Nations Decade for International Law .","I must recall here its former President , José María Ruda , in whose honour Argentina created a special prize in the framework of the United Nations Decade of International Law ."
"The investments carried out in the infrastructure of the transport by road preferably have the conservation of existing roads , and not the construction of new roads .",Investments in road transport infrastructure are directed more towards maintenance than to construction of new roads .
""" It boasts the thoughts that over 90 % of galaxies in the universe have not yet been studied .",""" It boggles the mind that over 90 percent of the galaxies in the Universe have yet to be studied ."
The assessment of market prices is difficult to carry out in developing countries or countries in transition where capital markets do not exist or are weak .,Market valuation is difficult to achieve in those developing countries or countries in transition where capital markets are weak or absent .
"So it 's no wonder that Pareto postulated the 20 % of your bet , well focused , will be 80 % of your success .","So it makes sense that Pareto believed 20 % of your effort , if it ’s well - focused , can be 80 % of your success ."
Every one who turns in on fields and not,"All who dwell in dark and sin ,"
The Government of the Republic of Korea is willing to share its experiences in the field of development and not to skimp efforts to achieve global social development .,His Government was ready to share its development experience and contribute fully to efforts for global social development .
"I hope not to have to use the software again but I can guarantee I will be passing your company ’s name along to family , friends and co - workers who experience the same problems in the future .","I hope to have to use the software again , but I can guarantee that I will be passing the company 's name together for family , friends and colleagues who experience the same problems in the future ."
"There is no rush , you can simply let the money sit in the 529 until you make a decision on how you want to proceed .",You can just let the money sit in 529 until you decide how to continue .
"On the contrary , it 's possible that each time I will receive a harsh treatment ( Gevurot ) from Him , but I understand that precisely this treatment is what advances me .","It is rather the opposite , because it is possible that I will every time experience harsh treatment ( Gevurot ) from him , but I will understand that precisely this treatment will help me in my development ."
"Suggested roles for the king and his followers slipped into and out of these formulas , despite the implacable opposition of most of the mujahedin leaders .","Suggested roles for the king and his followers went in and out of this draft , despite hard opposition from most Mujahedin leaders ."
Some groups have open meetings once a month to allow non - addicting friends and relatives of NA members to celebrate drug - free time with them .,Some groups have open meetings once a month to allow nonaddict friends and relatives of NA members to celebrate recovery anniversaries with them .
"We have chosen the name X.Y.0.1 , because we believe that the strength of human competence , deep emotions , and endless creativity are fundamental .","We have chosen to call us x.y.0.1 , because we believe that everything is fundamentally about the strength of human expertise , deep emotions and versatile creativity ."
Knobby also feels great hatred for humans because it blames them from damage that the forest is suffering and to which they are the guilty of the non - existence of gnomes .,Knobby harbors immense hatred for humans because of the human 's logging damage to the forests and the livelihood of gnomes .
"German Chancellor Angela Merkel has condemned the conference , and British Prime Minister Tony Blair has called it & quot;so shocking that it is unbelievable&quot ; .","German Chancellor Angela Merkel condemned the forum and British Prime Minister Tony Blair called it "" shocking beyond belief "" ."
Then you ought to inject rather than swallow the pill .,Then you should inject instead of swallowing the pill .
I was restless that it could be the wrong person who is convicted of the murder of my father .,“ I was disturbed that the wrong person might have been convicted of killing my father .
Mr. Legal ( France ) has no difficulties in recognizing the peculiarity of the situation in South Africa in relation to the treatment of arrears in the payment of quotas .,Mr. LEGAL ( France ) said that his delegation readily acknowledged the special nature of South Africa 's situation with regard to the treatment of its outstanding contributions .
"Pacific College ’s Associate of Applied Science program is paramount among San Diego massage schools , offering unparalleled opportunities to advance your career in Asian holistic massage with a blend of classroom and online learning .",The Pacific College Associate of Applied Science program is important among San Diego massage schools that offer unique opportunities to advance your career in Asian holistic massage with a blend of classroom and online learning .
"The subsequent non - rounded vowels tend to be centralized , which means that they are often actually almost later .","Unrounded back vowels tend to be centralized , which means that often they are in fact near - back ."
Have they not heard of supply and demand ?,Have you ever heard of supply and demand ?
"The community of practitioners makes little attempt to develop the theory towards solutions of the problems , shows no concern for attempts to evaluate the theory in relation to others , and is selective in considering confirmations and disconfirmations .","Scientists make few attempts to develop the theory to solve the problems , care little about what other related theories say , and are selective compared to what is considered confirmation and disciplines ."
"The opinion of the town was that this coalition would fail ; Not in vain , they were the heirs of the two groups that fought so violently on the streets of Turkey during the 70s and 80s .","The popular perception was that it would fail ; these were , after all , the inheritors of the two groups that were fighting so violently in the streets during the 1970s ."
"It is , without a doubt , a difficult issue that , however , must be addressed .","The issue was certainly a difficult one , but it must be tackled ."
"Instrument screw shafts are generally made of Invar , to prevent temperature from changing tolerances too much .","The shafts of the instrument spindle are generally in Invar , to avoid too many changes of tolerances with the temperature ."
"2 , # 85 ( April 1989 ) , Wise Owl is shown in a more villainous light , with Lane / El Diablo his unwilling servant .","In Swamp Thing vol . 2 , # 85 ( April 1989 ) , Owl Sabio appears in a more Villana light , with Lane / El Diablo as the servant arranged by him ."
"Today , we are called upon to solve displacement following cruel inter - group rather than ideological conflict .",Today we expect from us to resolve the displacement situations caused by cruel conflicts between groups more than among ideologies .
"Regardless of whether you ’re just hanging up your posters at your university or all around town , print24.com has the capacities to handle any order size .","Whether you just hang up your posters at the university or throughout the city , Print24.com has the capacity to handle any order size ."
"Do you feel that you should have more energy and vitality , but ca n’t get there ?","Do you feel you should have more energy and vitality , but it stops ?"
"Tentacion is the latest name to be added to the list of young artists who died an untimely death , which also includes Swedish DJ Avicii .","Tentacion is the last name of the list of young artists who died so too early , a list that also includes Swedish DJ Avicii ."
"However , backplane architecture is somewhat unrelated to the SBC technology plugged into it .","On the other hand , the motherboard architecture is somewhat related to SBC technology that is connected to it ."
"Maya bothers the atheism of Tosh and the control he has about his life , but not long ago to challenge his authority .","Maya is disturbed by Tosh 's atheism and his control of her life , but does little to challenge his authority ."
After two years of marginal sales Apple was unprepared for the record number of orders placed for the newest member of the Macintosh family .,"After two years of low sales , Apple was prepared for the order record of the newest member of the Macintosh family ."
Does not Col 2 : 14 - 17 17 remove the seventh - day Sabbath ?,Dosen’t Colossians 2:14 - 17 do away with the seventh day Sabbath ?
Since stress fractures are caused by repeated trauma rather than singular events they are more likely to be caused by regular behavior than other types of injuries .,"Since stress fractures are caused by repeated traumas instead of singular events , they are more likely to be caused by regular behavior than other types of injuries ."
It should not be forgotten that the security of Europe begins with Turkey .,This emphasizes that Europe 's security starts with Turkey .
The pattern of Clint is no other place in Denmark .,Møns Klint is unlike any other place in Denmark .
But none reject Our Signs exce pt only a perfidious ungrateful ( wretch ) !,Deny Our sign makes only ungrateful traitors . ( 32 )
"If any changes happen , we should mention them in advance to try to reduce unwanted concerns .",If there are any changes then we should mention them in advance to try to reduce undue concerns .
"SED 's financial policy prioritized the heavy industry at the expense of the food and consumer industry , which led to great lack of necessary goods .","The economic policies of the SED favored the development of heavy industry at the expense of the production of food and consumer goods , all of which resulted in a severe crisis in supplying the public with goods ."
But how do you not have blood pressure if you start to mark symptoms ?,But how do you raise your blood pressure if you start noticing symptoms ?
The consumers should take in consideration the ProntoTec Android 4.4 Kitkat tablet if they want something versatile and inexpensive .,Consumers should take into account the Prontotec Android 4.4 Kitkat tablet if they want something versatile and cheap .
"Although ordered to join Rall , the remains of the Knyphausen Regiment mistakenly marched in the opposite direction .","Despite the order to join RALL , the remains of the Knyphausen regiment marched by mistake in the opposite direction ."
"It is never easy to leave Real Madrid , it is the biggest club .","Historically , Real Madrid have long been seen as the establishment club ."
An African name can be an almost insurmountable obstacle to obtaining a skilled job .,Carrying an African surname can be a difficult obstacle to access a qualified job .
In the man 's refrigerator finds Varg a woman 's body without head arms and legs .,"In the bathroom , a male corpse is missing both its head and its hands ."
This collection has never been recovered . The main librarian at that time was Antonio Panizzi ; The contempt of him by the departments of natural history and for science in general was absolute .,The Principal Librarian at the time was Antonio Panizzi ; his contempt for the natural history departments and for science in general was total .
"A non - standard rifle was to replace the SLR , however .","However , the one Waffen SS brand was replaced with the Norwegian lion ."
"“ Instead of telling victims they should seek help , Rihanna released a music video that gives retaliation in the form of premeditated murder the imprimatur of acceptability .","Instead of telling the victims that they should seek help , Rihanna has launched a music video that provides retaliation in the form of premeditated murder ."
The work 's original overture has not survived and therefore another of the composer 's instrumental works is sometimes substituted as an introduction .,The original overture of the work has been lost and another instrumental work of the author is generally interpreted in its place .
The struggle under way in my country is between the unarmed millions defending the cause of democracy and the armed reactionary clique of mutinous soldiers and their Revolutionary United Front cohorts .,The struggle that develops in my country is among the millions of inertmes that defend the cause of democracy and the reactionary clique armed from the riot soldiers and their cohorts of the united revolutionary front .
"This ca n't just put decorations to good use , but it will also encourage guests to document your vacation with photos .","This may not only put your decorations to good use , but it will also encourage your guests to document the holiday with pictures ."
Balance and peace are like never a challenge of our time .,"Now more than ever before , stability and peace are the challenge ."
"In the Far East , as well as all over Europe , kill cricket , even by chance , is very unfortunate .","In the Far East as well as across Europe , it is considered very bad luck to kill a cricket , even by accident ."
"You will be inspired to overcome disciplinary boundaries , make choices that are more sophisticated and more daring , and cultivate an attitude of continuous inquiry into the material and immaterial aspects of space .","You will be inspired to overcome disciplinary boundaries , take choices that are both more sophisticated and more daring , and cultivate an attitude of continuous investigation of material and intangible aspects of space ."
"Besides confiscation of prime agricultural land , large numbers of olive , almond and fig trees and vineyards have continued to be uprooted for the construction of bypass roads .","In addition to the confiscation of fertile agricultural land , the eradication of numerous olive trees , almonds , fig trees and vineyards has continued to build ring roads ."
"“ I found her and her people prostrating to the sun rather than to Allah ’ ( Qur'an , 27:24 ) .",I have found that she and her people worship the sun instead of Allah .
"When World War I began the following year , the work conditions became unusually difficult , as the spacious and modern Physics Department building , built by Witkowski a short time before , was turned into a military hospital .","When the First World War broke out , working conditions were becoming exceptionally difficult , and the great and modern building of the physical department , previously built by Witkowski , became a military hospital ."
"There is another no less serious implication , too .",There is another equally serious consequence .
"After fifteen of Pr - deputies requested a registered vote , the Vice President announced a division on the question of motion , something never before occurred in the legislative .","After fifteen of the PR MPs requested a recorded vote , the Deputy Speaker announced a division on the question of the motion , a first in living memory ."
"Even if they are looking for a date , it may not be you .","He&#39;s still looking for a date , maybe it&#39;s you ?"
"However , the University would not be to open up to 1477 by the Adolfo Successor , Diether von Isenburg .","The university , however , was first opened in 1477 by Adolf 's successor to the bishopric , Diether von Isenburg ."
"About half of those executed were Germans , most of whom were sentenced to death for acts of resistance against the lawless National Socialist state .","About half of those who were executed were Germans , and most of these were sentenced to death for resistance to the national socialist board ."
"Either found in your town or on the Internet , many people will try to gain some extra income while letting off the steam .","Whether you find in your city or on the internet , many will try to get some extra income while releasing the pressure ."
Tom Cruise Not Welcome to Germany,Tom Cruise is now welcome in Germany .
"The system was designed for a flow of 170 m3 / s. However , due to the additional settlement of land , the inclination of the Grand Canal became null in 1990 and negative in 2000 .",Due to further land settlement the inclination in the Grand Canal became zero by 1990 and negative by 2000 .
Help entrepreneurs who obtain good results in the unstructured sector to move to the structured sector can contribute to improving competition and increasing tax revenues from the State .,Helping successful businesses in the informal sector to graduate to the formal sector can contribute to improved competition and tax revenue for the State .
"He was pressured by Adela into making a second pilgrimage , and joined the minor crusade of 1101 in the company of others who had also returned home prematurely .",He was pressured by Adela to participate in a new crusade and joined the less crusade in 1101 along with others who had also dragged home too early .
"However , some old buildings , such as the city hall ( the ' Stadhuis ' ) and the ' Römer ' house , survived the war relatively unscathed .","However , some ancient buildings , such as the City Council ( ' Stadhuis ' ) and the house "" Römer "" , survived the war relatively intact ."
Especially not after what she said to you .,Especially after what he said to her .
"There are several aspects of S-400 who are little discussed , neither by Russia himself or outside .","There is a more secret aspect of the S-400 that is little disclosed , either within Russia itself or without ."
All BBA candidates must satisfactorily complete the following set of eight Business Core Courses regardless of declared major :,All BBA candidates must satisfactorily complete the following set of eight business core courses anyway declared large :
( Not reported ),( Unknown )
"In any case , if the international community does not face the challenges they expect , then serious consequences will have to be endured .","In any case , unless the international community faced up to the challenges before it , harsh consequences would have to be endured later ."
There is no dearth of recommendations that may be made to Governments seriously committed to ending torture .,Various recommendations could be made to governments that have the firm purpose of finishing torture .
"Agriculture is restricted to a narrow strip along the Fraser River , and the Dewney - Deroche district not incorporated east of Mission contains most of the farms in the area .","Agriculture is mostly restricted to a narrow belt along the Fraser River , and the unincorporated Dewdney - Deroche district east of Mission contains the majority of the farms in the area ."
The existence and the programs of the United Nations help guarantee our peace and security and promote our economic and social development in ways that we can not fully manage ourselves .,"The existence and programmes of the United Nations help guarantee our peace and security , and promote our economic and social development in ways we are too small to manage entirely for ourselves ."
"Out of this experience came his first compositions , and in no time at all he recorded his first album , entitled "" Noches en el Posada Vallarta "" , which included the popular track "" Puerto Vallarta "" .","From that experience , his first compositions come out , and soon he recorded his first album , entitled "" Nights at La Posada Vallarta "" , from which the popular theme Puerto Vallarta stands out ."
"If the algorithm comes at the end of the list without finding the goal , the search ends unsatisfactorily .","If the algorithm reaches the end of the list , the search terminates unsuccessfully ."
"2:9 The coming of the lawless one is through the working of Satan , with all power and signs and lying wonders ,","9 The law 's coming is after Satan 's business with all power , signs and lies under"
"Later , when he arrived at the throne , Kanmu appointed his younger brother , Prince Sawara , whose mother was Takano not Niigasa , as Prince of the Crown .","Later , when he ascended to the throne in 781 , Kammu appointed his young brother , Prince Sawara , whose mother was Takano no Niigasa , as crown prince ."
"For Los Angeles Lakers , who are a habitual team in the playoffs , it supposed the first time in eleven seasons and the fifth in the history of the NBA that could not be classified for the playoffs .","For the Los Angeles Lakers , it marked the first time in 11 seasons ( dating back to 1994 ) and the fifth time in NBA history that they missed the playoffs ."
Still do not know how long a day is on Saturn,We finally know how long a day on Saturn is .
"Without counting versions highly influenced by pop , hip hop has been almost completely left long .","Other than heavily infused pop versions , rap has been next to completely ignored ."
why then are there no stars in the sky ?,Why are n’t there stars in the sky ?
""" An injured State shall not resort by way of countermeasures , to :","The injured state will refrain from resorting , as a countermeasure :"
Twitter has a lackluster policy when it comes to private information tweeted on their social platform .,Twitter has a weak policy when it comes to private information tweeted on its social platform .
"However , the promised assistance has not yet reached Liberia by other Member States .","Assistance pledged by other Member States , however , has yet to arrive in Liberia ."
"And inasmuch as you desire a companion , I will give unto you my servant Eden Smith .","And as you want a companion , I will give you my earns Eden Smith ."
Ashmore and Cartier Islands are an unoccupied archipelago north of Western Australia which is an external territory ( external territory ) belonging to Australia .,"Politically it is part of Ashmore and Cartier Islands , an external territory of Australia ."
They do not give me the opportunity to be attracted to them .,They do nt give me the opportunity to become attracted to them .
"These special clothes are no longer limited to military personnel and hunters , but they have gradually crept into the closet of ordinary people as well .",These special clothing is forget about restricted to military personnel and hunters but they have gradually crept to the closets of common people as well .
"Regardless of what you want to do , you should be able to find a Caribbean resort that can accommodate .","Whatever you want to do , you should find a Caribbean resort that can accommodate ."
"In any case , these application provisions , when they exist , are never invoked despite the persistent breach of decisions .","In any event , even where enforcement provisions exist , they are hardly ever invoked despite persistent failure to implement decisions ."
"During one voyage she was captured by a privateer , but released unharmed in Jersey .","During a trip he was captured by a corsair , but released ilasa in Jersey ."
"He took Corinth and tried to besiege acrocorint and Árgos without luck , before he was forced to retire when the Venetians got reinforcements .","He took Corinth , and unsuccessfully besieged the Acrocorinth and Argos , before being forced to withdraw by the arrival of Venetian reinforcements ."
"In other cases , many Haitians have been forced to flee the country on unseaworthy vessels to apply for asylum in the United States of America .","In other cases , many Haitians have been forced to flee from the country aboard dangerous boats to ask asylum in the United States ."
"The new Shah introduced many reforms , such as the limitation of the power of the Chiite clergy , which did not prevent the consolidation of an authoritarian government .","The new Shah introduced many reforms , such as limiting the power of the Shi'a clergy , but also in turn established an authoritarian dictatorship ."
"Since Lesotho 's main asset is its human resources , the full harnessing of these resources through the promotion of gender equality is indispensable for its development .","Since Lesotho 's main wealth is human resources , it is essential to channel these resources through the promotion of equality between the sexes to achieve development ."
""" Convergent evolution is even more unstable than evolution itself . """,“ Convergent Evolution Is Even More Improbable than Evolution Itself ”
The best that God has for us in the future is now being unlocked .,The best thing God has for us in the future is now being closed .
"After this , it marks mostly nothing .",Of the latter we know scarcely anything .
"“ No way we ’ll get 50 million unless we can guarantee him victory , ” said a clear - eyed Kushner .",""" Fifty million we can only forget unless we can guarantee him victory , "" said a realistic kushner ."
"Electricity was not only perceived as quickly in itself , but it led to a new relationship with time disconnected from the natural cycles and which accelerated the rhythm of daily life .","Thus not only was electricity perceived to be fast in itself , but it led to a new relationship to time that was detached from natural cycles and accelerated the pace of everyday life ."
"You have n't forgotten the picture of the little , died the boy on the beach ?",Do you remember the picture of the little boy dead on the beach ?
Sentiments of dehumanization have been fueled by the anti - Japanese propaganda of the Allied governments in World War II ; this propaganda was often of a racially disparaging character .,"The feelings of dehumanization have been promoted by anti - Japanese propaganda of the allied governments in World War II , this propaganda was often a pejorative racist character ."
"In general , if you want to have a little more control over your positions , you may want to consider non - market orders .","Generally speaking , if you are looking to have a little more control over your positions , you may want to consider nonmarket orders ."
"3 torpedoes were fired , but none of them hit .","Six torpedoes were fired , but all missed their target ."
"Amidst these expressions of admiration and praise , a few discordant voices were heard .",But among all these expressions for admiration and praise it was also heard a few disharmonic voices .
"Indeed , the Committee has an obligation to complain complaints by non - governmental organizations with the point of view of governments .",It had to compare the complaints submitted by NGOs with the views of Governments .
The Special Rapporteur was assured by the participants that all the allegations made in this regard are completely baseless and spread by enemies of the Sudan .,The participants assured the Special Rapporteur that all accusations in this respect were totally false and had been disseminated by enemies of the Sudan .
"After the 12th century , the architecture did not experience changes and continued in the principalities of Galicia - Volhynia .","After the 12th century , the distinct architectural history continued in the principalities of Galicia - Volhynia ."
Committee on the Exercise of the Inalienable Rights of the,Committee for the exercise of rights
"In this three - minute animation , it was Yorda who had horns , not ICO , and flying robot - like creatures that destroyed the castle , instead of shadows that were looking for ICO and Yorda .","In the three - minute demonstration reel , Yorda had the horns instead of Ico , and flying robotic creatures were seen firing weapons to destroy the castle ."
"The reason for the secrecy was Eleanor 's impoverished social and economic status , which was an obstacle to their love .","The reason for this secrecy was the social and economic status of the girl , which was an obstacle to her love ."
Right to be judged without undue delay,Rights related to the bringing of charges
"However a globally expressed GAL80 gene is used to repress the action of GAL4 , preventing the expression of GFP .","However , the GAL8 gene expressed globally is used to repress Gal4 action , avoiding the expression of the GFP ."
The Bolivian case is based on a clause in the regulations for sea - American World Cup qualifications that provide a 24-hour time limit to register a complaint about non - qualified players .,The Bolivian case is based on a clause in the regulations of South American World Cup qualifiers that gives opponents a time limit of 24 hours to register a complaint about ineligible players .
"States Parties shall take all feasible measures to prevent the use of their territories to encourage , instigate , organize or engage in the perpetration of such activities .","States Parties shall adopt all possible measures in order to avoid using their territory to encourage or incite the perpetration of such activities , organizing them or participating in them ."
"Although environmental audits can make them employees of the companies themselves , they must be accredited and not being related to the activities object of the audit .","Environmental auditing may be conducted by in - house auditing teams , but they must be externally accredited and sufficiently independent of the audited activities ."
"In addition , Pakistan has not applied the resolutions of the Security Council on Jammu and Kashmir .","In addition , Pakistan had failed to implement the Security Council resolutions on Jammu and Kashmir ."
"Responsibility for this attack was claimed by the then unknown group Ansar al - Sunnah , and stated to be in support of "" our brothers in Ansar al - Islam "" .","The organization Ansar Al - Sunnah took on responsibility for the absorbance and claimed that it was performed "" In support of our brothers in Ansar Al - Islam "" ."
"Let us be under no illusions , the Islamic State is a CIA - Mossad creation .",Let us get rid of the illusions ; the Islamic State was a CIA - Israeli creature .
Do you not agree that he played big with Jones last year ?,Could he have played better with Jones last year ?
"Except for the Azores and Madeira , the rest of the regions registered unemployment rates well above the EU average .","Apart from the Azores and Madeira , the rest of the regions registered unemployment well over the EU average ."
To say that cults are not more than a way to make money at the expense of others is therefore too simple .,That ’s why saying that cults are nothing but a way of making money at the expense of others is tremendously simplistic .
"There is no active development of μClinux . ^ D. Jeff Dionne . "" UCLINUX Description "" .","D. Jeff Dionne ; Michael Durrant . "" uClinux Description "" ."
By the 12th century Khmer architects had become more skilled and confident than before in the use of sandstone ( rather than brick or laterite ) as the main building material .,"In the 1300s , the Khmerarkitects had been skilled and secure in the use of sandstone ( instead of brick or laterite ) as the primary building material ."
"Western authorities have generally been dismissive of constructive input from Russia , as in relation to the war in Libya .","Western authorities have generally been too bad to accept constructive input from the Russian side , which in connection with the Libya war ."
"At the beginning of World War II , the population was no more than 13,000 .","At the start of World War II the population was little more than 13,000 ."
"At one time or another , each of us confronts an experience that is so powerful , confusing , happy or frightening that all our efforts to see it as a & quot;problem&quot ; are useless .","At one time or another , each of us confronts an experience so powerful , bewildering , joyous , or terrifying that all our efforts to see it as a “ problem ” are futile ."
"Scully is deeply troubled by Pfaster 's crimes , and has unsettling dreams and hallucinations about the case .","Scully is deeply concerned about pful crimes , and has disturbing dreams and hallucinations about the case ."
"Human nature being what it is , the emotional investment of staff members in their own cases more often than not seems to them to be sufficient justification for leaving no stone unturned .","Human nature makes emotional investment made by an official in his case , he seems sufficient justification to hand all possible resources ."
"On June 15 , 2012 , the band announced in a live chat with his fans on YouTube that the next album will be released on October 2 and that a title had not been decided .","On June 15 , 2012 the band announced in a live chat with fans on YouTube that the next album would be released on October 2 ."
"Almost all iconography with heroic and positive motives is believed to be associated with the king , to glorify him as an absolutely flawless ruler of Sweden .","Overall , almost all heroic and positive imagery is directly or indirectly identified with the king and was originally intended to glorify him as a wise and powerful ruler ."
"The composer , who does not hide on his homosexuality for close friends and colleagues , had also had a number of relationships with women .","The composer , who made little secret of his homosexuality to close friends and colleagues , had also had a number of relationships with women ."
"For this reason , molecular targets have been identified and are being developed for treatment in patients who do not respond to some treatments .","For this reason , molecular targets have been identified and are being developed for treatment in patients who have more difficulty responding to treatment ."
"However , in concrete cases , the links between the population , the resources and the environment are not usually clear .","In specific cases , however , the links between population , resources and the environment are often blurred ."
When Augustus did not ask for choices as a consul this year 22 BC Rose the fear again for Augustus to be forced from the power of the Aristocratic Senate .,"When Augustus failed to stand for election as consul in 22 BC , fears arose once again that Augustus was being forced from power by the aristocratic Senate ."
"It should be noted that some of the activities mentioned above are not circumscribed to certain categories , in the sense that they are relevant to all the situations described .","It must be emphasized that a number of the above - mentioned activities cut across categories , in the sense that they are relevant to all of the situations described ."
as no other weapons do,to a greater extent than any other weapon
"Mercedes , believing she did better in the callbacks , refuses to accept the double - casting and withdraws from the show , leaving Rachel to be Maria .","Mercedes , believing that he did it better than Rachel , renounces accepting the double cast and abandons the musical , leaving Rachel as Maria ."
So he moved over there in [ inaudible ] 89 .,"To China , where he extremely fast Fikk Lord"
"Of course , if appropriate , you can also be purchased a workstation without disk , with a cheap CPU , and minimal multimedia support .","Of course , a diskless node can also be purchased with a cheap CPU and minimal multimedia support , if suitable ."
"Such autoionization can be protic ( H+ transfer ) , or non - protic .",Such autoionization can be protic ( H + transmission ) or aprotic .
"The built - in camera gives you the opportunity to take a look at what happens outside the door , but it 's not all .","The built - in camera gives you the possibility to take a look at what ’s happening outside your door , but there is more ."
Information on flights in the airspace of Bosnia and Herzegovina not authorized,Information on flights made in Bosnia and Herzegovina airspace
"This allegation was originally made by the Russian television channel NTV , on the basis of an interview given by Lukashenko to the German newspaper Handelsblatt in which Hitler was not mentioned .","However , this accusation was first promoted by the Russian TV station NTV , after an interview that Lukashenko first gave to the German newspaper trading bottle ."
"However , importers in the industrialized economies are increasingly reluctant to offer letters of credit due to the expense and paperwork involved .","However , importers from industrialized economies are increasingly resisting from offering credit cards due to the expenses they cause and to the difficulties of processing ."
Halvorsen handled this task in a way that gave him broad support in all non - socialist groups .,Halvorsen handled this task in a way that gave him broad support in all bourgeois environments .
"Part of the University System of Wisconsin , offers degree and Masters titles , and is categorized as an integral postbaccalaureate institution in the Carnegie classification of non - mandatory education institution .","Part of the University of Wisconsin System , it offers bachelor 's and master 's degrees and is categorized as a postbaccalaureate comprehensive institution in the Carnegie Classification of Institutions of Higher Education ."
S - VHS ET recordings can be displayed in most VHS VHS SQPB and VCR S - VHS NO ET .,S - VHS ET recordings can be viewed on most SQPB - equipped VHS VCRs and S - VHS VCRs .
"Stress and anxiety are no more than a sign that you care about something , and this interest can be turned into something that really improves your performance instead of reducing it .","Stress and anxiety are nothing but a sign that you care about something , and this care can be molded into something that wildly improves your performance instead of inhibiting it ."
"After this battle , the Mongols did not return new invasions against Syria again .",After the Battle of Ain Jalut the Mamluks repulsed three more invasions of Syria by the Mongols .
"Khazar scholars sometimes refer to the king who led the Khazar conversion to Judaism as "" Bulan Sabriel "" , though it is conceivable that they may have been different people .","The scholars of the Jázaro people sometimes refer to the king who began the conversion to Judaism as "" Bulan Sabriel "" , although it is possible that they may have been different people ."
""" I felt not drunk at all , "" says the 29-year - old life train , which waited two hours after drinking before leaving the bar .",""" I did nt feel intoxicated at all , "" says the 29-year - old life coach , who waited two hours after drinking before leaving the bar ."
"Financing , management and operation of online games takes place without a criminal influence .","The funding , management and operation of electronic gambling remains free from criminal influence ."
"But apart from the statistics , there is an even more carefree trend .","But apart from the statistics , there is an even more worrying trend ."
"If a player does not get the ship , captain and crew , his score is 0 .","If the player fails to get his ship , captain , and crew , he scores 0 for that round ."
"Clare Lopez was willing to say what some members of Congress have said in the private , but refused to say on - the - record .","Clare Lopez was willing to say what a few members of Congress have confided to WND in private , but declined to say on - the - record ."
"The character that describes sleep sometimes narrates it , but without being seen , to the other characters present in the same dream .","The character picturing the dream sometimes also narrates it , but regardless , the other characters present see the same dream ."
"On the official website of "" DMI Dyatkovo "" there are many furniture , and it is not difficult to understand the bookmarks .","The official website of « DMI Dyatkovo "" there is a lot of furniture and easy to understand tabs ."
There are few official records of the unit between January and April 1862 .,8 numbers published between January and April of the year 1862 .
"The certainty that Huygens was alive came already at 11:25 CET today , when the Green Bank radio telescope in West Virginia , USA , picked up a faint but unmistakable radio signal from the probe .","The confirmation that Huygens was alive came at 11.25 Norwegian time , when the Green Bank radio telescope in West Virginia , USA , picked up a known and clear radio signal from the instrument capsule ."
"Concrete , albeit humble , results should first be attained in areas already broached .","First , concrete results , although modest , should be achieved in areas already addressed ."
"“ With her courage , bloodymindedness never - ending energy , the winner of the Isabellestipendiat award for 2015 is a shining example of a woman who is changing the construction industry for the better .",""" With its courage , its defiance and its disoduated energy , the winner of the Isabellestipendium for 2015 is a shining example of a woman who changes the building industry for the better ."
There is very little evidence of any Christian resistance at Al - Andalus in the 9th century .,"In the 900s , a certain transfer of scientific knowledge from the teachers in Al - Andalus occurred to the Christian Catalonia ."
"It is possible that Tiberius had plans to share the kingdom into western and eastern administrative units once again , [ 137 ] but if these plans existed , they were never realized .","It is possible that Tiberius had planned to divide the empire into western and eastern administrative units once more , but if those plans existed they .."
"BC : After 1954 , when some of the secret reports were disclorified , independent researchers were able to analyze further data that AEC researchers had developed , but had not understood .","BC : After 1954 , when some of the secret reports were declassified , independent scientists were able to further analyze the fallout data that AEC scientists had developed but had failed to understand ."
Focuses on unclear requirements .,emphasis on uncertain requirements .
and How will people not keeping up,And how should people behave
"In spite of this , unfortunately , a year after the approval of resolution 49/142 of the General Assembly , the diversification service has not yet begun to function .","It is regrettable , however , that one year after the adoption of resolution 49/142 the diversification facility has yet to start its operation ."
Profile a plan to discontinue the policy of offering space without rentals to the 183 subsidized schools in the city and place a moratorium on the co - location of subsidized schools in public school buildings .,He outlined a plan to discontinue the policy of offering rent - free space to the city 's 183 charter schools and to place a moratorium on the co - location of charters schools in public school buildings .
"Because of our experiences and what we have learned , each of us has an unequal ability to cope with various challenges or situations .","Due to our experiences and what we ’ve learned , each of us has a different ability to cope with different challenges or situations ."
Symantec regularly reviews the subscription offerings in the Norton portfolio and have made the decision to discontinue offering the free version of Norton Family in order to focus on delivering the right protection and most value for our customers .,Symantec regularly reviews the subscription offers in the Norton portfolio and has decided to stop offering the free version of the Norton Family to focus on delivering the right protection and better value for money to our customers .
"No matter what your needs are , there is a right - sized Brokk and the right attachment for the job .","Whatever your needs are , there is a large size hernia and the right attachment for the job ."
"Due to this war , Severus allowed Clodius Albinus , whom he suspected of being a threat , to be co - Caesar so that Severus did not have to preoccupy himself with imperial governance .","Due to this war , Severus allowed Clodius Albinus with - emperor , as he suspected he was a threat ."
That Villa Job people are unpretentious is easy to see .,"Looking at Ósk ’s work , it is easy to disbelieve ."
"CONAN is not convinced by the fears of Olivia and cares more about what is hidden in the jungle , throwing giant rocks to the two fugitives .","Conan is less than convinced by Olivia 's fears ; he 's more concerned by whatever it is lurking in the jungle , lobbing giant boulders at the two fugitives ."
The fort was manned by several regiments that were not fully from the continental army and militia from several states .,The entire complex was manned by several under - strength regiments of the Continental Army and militia units from New York and nearby states .
"The behavior in the avoidance maneuver test is so dangerous that , until Toyota corrects the error , our advise is to not buy the car .",""" The behavior of the avoidance test is so dangerous that , until Toyota has corrected the error , discourage to buy the car "" ."
"Without this , you can not remedy the aftermath of this tragic confrontation .",This is a prerequisite for the elimination of the consequences of the tragic confrontation .
"Exhausted , starving , and sensing the danger ahead , Buck refuses and continues to lie unmoving in the snow .","Exhausted , almost hungry , and feeling imminent danger , Buck refuses ."
What he did know was that God told him not to eat from the tree .,The text further says that God banned man to eat by the tree of knowledge .
Unironability must be met with an increasing pressure - and such pressure exists only when the world stands together as one . »,Intransigence must be met with increased pressure — and such pressure exists only when the world stands together as one . “
"In this case , it is Alkhema who unintentionally rebuilds Ultron when attempting to create a new species of bio - synthezoids .","In this case , it is Alkhema who reconstructs Ultron involuntarily when he tries to create a new kind of Bio - Synthezoides ."
""" Those who give weapons to terrorists with blood - soaked hands create unimagined obstacles when Turkey seeks to buy the same weapons .",""" Those who give weapons to terrorists with blood sucking hands creates obstacles when Turkey seeks to buy the same weapons ."
"Not long after open Karl for negotiations with the Vikings ' chiefs , gods and sigfred .",Charles then opened negotiations with the Viking chiefs Godfrid and Sigfred .
"In 1370 Dmitri Donskói , the Great Duke of Moscow , tried to conquer the territory without success .","In 1370 Dmitri Donskoi , Grand Duke of Moscow , unsuccessfully attempted to conquer the territory ."
What are women talking about when there are no men around,What do men talk about when women are n’t around ?
Find out more about the extravagant unearthing of the world 's most valuable treasures .,Find out more about extravagant excavations of the world 's most valuable taxes .
"Episcopacy was reintroduced to Scotland after the Restoration , the cause of considerable discontent , especially in the south - west of the country , where the Presbyterian tradition was strongest .","This led again to dissatisfaction , especially in the southwest where the Presbyterian traditions were strongest ."
The Council 's choice has not yet been made .,The election of the Council is still eluding us .
"We lose a beloved friend , and in the midst of our tears we discover an unknown joy .",We lose a loved friend and in the middle of the tears we discover a strange pleasure .
The non - proliferation treaty must be examined carefully .,The NPT should be examined carefully .
The International Labor Organization and several non - governmental organizations have been important precedents in this field .,The International Labour Organization and various NGOs had set important precedents in that field .
"With a per capita income that did not exceed $ 200 , the obligation of per capita debt increased from $ 6.59 in 1973 - 1974 to $ 133 in 1993 - 1994 .","Whereas per capita income was as low as US$ 200 , per capita debt obligation had increased from US$ 6.59 in 1973 - 1974 to US$ 133 in 1993 - 1994 ."
"For the Purple One , 1995 - 2010 was an unprecedented period of sustained and prolific creativity .","For Prince , 1995 - 2010 was a unique period of persistent and productive creativity ."
"A former marine without permission , returned as a mercenary and is hired by Baron Heinrich Zemo as head of security of his South / Mercenary America .","A former AWOL Marine turned mercenary , he is employed by Heinrich Zemo as head of his South American security / mercenary force ."
"From all the above it can be deduced that the essential conditions for the peace process have not yet been given , which prevents it from reaching a successful .","From the foregoing , you may realize that the essential building blocks of the peace process are yet to materialize , a fact that hampers its completion ."
"It is necessary to schedule the resources of the countries , at least in part , without losing sight of the effective provision of development assistance in general by the United Nations ;","Country resources need to be programmed , at least in part , with the effective delivery of overall United Nations development assistance in mind ;"
"Incidentally , Prince Tala is the largest donor to CAIR , a Muslim group declared by the U.S. Government in 2007 as an unindicted co - conspirator in a terrorist financing trial .","By the way , Prince Tala is the biggest donor to CAIR , a Muslim group . declared by the US government in 2007 as a conspirator in a terrorist financing trial ."
30 How much better it had not been about the people today had been eating freely by the prey they found at the enemy .,"30.How much better , if only the people could have freely eaten today of the spoil of their enemies which they found !"
"This principle applies to those who do not work and do not conspire against Islam and the Islamic Republic of Iran . ""","This principle applies to all who refrain from engaging in conspiracy or activity against Islam and the Islamic Republic of Iran . """
"When the war was declared , both armies took action and began one of the most inconceivable and horrific military campaigns in world history .","When the war was declared , both armies went moving and started one of the most incredible and shocking military campaigns in world history ."
But the king said to him : How many times should I pray that you should not speak other to me than truth in the name of the Lord ?,"But the king said to him , "" How many times must I make you swear to tell me nothing but the truth in the name of the LORD ? """
"However , the Special Rapporteur observes with satisfaction that minorities are not obliged to follow the courses of orthodox religion .","Nevertheless , the Special Rapporteur notes with satisfaction that minorities can be excused from Orthodox religious classes ."
"Asylum , in the strict sense of admission in another country to ensure safety , non - refund and respect for basic human rights , is an essential element of international protection .","Asylum , in the core sense of admission to safety in another country , security against refoulement , and respect for basic human rights , is the heart of international protection ."
"Germany can provide a special contribution , particularly with regard to the transfer of technologies that are not detrimental to the environment .","Germany can make a special contribution , particularly as regards the transfer of environment - friendly technologies ."
"As a result , many countries where inflation was a little too high at the outset have been able to bring down inflation at virtually no cost .",Many countries that initially had slightly too high inflation have thus been able to bring inflation down fairly free of charge .
"What we so carelessly refer to as & quot;fish&quot ; , is in fact a fantastic collection of animals with diverse characteristics .",“ What we casually refer to as ‘ fish ’ is in fact a collection of animals of fabulous diversity .
It did n't have 607 .,It was NOT 607 .
The Commissioner states that this requirement does not comply with the recent legislation of other countries and with the international efforts for the elimination of all forms of discrimination against women .,The Commissioner affirms that this provision departs from recent legislative tendencies from other countries and international efforts to eliminate all forms of discrimination against women .
"Best of all , you get to set your price and you do n’t have to split revenue down the middle with YouTube .","Best of all , you set the price and avoid sharing revenue in the middle with YouTube ."
"However , it is important not to blur the distinction between privately sponsored and official United Nations functions .","However , it is important to maintain a clear distinction between acts sponsored by private entities and official functions of the United Nations ."
"« We not American Speak » ( in Spanish "" We do not speak American » ) , is a song from the Australian duo Yolanda Be Cool and the DCUP producer .",""" We No Speak Americano "" is a song by Australian band Yolanda Be Cool and producer DCUP ."
"In other words , his basic self - awareness as a human being was that he was aware that he was nothing in himself !","In other words , His basic self - conscious - ness as a human was awareness of His nothingness in Himself !"
We will base our answer to the question of legitimacy on whether you can make profits using the robot all not .,We will base the answer to the legitimacy question if you can make money by using the robot .
"During Horan ’s tenure as non - resident ambassador to Equatorial Guinea , the embassy in Malabo was reestablished June 11 , 1981 with Joanne Thompson as chargé d’affaires ad interim .","On June 11 , 1981 , the United States Embassy in Malabo was reopened with Joanne Thompson as in charge of internal affairs ."
"In this context , it is not easy to establish the reasons why violence reigned some 15 years ago , and why it adopts more alarming proportions every day .","In that context , it was difficult to understand why violence had resurfaced in the country about 15 years earlier and why it was assuming increasingly alarming proportions ."
This option makes it easier to select and activate windows by allowing you to select a window by pointing at it with the mouse rather than by clicking it .,This option makes it easier to select and activate a window by pointing it with the mouse instead of clicking it .
The first is the level of inadequate and inconsistent policies and legislation curbing early marriage and facilitating service provision .,The first is the deficiency and incoherence of policies and legislation aimed at discouraging marriage at an early age and facilitating the provision of services .
"Fifty - two children , including four "" lap children "" without their own seats , were on board the flight because of the United Airlines "" Children 's Day "" promotion .","On the flight , 52 children were traveling , including 4 newborns who were on board due to a child 's day promotion ( a reduction in the ticket price ) ."
"( There are some iPad applications that do not allow you to send texts , but with certain restrictions . )","( There are some iPad apps that allow sending texts , but with certain restrictions . )"
All of the four books were good and one of them was a pleasure to read ( and not so much scary ) .,"Each book is devoted to one of the four , and they are each unique and wonderful ."
"In the Group of States of Latin America and the Caribbean , we do not deny the directions drawn by the liberators of the continent to which we belong .","In the Latin American and Caribbean Group , we know the course set for us by the liberators of our continent ."
"Undoubtedly , for this reason , mainly , his name will be joined forever in the history of the diocese .","Surely , for this reason mainly , his name will be forever linked to the history of the diocese ."
Is that not inconceivable that they would slaughter the Lord of the Sabbath in an effort to keep the Sabbath ?,"They work on the Lord 's Sabbath , while they let their hand rest on the fake Sabbath ."
"Five years after the untimely death of his wife Johanne , their father married her younger sister Julie ( 1860–1934 ) , with whom he had a daughter , Margaret 's half - sister Martha ( born 1888 ) .","Five years after John too early death , their father married his younger sister Julie ( 1860 - 1934 ) , and they got a daughter , Margaret 's half - sister Martha ( born 1888 ) ."
Sonos Beam tackles the problem of indistinct dialogue first through design and engineering .,Sonos Beam tackles this dialogue clarity problem first through design and engineering .
"It was not lost on her delegation that , in the current state of events , developing countries would bear the brunt of that burden .","She is aware that , in the current situation , that burden will be heavier for developing countries ."
"For this reason , the city layout is unorganized , oriented only by the traffic axes constructed in decades past .","Because of this , urbanism is of disorderly style , only oriented by the road axes built in the past decades ."
Support was also given to initiatives of non - governmental organizations regarding activities that generate income in rural areas of Zambia and sports for people with disabilities in Western Asia .,Support was also provided for NGO - initiatives in income- generation in rural Zambia and in sports for people with disabilities in Western Asia .
( a ) There is an absence of a comprehensive strategy permeating the work programme as a whole and linking its elements ;,a ) a broad strategy is lacking that imbuy the work program in its entirety and links its elements ;
"Ana limps for a leg injury that is not well cured , and Sam has some mild wounds and a dislocated shoulder .","Ana limps from a poorly healed leg injury , and Sam has some slight wounds and a dislocated shoulder ."
"According to Bama , the waste of grapes was reduced to 1 - 2 % from 10 - 15 % when they were packaged in thin plastic boxes , rather than being sold without any packaging .","According to BAMA , the pig was reduced by grapes to 1 - 2 percent from 10 - 15 percent when the grapes were wrapped into a plastic cup instead of being sold in loose weight ."
Whether or not people have a choice over antisocial and dangerous pursuits has been a controversial subject for many years .,Whether people have choices over antisocial and dangerous pursuits have been a controversial topic for many years .
"Glassheart received a mixed reception from critics that praised the voice and experimental use of Dubstep and electronic music , but were not impressed with many of the album ballads .",Glassheart received a mixed reception from critics who praised the vocals and experimental use of dubstep and electronic music but were less impressed with the album 's many ballads .
It has been scientifically demonstrated that the oil obtained from rapeseed seed cultivated in these areas practically does not contain radionuclides and adequate activities were selected in terrain .,Studies have shown that oil from rapeseed grown in these areas is essentially free of radionuclides and suitable activities were selected in field trials .
English Page Allegations currently propagated by the United States are so obviously baseless that they can hardly even convince those who advance them .,It is so evident that the accusations currently propalad by the United States lack foundation that can hardly convince those who launched them even .
"Stoltenberg , however , Le Drian 's suggestion is without comment , while he gave his adherence to Maas : "" I mean the German proposal is valuable . »","Stoltenberg passed over Le Drian ’s proposal in silence , however , and endorsed Maas : “ I think that the German proposal is valuable . ”"
3-MethylGlutaconic Cardiomyopathy without compression : The mutation of the affected genes of Barth syndrome is also present here .,3-Methylglutaconic aciduria noncompaction cardiomyopathy : mutations to the affected genes in Barth syndrome are also present here .
Maybe you even have been desperate after you could n't remember the meaning of a concept after trying up to several times .,Maybe you ’ve even gotten desperate after failing to remember the meaning of some concept after trying several times .
"If the customer did not enter such information , the institution or partner determines the effective annual interest rate and the total amount paid by the customer based on a representative example .","If the Client fails to provide such information , the Institution determines the actual annual percentage rate and the total amount to be paid by the Client based on a representative example ."
Dr. Mark Greene encounters the case of a pregnant woman suffering from complications that severely threaten her life as well as her unborn baby .,"Dr. Mark Greene is located in the case of a pregnant woman who suffers from complications that seriously threaten her life , as well as her baby 's birth ."
"MD 500N NOTAR ( NO TAil Rotor ) version of the 500E , certified in 1991 .","MD 520N Note version of the 500E , certified in 1991 ."
They can kill or put out of game biological material while allowing the infrastructure to stand untouched .,They can kill or disable biological matter while leaving the infrastructure intact .
"Concerned that a squatter population of Americans would begin to occupy San Juan Island if the Americans were not kept in check , the British sent three warships under the command of Captain Geoffrey Hornby to counter the Americans .","Concerned that an occupant population of Americans would begin to occupy the island and get to correct if the Americans were kept in check , the British had to send three warships under the command of Captain Geoffrey Hornby ."
"However , some examples were developed during the interwar years , but only existed as prototypes or were rarely used .","However , some copies were developed during the interwar period , but only used as prototypes or used employees ."
"Rogen is a large , inaccessible and exciting lake with a surface area of 35 square kilometres .","Rogen is a large , difficult accessible and exciting lake with an area of 35 square kilometers ."
"The gospel of Mark lacks the evangelist symbol , but has retained the side with the evangelist portrait ( Folio 129V ) .",The Gospel of Mark is missing the Evangelist portrait but retains its Evangelist symbols page ( folio 129v ) .
"23 April 1958 : Another main runway extension ( from 5,900 ft ( 1,800 m ) to 7,000 ft ) was opened on permitting regular non - stop scheduled flights to North America .","A new extension of the main track ( from 5900 feet ( 1798.32 m ) to 7,000 ft ) was inaugurated on April 23 , 1958 by allowing direct regular flights to North America ."
They are impossibly powerful and have greater power than any alive mage .,"They are enormously powerful , but they consume more food than the rest ."
"This appeal will also be resolved "" without delay "" ( 18 u . S.C. § 3145 c ) ) .","That appeal too shall be determined "" promptly "" . 18 U.S.C. section 3145(c ) ."
"While there were substantial personal tensions between the four , they shared a fundamental view that the party should seek alliance with the unions and rather than an ideology - based socialist unity with the Marxist Social Democratic Federation .","Although there were substantial personal stresses between the four , they shared the fundamental vision that the party should seek the alliance with the unions , rather than socialist unity based on ideology with the Marxist Social Democratic Federation ."
Biological audits were conducted at 10 priority sites for which the information supplied by Iraq and obtained by earlier inspection teams was the most disparate .,Biological audits were performed on 10 priority facilities in which the information provided by Iraq and that obtained by previous inspection teams was more contradictory .
"In 1930 , he parked his car on a bridge and disappeared without a trace , which in turn led many to believe that he had committed suicide .","In 1930 , he parked his car on a bridge and vanished,[1 ] leading some to believe he had committed suicide ."
"His parents are the King and Queen Halbert , at first King Halbert did not agree with his decision to join the Knights .",Her parents are King and Queen Halbert where King Halbert initially disagrees with her decision to join the knights .
"Many parents want to protect their children and offer them the best start in life , trying to give them the opportunities that they themselves did not have .",Many parents want to protect their children and offer them the best possible start in life .
Unable to understand other than the president ( read : the owner ) pumps in accident millions .,But it ’s got ta know that the other possibility [ other than flight ] is smashing into wee bits .
This is the feeling that unconscious mind moves the resistance out of the way so that miracles can happen .,This is the feeling of your subconscious mind moving resistance out of the way so that miracles can happen .
"“ It takes a long time to grow a rainforest , but it ’s incredible how quickly the restoration sites can once again become valuable habitat for orangutans and so many other species .","It takes a long time to grow a rainforest , but it 's amazing how fast the restoration sites can again become valuable habitats for Orangutanger and many other species ."
"From the 1980s onwards , these gradually disappeared , and by the end of the 20th century the Promenade had almost no attractions specific to its seaside location ( although the Tower Amusements arcade remains in business ) .","This is finished , in general , from the end of the twentieth century , and , even so , it is difficult to find women in combat places ( being a significant exception the Israeli army ) ."
"The special documented what it was like to experience the audition process and , in Hung 's case , emerge as an inadvertent celebrity .","The special documented what was the hearing process , and in the case of Hung , the emergence as a spontaneous celebrity ."
You only have to consider what happened in recent corporate scandals to see disastrous effects that a seemingly harmless lapse in ethics can have on an otherwise healthy community .,It&#39;s enough for you to think about what happened in the recent corporate scandals to see the catastrophic effects that an apparent miss in ethics can have on an otherwise healthy company .
"Sarkozy 's government took an unexpected step regarding the 2011 Libyan civil war : after some initial confusion they supported the National Transitional Council , opposed to Muammar Gaddafi .","Surprising was the role of Sarkozy government in Libya rebellion of 2011 : in the midst of confusing episodes , they ended up recognizing the National Transition Council , opposed to Muammar Gaddafi regime ."
Power is a physical force ; I do not see which morale can follow from its effects .,"Force is a physical power , and I fail to see what moral effect it can have ."
The adhesion without reserves to the spirit of the Treaty is the safest means of encouraging the rest of the States to do the same .,Total acceptance of the spirit of the Treaty was the surest way to encourage the remaining States to become parties in their turn .
"She does n't just need watches to play out , but also special shoes for the indoor season .","She not only needs cleats for playing outside , but also special shoes for the indoor season ."
But presently only a small section of the road has been unearthed .,Only a small portion of the eastern street race was built up .
The activities in this regard have not yet been launched waiting for the dates and modalities of the fourth extraordinary session dedicated to disarmament .,Activities under this heading have been on hold pending clarification of the timing and modalities of the fourth special session devoted to disarmament . A. Collective security
"Before 2010 , it was unthinkable for The Wall show to go on tour , but new venues and advances in touring technology have solved this dilemma .","Prior to 2010 , The Wall show was simply too large to contemplate a tour , but new arenas and advances in touring technology have solved that dilemma ."
There is also a series of new bank regulations that will prevent several “ tricks ” used daily by the large international banks .,"There will also be a series of new bank regulations that will put an end to many of the "" tricks "" that are used daily by the major banks ."
United Nations agencies and non - governmental organizations have collaborated to revitalize Somalia 's agricultural production by providing assistance to the rehabilitation of agricultural infrastructure and capacity - building .,United Nations agencies and NGOs have worked to resuscitate Somalia 's agricultural production by assisting in the rehabilitation of agricultural infrastructure and capacity - building .
A programme to provide compressed rice husks as fuel to the refugees was introduced in an effort to prevent further denuding of forest land in the vicinity of the camps .,A program was initiated to provide refugees rice shells compressed as fuel in an effort to reduce trees felling in the vicinity of the camps .
I would no longer stop acting until 1980 .,It was still working until 1980 .
This is also the easiest method and involves no violent implementation costs .,This is also the simplest method and it does n’t come with any huge implementation costs .
"This would not happen again until 1992 with the slander Summer in Paradise , that would be the only official launch to have this distinction .","Until 1992 's Summer in Paradise , it would remain their only official release to have this distinction ."
""" We had information that the ARSA could attack but there have been no reports , "" the spokesman , Min Aung , said early on Tuesday .",""" We had information that Arsa could attack , but there have been some reports , "" spokesman , Aung mine , said early on Tuesday ."
"Carjacking , consists of stealing a car by force without more .",Carjacking is the act of stealing a car from a victim by force .
"Bandello 's short stories are considered the best in the extension of the Dekameron , though Italian literates find lacking in the form of negligence and tastelessness in the style .","Bandello ’s novellas are thought the best of those written in imitation of the Decameron , though Italian critics find fault with them for negligence and inelegance of style ."
The last initiatives for establishing peace or signed documents have not yet been applied .,"The latest peace - making initiatives , as well as the documents signed , have yet to be implemented ."
His works are the result of a process of unraveling of fixed notions about art and meaning .,His works are the result of a process of disintegration of fixed ideas about art and meaning .
And in both cases the behavior can be positive ( to do ) or negative ( not to do ) .,"There are two types of magic , good , or magic which is used to do well and enhance well - being , and bad , which is magic used to do harm or wrong or evil ."
Looters who rob archaeologically important places and supply the antiquities market are rarely concerned with exact dating and placement of the items .,"The looters usually steal in archaeologically important places and sell the stolen in the antiques market , ignoring the dating of the pieces and the place of extraction ."
"Meanwhile , Pérez 's batting average sagged to .254 , while his on - base percentage , never high , had fallen to .266 .","Meanwhile , Pérez 's average batting was declined to .254 , and his percentage of matching had been reduced to .266 ."
Militant jihad is absolutely necessary as long as the whole world is not under sharia .,Perpetual jihad is commanded until all the world is under sharia .
Children and youth are often exposed to conflicts over which they have no control .,Childhood and youth are often exposed to conflicts that are out of control .
"By gradually consolidating his influence and isolating and outmaneuvering his rivals within the party , Stalin became the undisputed leader of the Soviet Union and , by the end of the 1920s , established totalitarian rule .","By gradually consolidating its influence and isolating its rivals within the party , Ióss Stalin became the mid-1920s at the Soviet Union leader ."
"18 And also gave commandments to others , that they should proclaim these things unto the world ; and all this that it might be fulfilled , which was written by the prophets--","And I also gave courses to others for them to proclaim these things to the world , and all this in order to be fulfilled that was written by the prophets -"
There have also been unconfirmed reports that it is also present in Sri Lanka .,There are also reports of his presence in California .
"However , it is obvious that our politicians have not succeeded in living up to declarations of human rights and international law .","However , it is evident that our politicians have fallen short when it comes to adhering to declarations on human rights and international law ."
How to find the answers ( even if you do n't have a clue ),How to Find the Answers ( Even If You Don`t Have A Clue )
The not knowing -- the hope -- has become more painful than death .,The ignorance - hope - has become evidents than death .
"This was the first time a Russian side had reached a final in a European competition , a feat not repeated until CSKA Moscow won the UEFA Cup in 2005 .",This was the greatest achievement in Europe by a Russian team until CSKA Moscow won the UEFA Cup in 2005 .
"They are signing unequal economic agreements and gradually conquering the EU , beginning with the weakest links , namely Eastern and Southern Europe — and , in particular , Hungary , Greece and Portugal .","They write underwashed weighted trading agreements and gradually conquer the EU by beginning with the weakest joints , namely Eastern and Southern Europe - especially Hungary , Greece and Portugal ."
"Instead of falling on something that nothing , what happens if nothing exploded on something ?","Instead of something collapsing into nothingness , what if nothingness exploded into something ?"
You are responsible for all costs even if your payment method does not work or rejected .,You are responsible for all charges even if Your payment method fails or is denied .
"So far Africa has only suffered the consequences of the integration process at the global level , when it has not been totally forgotten by him .",Thus far Africa has suffered the risks or has been altogether bypassed by the globalization process .
"She found no cheaper housing , and she could n't move out onto the street with their kids .",She could n’t find anywhere cheaper to live and she could n’t just move onto the streets with her kids .
"They also affect which aspects you are aware and not , who you actively listen to and who you sympathize with in different situations .","They also affect which aspects you pay attention to and which you ignore , who you listen to actively and who you empathise with in certain situations ."
Cause seven is disconnection from a hopeful or secure future .,2 : Disconnecting from a hopeful or secure future .
The terrible bond and fear produced by this false doctrine is incredible .,The awful bondage and fear generated by this false teaching is incred-
"The circumstances of his death are not entirely clear , since there are at least three versions related to said event .","The circumstances of his death are unclear , and there are at least three different versions of the incident ."
"To prevent future managers from holding and consolidating power indefinitely , 22nd change was adopted , and limited subsequent office holders to a maximum of two terms .","Out of concern some future leader might hold and consolidate power indefinitely , the 22nd amendment was passed , limiting subsequent officeholders to a maximum of two terms ."
"They never paid attention at all at all . "" Douglas was able to vote for the first time after he returned from Europe in 1920 .",Douglas was able to vote for the first time after she returned from Europe in 1920 .
Easily accessible from the strip .,Very readily available up from The Strip .
We think that the United Nations should set up a modern system of trusteeship that could be set in motion whenever necessary to prevent human catastrophes like that in Bosnia .,We think that the United Nations should establish a modern trust system that may take action at the time necessary to avoid humanitarian catastrophes such as Bosnia .
The first poster for Stranger Things Season 2 is unfortunate as hell,""" The First Poster for Stranger Things Season 2 Is Ominous as Hell """
"The woman ’s chief complaint is one or more of the emotional symptoms associated with PMS ( most typically irritability , tension , or unhappiness ) .","The woman&#39;s main problem is one or more of the emotional symptoms associated with PMS ( the most common are irritability , tension , and / or depression ) ."
Only a few ( about 2.5 % ) are of the largely unaltered petrologic class 3 .,Only a few ( around 2.5 % ) are from the Petric Class 3 .
"Notwithstanding anything to the contrary contained herein , third party software products may be part of a Norman Product , and may be subject to end user licence agreements separately issued by those third party suppliers .","Despite the conflict with this Agreement , third - party software products can be part of a Norman product , and they may be subject to end - users license agreements that are issued separately by these third parties ."
"In the wake of these events , Mercia 's dominance in southern England rapidly unravelled .","Given these events , the hegemony of Mercia over the south of England was weakened quickly ."
"You do n't have to stop altogether , but if you can reduce the number of times you do , you may find that you can start adding some other positive aspects of your life .","You do nt have to stop altogether , but if you can reduce the number of times you do it , you may find that you can begin to add some other positive aspects to your life ."
"The church had no priest or minister , and the traditional Biblical sermon was replaced by scientific lectures or homilies on the teachings of philosophers .",The Church lacked priests and ministers and the traditional biblical sermon was replaced by scientific readings or homilies about the teachings of philosophers .
Monitoring progress in terms of outcome ( environmental and socio - economic improvement ) rather than process ( design and publication of plans ) remains elusive in the majority of countries .,The monitoring of progress in terms of its results ( environmental and socioeconomic improvements ) instead of its processes ( design and publication of the plans ) continues to elude the scope in most countries .
"The affirmation made by the delegation must also be welcomed in the sense that since June 1995 , the inmates in cells from the police stations have no lodged .",The statement by the delegation that accommodation of prisoners in cells at police stations has ceased from June 1995 is also to be welcomed .
"His first professional performance arrived in 1922 when he intervened in a theatrical society , The Marriage Tax , although his name did not appear in the program .","His first professional break came in 1922 , when he was singled out by the press after an appearance in a society theatrical , The Marriage Tax , although his name had been omitted from the program ."
"Because she has been spoilt by her family , she is undeniably stubborn and wilful .","Surely , when he was aware of his daughter 's excesses , he felt humiliated and hypocritical ."
The number of never - married persons account for 0.5 per cent .,The definitive singleness rate is 0.5 % .
"The best way to turn hope into reality is to work together , leaving both unfruitful habits and selfish considerations behind us .","The best way to transform our hopes is actually working together , renouncing counterproductive routine and selfish reasons ."
"To which we undeniably replied , "" Yes , we know .","This is how it was argued : “ Yes , we know about this ."
"At 46 A.C. Julio César had celebrated his triumphs in Egypt after returning to Rome with a vast zoo whose star attraction was a giraffe , animal never before seen in Europe .","In 46 BC Julius Caesar had celebrated his triumphs in Egypt by returning to Rome with a vast menagerie , the star attraction of which was a giraffe , the first ever seen in Europe ."
One lives and survives only if one has the ability to swallow and digest bitter and unpalatable things .,You live and survive only if one has the ability to swallow and digest bitter and bad things .
"The promise was made , but the king did not fulfill it , marrying soon with Hungary 's violatory in December 1235 .","He made the promise , but broke it by marrying Violant of Hungary in December 1235 ."
"This can be nine separate goals , or three goals the shooter should shoot three times each , without shooting the same goal several times in a row .","These might be nine separate targets , or perhaps three targets which the shooter will "" sweep "" three times ."
"Introduced in 1999 , the ABIT BP6 was the first motherboard to allow the use of two unmodified Intel Celeron processors in dual Symmetric multiprocessing ( SMP ) configuration .",The ABIT BP6 ( launched in 1999 by Abit Computer Corporation ) is the first motherboard that allows to use Intel Celeron microprocessors in symmetric multiprocessing configuration ( SMP ) .
"Although these numbers may seem small , given how incredibly widespread coffee consumption really is , this could have implications for millions of people .","Although these numbers seem small , when you consider how much coffee is actually drunk , this can have consequences for millions of people ."
"She has worked with many different producers , but in her third album , Sakura does not love , Itsuka , she worked in all the songs ( either composing the melody or letters ) on the album .","She has worked with many different producers , but in her third album , Sakura no Ame , Itsuka , she worked on every song ( either composing the melody or lyrics ) on the album ."
"“ Without a socialist revolution , in the next historical period , at that — a catastrophe threatens the whole culture of mankind .","Besides a socialist revolution , and in the next historical period for it , a disaster threatens the culture of humanity ."
"QUOTES : Currently , we have a disturbingly limited knowledge of which biological traits are sensitive to climate change and therefore responsible for local extinctions .","Currently , we have a disturbing limited knowledge of which biological properties are sensitive to climate change and therefore responsible for local extinctions ."
"The Triumph Bandit of 350 cc received some previous publicity , but its development was carried out without further promotion .","The Triumph 350 cc Bandit received pre - publicity , but its development was quietly brought to an end ."
The reasons for this perception were that stars and planets appeared to revolve around Earth each day and the apparently common - sense perceptions that Earth was solid and stable and that it was not moving but at rest .,"The stars and planets seemed to go around the earth every day , and the common perception was that the earth was firm and stable and that it was at rest ."
"When you get into a modern car , you can sometimes feel like an airplane pilot - buttons , screens , an unmanageable navigation menu with a thousand submenus .","“ When drivers get into a modern car , they can sometimes feel like an airplane pilot – buttons , screens , a confusing menu navigation with a thousand sub - menus ."
An important solution that does not involve software and that many small businesses overlook is cybersecurity insurance .,One important solution that doesnꞌt involve software and that many small businesses overlook is cybersecurity insurance .
"Mercedes 's executive director Toto Wolff admitted at the same time that Vettel was a title contender , saying that Ferrari 's recovery over the winter was ' incredible ' .","Mercedes ' team manager Toto Wolff admitted at the same time that Vettel was counting on in the championship camp , and said Ferraris retrieval during the winter was amazing ."
""" Bevere builds house , but they do not build them in any way differently , or better , now than they did for 5,000 years .","“ Beavers build houses ; but they build them in nowise differently , or better now , than they did , five thousand years ago ."
"The version 1.0 of Slipknot was completed and distributed as Shareware in November 1994 , turning into the first not free web browser .","SlipKnot version 1.0 was completed and released as shareware in November 1994 , thus making it the first purchasable browser on the market ."
"In this way , for example , they exploit the discussion to build mosques , in an unconstitutional manner , to awaken prejudice against Muslims and Islam "" .","In this way they use , for example , the discussion about the construction of mosques to arouse , in an anti - constitutional way , prejudices against Muslims and Islam . ”"
"Sides of the models unseen in the original photograph could be "" mirrored "" from the visible sides .",The sides of the hidden models in the original photograph could be mirror from the visible sides .
This claim seems to be supported by the Turkish cadastral tax - census ( defter ) of 1455 which took into account religion and language rather than ethnicity and found an overwhelming Serb majority .,"This seems to be supported by Turkish tax strips ( defenders ) from 1455 as imposed religion and language in the census , and found a Serbian majority ."
"Regardless of your profession and speciality , I highly suggest that you put your expertise online for the world to see .","Whatever profession and specialty , I strongly suggest you put your expertise online for the world to see ."
"To make access to studies possible for applicants with lack of prerequisites , the University of Applied Sciences Upper Austria offers a foundation program for selected study programs in Engineering and Business . -","In order to make access to studies possible for applicants with missing prerequisites , the University of Applied Sciences Upper Austria offers a foundation programme for selected study programmes in Engineering and Business ."
"Regardless of your interests , with thousands of masters programs available world - wide , you ’re sure to find something that fits your needs .","Whatever you are interested in , with thousands of master 's offers worldwide , you are sure to find something that suits your needs ."
"However , the further back in geological time sediments were deposited , the more likely that direct modern analogues are not available ( e.g. banded iron formations ) .","But the longer back in the geological time sediments were deposited , the less likely modern analogues can be found e.g."
"For example , if a PC sends data to a smartphone that is slowly processing received data , the smartphone must regulate the data flow so as not to be overwhelmed .","For example , if a PC sends data to a mobile device that processes the data slowly , the mobile device must regulate the data flow ."
"While blogging is fiscally inexpensive , one of the biggest struggles we hear about is the cost of spending time on it .","While blogging is financially cheap , one of the biggest battles we hear about the cost of spending time on it ."
"There was a shortage of food , and what there was lacked in variety .","There was a shortage of food , and very little variety ."
The Committee decided that the data on late starting and early ending would no longer be rounded off and that the average utilization factor would no longer be computed .,The Committee decided that data on the delay in starting meetings and its termination before what is expected to be rounded and that the average use index will stop complying .
"i ) that you have not fulfilled your obligation to pay taxes or contributions from Social Security in one of the countries of the Kingdom , or",( i ) Who has failed to fulfil his obligation to pay taxes or social insurance contributions in one of the countries of the Kingdom ; or
"Appendicitis in adults usually does not cause a severe worsening of the general condition , at least before the development of peritonitis .","Appendicitis in adults usually causes rapid deterioration of general condition , in any case , before the development of peritonitis ."
"Still conscious but with terrible pain , Rickenbacker was left behind by the ambulances that transported the lifeless bodies of some victims .","While he was still conscious but in terrible pain , Rickenbacker was left behind while some ambulances carried away bodies of the dead ."
"Submission of documents , you should pay attention to the fact that the contribution date - cannot be later 90 days from the date of submission .","Submitting documents , you should pay attention to the fact that the entry date ca n’t be later 90 days from the date of submission ."
"Parents often try to search the causes of their unhappiness , pestering doctors with a volley of questions regarding who should be blamed for the fact that the development was affected .","Often , parents try to look for the causes of misfortune , estimates doctors with questions about who should blame that development is broken ."
Fifty percent ( 159 ) were No Decisions .,9519 ( 2.94 percent ) of the voices were blank .
"The Argumental Knots of the film focus on a trio of psychic called "" precuts "" , which see images of the future called "" forecasts "" of crimes not yet committed .","The film 's plot centers around a trio of psychics called "" precogs "" , who see future images called "" previsions "" of crimes yet to be committed ."
"When they did not , the VNA attacked and decisively dispersed the Binh Xuyen after a few days of heavy street fighting .",After the refusal of Xuyen the army attacked and dispersed his forces decisively after several days of street fighting .
"Applicants participating in a U.S. Government sponsored program ( programs whose codes begin with G-1 , G-2 , G-3 , G-7 ) are not required to pay the SEVIS fee","Applicants participating in state - funded programs ( programs where codes begin with G-1 , G-2 , G-3 , G-7 ) are exempt from the SEVIS fee ."
Not unless he can present a compelling reason . ”,"unless there is a valid religious reason . """
"This may sound pretty basic , but you will be surprised at how many small businesses that are unable to develop or maintain updated job descriptions .","This may sound fairly basic , but you would be surprised at how many small institutions or organizations fail to develop or maintain updated job descriptions ."
"Any particular sequence of 28 characters could be selected as a "" target "" phrase , all equally as improbable as Dawkins 's chosen target , "" METHINKS IT IS LIKE A WEASEL "" .","Any sequence can be selected as the objective , and all of them are the same probability of being produced than the target sequence of Dawkins , that is , ' I think it is like to weasel ' ."
"The result is that Germany has become the unwilling creditor of equally unwilling EU member states , Italy , Spain , Portugal and of course , ruined Greece .","The result is that Germany has become the reluctant creditor to equally reluctant member states in the EU ; Italy , Spain , Portugal and , of course , Ruined Greece ."
"Misophonia is a condition where the sufferer becomes furious of normal , usually harmless , sounds .","Misophonia is a condition where the sufferer is enraged by normal , generally inoffensive sounds ."
"The unease around these working - class men in close proximity to society women is famously documented in the diary of Samuel Pepys , where his suspicions of his wife ’s tutor creep to the fore .","The unrest surrounding these working - class men near the women of society is famously documented in Samuel Pepys&#39 ; diary , in which his suspicions about his wife&#39;s supervisor creep into the foreground ."
"In such camps , training would be in charge of experienced foreign mercenaries and some of the trained would not be alien to international terrorist actions .",The training in these camps is reportedly carried out by experienced foreign mercenaries and some of the trainees are said to have been involved in acts of international terrorism .
"They are two completely different things though they are similar and interconnected , using them interchangeably is still incorrect .","They are two completely different things , even though they are equal and paired , but the use of them exchanges is still wrong ."
"However , despite the seriousness of the subject that addresses , the novel does not stop being imaginative , ingenious , and often sexually explicit .","Yet despite its serious subject matter , the novel remains imaginative , witty , and often sexually explicit ."
"Although it is better to play it safely , especially if you are unfamiliar with the game , you need to change the tactics from time to time .","Although it is better to play safely , especially if you are new to the game , you should change your tactics from time to time ."
"Let ’s head down to the local prison and use the same approach with other unrepentant lawbreakers , eh ?",Let 's take a walk down to the local prison and use the same approach with other repentant offenders ?
"By choosing a complete solution from IBKA , you will not have to deal with multiple companies , contacts , billing and reporting routines .","By choosing a total solution from Ibka , it relates to deal with several companies , contacts , billing and reporting routines ."
"He turns to Asa and opens her robe , revealing a fleshless skeletal frame .","He turns to ASA and opens his robe , revealing his darkened body ."
The Russian Federation had requested their extradition in accordance with the Hague Convention of 1970 on unlawful seizure of aircraft .,The Russian Federation had requested its extradition in accordance with the 1970 Hague Convention for the repression of the illicit surveyment of aircraft .
"What felt was one of the most uneasy times in Spanish history , but also an important cultural expansion that deeply influenced Spain 's language , architecture and intellectual culture .","What ensued was one of the most troubled times in Spanish history but also one of important cultural widening which profoundly influenced Spain ’s language , architecture and intellectual culture ."
"In 19th - century Texas , the Alamo complex gradually became known as a battle site rather than a former mission .","In the nineteenth century , in Texas , the Álamo complex gradually was known as the place of battle ."
"However , according to non - confirming medical reports , he died of a heart attack on March 28 , 2014 .","However , he reportedly died of a heart attack on 28 March 2014 ."
"However , the data from an electronic device can not be more reliable than the sensors that collect the data .","However , the data from an electronic device can only be as reliable as the sensors gathering that data ."
I could n’t remember where I put things or what I had said five minutes ago to someone .,I have zero control over where I put things or what someone said to me half a minute ago .
"Although not naturally present in petroleum in high percentages , they can be produced from petrochemicals or by catalytic cracking of petroleum .","They are found in small concentration in crude oil , but can be formed by petrochemical processes such as catalytic cracking of petroleum ."
He is outwitted and has a mental breakdown before being set free as a reward for getting one last riddle right .,He is overcome and has a mental crisis before being released as a reward for hitting a last riddle .
This does not sound just like a time of peace and inner harmony between siblings ?,"It hardly sounds like a time of great peace and internal harmony among the brothers and sisters , does it ?"
"Dell visit Dr. Bonham and breaks the fingers of hands , demanding that he does not surgery , threatening to harm his family if he interferes with Desiree again .","Dell then visits Dr. Bonham and fractures his hands , threatening to harm his family if he interferes with Desiree again ."
The rehabilitation process does not involve initial medical care .,Provision of preliminary medical care .
I do n't think Jon would even want the throne .,I doubt Jon wants the throne at all .
"Secularism originated in Europe as series of movements that militated for a new , heretofore unheard - of concept called "" secular Judaism "" .","On the other hand , secularism as a concept was largely a European idea , and a series of movements in Europe created a new , and until then unusual , concept of secular Judaism ."
"After a mean follow - up of almost eight years , the researchers found that the risk of death from prostate cancer among the statin users was 1 percent compared with 5 percent for non - users .","After a median follow - up of almost eight years , the researchers found that the risk of dying from prostate cancer among statin users was 1 percent compared to 5 percent for nonusers ."
"In prayer , I have told the Lord I am ready at any time to confess I am wrong - that I must have spoken from my own fears or that I have spoken unadvisedly .","In prayer , I told the Lord that I at all times confess that I am wrong - that I have spoken from my own fear or that I have spoken ."
And only an unlikely crew of ex - soldiers and an evolutionary biology professor can prevent the end of the human race .,Only a crew consisting of ex - soldiers and a professor of evolutionary biology can prevent what can become the end of humanity .
"Although the Economy Qing was significantly developed and the markets continued to expand during the eighteenth century , it could not follow the rhythm of the economies of European countries in the Industrial Revolution .","Although the Qing economy significantly developed and markets continued to expand during the 18th century , it failed to keep pace with the economies of European countries in the Industrial Revolution ."
"This is how the story of the lost dog begins and its many adventures and meetings with many people , both kind and cruel , without being able to find a permanent home .","Thus begins the story of a stray dog and his adventures and encounters with many people , both kind and cruel ."
Almost not debate,Hardly A Debate
"After the Vienna Congress , the Empire 's economic strength continued to develop through maritime dominance and diplomatic efforts to maintain the balance of power in a Europe lacking a dominant nation state .",Following the Congress of Vienna the British Empire 's economic strength continued to develop through naval dominance and diplomatic efforts to maintain a balance of power in continental Europe .
Seger finally achieved its indisputable commercial breakthrough with its album Night Moves in October 1976 .,Seger finally achieved his commercial breakthrough with his October 1976 album Night Moves .
"However , some teams will replace a lineman rather than a linebacker , creating a three linemen , three linebacker and five defensive back alignment , a 3–3–5 formation .","However , some teams prefer to replace a lineman instead of a linebacker , creating an alignment training 3 - 3 - 5 ( three crows , three linebackers and five defensive backs ) ."
"Swedish nationals , as well as non - nationals , residing in Sweden , are entitled to the national basic pension under the same conditions .","All Swedish nationals , as well as foreigners residing in Sweden , are entitled to a national basic pension on equal terms ."
"There are not many difficulties involved in learning the course , as a leading online course provider will offer you the 24 * 7 available online support that comes straight from the experts .","There are very few issues required to learn the course , as a leading online course provider will offer you 24 * 7 available online bolters that come directly from the specialists ."
"The pavilion is composed of two side views of the naos ( hieroglyph ) , Gardiner no . O18 .","The pavilion is composed of two side views of the Naos hieroglyph , Gardiner list , O18 ."
Unprecedented and a new experience to even the veteran players .,Outstanding and a new experience for even the veteran players .
"In many ways , the challenge of responding to the many problems caused by non - exploded terrestrial mines is currently being attended according to the particular circumstances of each case .","In many respects , the challenge of responding to the many problems caused by uncleared land - mines is currently being met on an ad hoc basis ."
But God did not warn them .,God had already warned them .
"As the Board had already recommended , there should be a regular review of unliquidated obligations , and the method of allocating funds should be assessed .","As recommended by the Board , the pending commitments should be examined periodically and should be re - studying the system of allocation of funds ."
We hope you ’ve enjoyed these tips and at - home tricks to prevent excessive sweating .,We hope you have enjoyed these tips and tricks you can do at home to avoid excessive sweating !
"Because you are not going to use your flashlight each time you ride your bicycle , it is important that you have a flashlight with a lengthy shelf life .","Because you hardly use flashlight every time you ride the bike , it is important that you have a flashlight with a long shelf light ."
"To this end , it would be necessary to import 50,000 tons per month of non - elaborate phosphate .","To that end , it would be necessary to import 50,000 tons of raw phosphates a month ."
"The first single of the album , "" My Best Friend "" did not reach good positions , but the next two catapult themselves prominently to the band .","The first single from the album , Spence 's "" My Best Friend "" , failed to chart , but the next two singles rocketed the group to prominence ."
The Council warned of the serious consequences that the Agreement of July 15 and 16 was not met .,The Council warned of the serious consequences of any failure to implement the Agreement of 15 - 16 July .
"She received a third Oscar nomination for her performance as the simple , unrefined , but dignified Lady Alice More , opposite Paul Scofield as Thomas More , in A Man for All Seasons ( 1966 ) .","He received a third nomination to the Oscar for his interpretation of the simple but dignified Lady Alice More , along with Paul Scofield on Tomás Moro 's role in A Man for All Seasons ( 1966 ) ."
"Terry does not know whether to tell Katherine that her father is still alive , and Katherine is not sure she has fallen in love with Terry .","Terry becomes uncertain whether to tell Katherine her father is still alive , and Katherine is uncertain about falling in love with Terry ."
Another delegation had urged UNHCR to develop education tools and supply expertise in areas where statelessness is of special concern .,Another delegation urged UNHCR to elaborate educational instruments and facilitate practical knowledge in areas where apatridia was a special problem .
"He ultimately refused to write the article , so the magazine recouped its interests by publishing , in April 1973 , an interview of the author conducted by Andy Warhol .","However , the magazine linked its interests by publishing in April 1973 an interview with Capote that was done by Andy Warhol ."
"However , our expectations at that time for imminent seabed mining on a commercial basis proved to be over - optimistic .","However , the expectations we had at that time regarding an imminent initiation of the commercial activities of mining of the seabed were exaggeratedly optimistic ."
"One way to help you remember to do this is to carry a small , inexpensive electronic timer in your pocket , and set it to vibrate every hour .","One way to help you remember to do this is to wear a small , cheap electronic timer in your pocket and put it to vibrate every hour ."
"But the weekend ’s relentless events continually force them together , and if you fight with someone long enough , anything can happen .","But the weekend 's many events continue to force them to be together , and if you fight with someone long enough , everything can happen ."
"To this end , consultations were held with the authorities in charge of refugees , with UNICEF and representatives of non - governmental organizations .","To this end , consultations took place with authorities responsible for refugees , UNICEF and representatives of NGOs ."
"Cristián Ernesto died without offspring and all his heritage was taken by his stepbrother , Francisco Josiah .","Christian Ernst died childless and all his inheritance has taken by his half - brother , Franz Josias ."
Do not apply it in the hands of younger children .,You must place your will within the hearts of little children .
"No more than half a year later , in September 1306 , Birger himself was in prison , locked off his two brothers who then took control of Sweden .","Little more than half a year later , Birger was imprisoned by his brothers ( September 1306 ) , and his brothers took control of Sweden ."
"Under that Act , convictions for political reasons , unlawful convictions , the use of medical methods and deportations to another town or republic are deemed to constitute repressive measures .","In accordance with this law , convictions are considered for political reasons , illegal convictions , the application of medical treatments and deportation to another city or republic ."
"As in the first crusade , the pilgrims and soldiers did not leave as a part of one large army , but rather in several groups from various different regions from across Western Europe .","As in the first crusade , soldiers and pilgrims left from Western Europe as a great army , but as small groups coming from very different regions ."
"It was revised by Austen for print in 1803 , and sold the same year for £ 10 to Crosby & Co. , A book seller in London , which decided not to publish it .","Austen first titled the novel Susan , when she sold it in 1803 for £ 10 to a London bookseller , Crosby & Co .."
Whether or not to feed a bird grit is a controversial question among wild bird owners .,Whether to feed a bird gravel is a controversial question among wild bird owners .
Fax no . ( Country code + number ),Fax number ( country indicative + number ) :
Another very effective option is to provide a kong for puppies in order to keep them entertained while you are not there .,Another very effective option is to give a king pup to entertain you while you are away .
The intensity of poverty indicates the proportion of the indicators to which you do not have access .,The intensity of poverty denotes the proportion of indicators in which they are deprived .
"- Brittany was ill , and instead of getting her treatment , Simon and her mother failed to take her to the doctor and used an abundance of non - prescription drugs .","Brittany was sick and instead of getting her treatment , Simon and her mother did n’t take her to the doctor and used an abundance of over - the - counter meds . ”"
The other sad fact was that many of the recommendations in those reports had gone unheeded .,It is regretting that many of the recommendations of these reports have been overlooked .
Conclusion on the prevention and reduction of statelessness,Conclusion on the prevention and reduction of apatridia
"Although Kagel and several are undisputed stem fathers , it has happened too much since the 70 's for this term can work here .","While Kagel and others are clear ancestors , too much has happened since the 1970s for that term to work here ."
"This private efforts led to the uncoordinated creation of cities in Puerto Aysen in 1904 , Balmaceda Coyhaique in 1917 and 1929 .","The anonymous and private effort culminated with the spontaneous creation of the cities of Puerto Aysén in 1904 , Balmaceda in 1917 and Coyhaique in 1929 ."
"Synergy Group wants to invest in Flight Technologies , a manufacturer of unmanned tactical air vehicles ( UAV ) for the Brazilian army , based in São José two fields .","Synergy wants to invest in Flight Technologies ( FT ) , a manufacturer of tactical UAVs for the Brazilian Army , based in São José dos Campos ."
"However , where your waterways and seas have been polluted , cleansing is a relatively easy task for us and will be completed in next to no time .","It is , however , that where their rivers and sea have been polluted , the cleaning is a relatively easy task for us and can be done in a short time ."
"Although it is possible to refer to table headers that are turned off in formulas , you can not refer to them by selecting them .","Although it is possible to refer to table headings that are disabled in formulas , refer to them by selecting them ."
Some non - linear regression problems can be linearized by transformation into the formulation of the model .,Some nonlinear regression problems can be moved to a linear domain by a suitable transformation of the model formulation .
"The area between the ball and the web is defined by the ball , the web and its endless extension upwards .","Note : The space between the ball and the net is defined by the ball , the net and its indefinite upwards extension ."
"In 1924 , Stalin proclaimed the theory of "" socialism in one country "" , claiming that it was possible to build socialism regardless of the world economy , and within the Soviet Union 's national framework .","In 1924 , Stalin proclaimed the theory of “ socialism in one country , ” which claimed it was possible to construct socialism independently of the world economy and within the national framework of the Soviet Union ."
It is about a wife who suspects that her husband is unfaithful and hires a young girl to try to expose him .,"It ’s a thriller about a wife who suspects her husband of infidelity , and who hires a prostitute to test his fidelity ."
"There were not many students in Erlangen at this time , so it was with great pleasure that Klein accepted a professorship at the Technical University of Munich in 1875 .","However there were only a few students at Erlangen , so Klein was pleased to be offered a chair at the Technische Hochschule at Munich in 1875 ."
"Not well they entered , they hit me and slapped .",As soon as they entered they beat me and slapped me .
Keno is not a game where you can change the odds .,Keno is a game where you can change the odds .
The problem with time spent on administration rather than operative activities is often felt more keenly in small enterprises .,"The problem of time spent on administration instead of operational activities , often feels more powerful in smaller businesses ."
"And it is also an irrevocable duty we owe to the whole rising generation and all the pure of heart ,","And also it is an imperative duty that we owe to all the rising generation , and to all the pure in heart —"
"It was not provided as an infantry weapon and the 700 units produced were employed in the strengths of Verdun , aboard some fighters and tanks Mark V * bought to England .","The 700 examples manufactured were used in the fortresses at Verdun in a defensive capacity , on some fighter aircraft , and in Mark V * tanks acquired from Great Britain ."
Many of these can not be diagnosed before a certain development and age has been reached .,Several of these can be diagnosed before the dog has reached a certain age and development .
"Anne Larsen shows Roland a picture of Uwe Finch , and Roland knows no one of his moves .","Anne Larsen shows Roland a picture of Uwe Finch , and Roland recognises some of his features ."
"Tsunade sends a group of ninja including Naruto to make Sasuke return to Konoha , but Naruto is unable to defeat him and bring him back to the village .","Tsunade sends a group of ninja including Naruto to Sasuke back to Konoha , but Naruto fails in his attempt to defeat him and bring him back ."
Due to the nonconformities of Ivan Leonard with the quality of the previous productions this one decides to create Supremacy Studio in his own house .,"Due to the deviation of Ivan Leonard with the quality of previous productions , he decides to make Supremacy Studio in his own house ."
There is no better way to experience the beautiful nature of Northern California than to combine a trip to the area with a little wine tasting .,There 's hardly a better way to experience Northern California 's beautiful nature than to combine a tour of the area with some wine tasting .
"The site of the square lay without the medieval city walls , and was incorporated into the town with the construction of the new ramparts in 1642 .","The site of the square was out of the medieval walls of the city , and joined the city with the construction of the new walls in 1642 ."
"However , the rats do not suffer from high blood pressure until they have reached puberty .","High blood pressure , however , gets the rats only after they have reached puberty ."
"The new government was not in a secure position , and rumours of anti - communist plots increased .","The new government was in a really insecure position , and the rumors of anti - communist complots emerged ."
"The diversity of views notwithstanding , the Commission was unanimous in recognizing the valuable contribution made by NPOs to the work of the organizations .","Despite the diversity of opinions , the Commission unanimously recognized the valuable contribution of the FINC to the work of organizations ."
"His studies were not easy as he expressed saying "" there were moments when I had to leave my pen and sigh .","Her studies were difficult and she once said , "" There were times that I had to put down my pen and sigh ."
They are both more ambitious and humble than our dominant ( not ) answers to climate change .,They are both more ambitious and humble than our dominant ( non)responses to climate change .
"Flanking regions containing CGC sequences were required to untwist the helix ; "" Among top - scoring motifs , we identified TGCGCAAA as the most strongly enriched motif in both vertebrate species , "" they say .","Flanking regions containing CGC sequences were required to dissolve in the helix ; "" Among top - scoring motifs , we identified TGCGCAAA as the strongest enriched motive in both vertebrates species , "" they say ."
"Regardless of sounding just like a cliché , love can be binding particularly when it regards self - worth .","Although it sounds like a cliché , love can be binding , especially when it comes to self - worth ."
"In connection with the monitoring , it was reported that she had no many female friends , but more male , who often visited her and "" looked like Democrats "" .","The police agent reported that she had few female friends , but many male ones , who often visited her and "" had the appearance of democrats . """
"Notwithstanding its economic growth , the restoration of capitalism in China has rendered the country more vulnerable to the pressure of American and European imperialism .","Despite the economic growth , the restoration of capitalism in China has made the country more vulnerable to the pressure from American and European imperialism ."
"Initially , Verísimo remained in cross high as an owner of a botica , but was not successful .","Veríssimo settled in Cruz Alta as the owner of a drugstore , but was unsuccessful ."
"So if you are aiming for a relationship that is virtually unconscious , you need to know some reasons why so many relationships end badly .","If you ’re aiming for a relationship that ’s practically fail - proof , you ’d have to know some of the reasons why so many relationships end badly ."
"In addition , for the 1996 - 1997 biennium , the services of a D-2 category official have been provided for non - re - banking loans .",P-4/3 1 1 — — — — 1 1 Total 6 6 — — — — 6 6 Principal level 1 1 — — — — 1 1
Addition information on flights in the airspace of Bosnia and Herzegovina not authorized,Additional information on flights made in Bosnia and Herzegovina airspace
""" We ca n't wait to see how teachers in even more countries will create their new lesson plans with interactive textbooks , apps and rich digital content . ""","& quot;We look forward to seeing how teachers in even more countries will set up their curricula with interactive textbooks , apps and digital content . »"
The Special Rapporteur concerned the contrary feeling of non - governmental organizations in several government authorities .,The Special Rapporteur was concerned about the hostile feelings expressed towards NGOs in various sectors of the Government .
According to Directive 1999/2 / EC a foodstuff treated with ionising radiation may not be imported from a third country unless it has been treated in an irradiation facility approved by the Community .,"According to Directive 1999/2 / EC , irradiated foodstuffs can only be imported from third countries when they have been processed at an irradiation facility approved by the EU ."
"Ñuble has a lot of attractions for tourists , including : The Spas of Chillán are a winter and , more importantly , summer tourist complex of the region , located among millenarian forests and inexhaustible thermal water sources .","ÑUBLE has the following tourist attractions : Termas de Chillán : more important winter tourist and summer resort in the region , located in the midst of millenary forests and hot springs ."
"The legislation protects the right to nationality of all persons , irrespective of race or colour .","The legislation protects the right to nationality of all people , regardless of their race or color ."
"The FBI , investigating the San Bernardino shooting that killed 14 people , is demanding that the company create a weaker version of its software — an unprecedented step that Apple says could have far - reaching implications .","The FBI , which is investigating San Bernardino footage that killed 14 people , is demanding that the company create a weaker version of its software — a unique move that Apple says could have far - reaching consequences ."
"The Bible says it clearly , so that no one will misunderstand : & quot;Then let each one of us give an account of himself before God.&quot ;","The Bible says : “ Each one will carry his own load , ” and , “ each of us will render an account for himself to God . ”"
"In 1012 Enrique II , King of Germany , gave Ernesto the duchy of Swabia after death , without leaving sons , from his ruler , Germán III .","In 1012 Henry II , King of Germany , gave the Duchy of Swabia to Ernest following the death of its childless ruler Hermann III ."
"Buses , vans , houses and offices in the areas were destroyed and innocent bystanders were attacked and injured by uncontrolled and aggressive students .","Buses , vans , homes and offices and aggressive students were destroyed , out of control , attacked and injured innocent passers - by ."
"On September 24 , 1992 , the first popular congress , which did not take into account the political labels .",The first General Popular Congress that went above and beyond political labels was held at Kumo Drehu on 24 September 1992 .
"In 1960 , with the various vaults overcrowded , a major rearrangement project began which resulted in the construction of the Children 's Columbarium and the New Vault .","In 1960 , with several vaults crowded , a reform project was carried out that began with the construction of a children 's columbarium and the new vault ."
It urges the Commission to approve the other amendments in order not to break consensus .,It urged the Committee to accept the other amendments in order to preserve the consensus .
"According to Bongard , it can get unexpected consequences to take the leave from mother and give to father .","According to Bongard , it may have harmful effects for children to take the leave period from mothers and give to fathers ."
Mr. Cheikh Sylla ( Senegal ) said that the balance of the treaty on the non - proliferation of nuclear weapons is somewhat unequal .,Mr. CHEIKH SYLLA ( Senegal ) said that the NPT had had somewhat mixed results .
Instead Alrekr is Agne 's predecessor and Agne is succeeded by Yngvi ( incorrectly called Ingialdr ) .,"Instead , Alrek precedes Agne and Agne is the successor of YNGVI ( erroneously called ingjaldr ) ."
"Accordingly , the allegation contained in the Bulgarian report that the City Library in Dimitrovgrad has been closed down in 1951 is untrue .","Consequently , the affirmation that is made in the Bulgarian report is false that the Municipal Library of Dimitrovgrad was closed in 1951 ."
"If asked to state the color of the ink rather than the word , the participant must overcome the initial and stronger stimuli to read the word .","If it is requested to say the color of the ink instead of the word , the participant must cope with the initiative and the greater stimulus of reading the word ."
"No , it was not Google ... … ..",At least it was n’t Google …
"It is not absolutely necessary to develop a transcendent doctrine on the subject , although there are enormous advantages in the exchange of experience and the knowledge extracted from various pertinent situations .",But there are enormous gains to be made from sharing experience and insight from diverse capacity - building situations .
"The Russian appeared in the 2004 film The Punisher , played by the professional fighter Kevin Nash and had no other dialogue than Grunts .","The Russian appears in the 2004 live - action film The Punisher , portrayed by professional wrestler Kevin Nash ."
German minister refused to carry hijab in Saudi Arabia,German minister denies to wear hijab in Saudi Arabia
""" What If the Placebo Effect Is n't a Trick ? "" .",""" What if the placebo effect was something more than a trick of the mind ? » ."
Any person whose fundamental rights were infringed upon due to the exercise or non - exercise of public power may request redress from the Constitutional Court .,Any person whose fundamental rights have been violated by action or omission in the exercise of power by the State can request repair to the Constitutional Court .
"As a result , Malcolm 's remains were also disinterred , and buried next to Margaret beside the altar.[59 ]","For this reason , Malcolm 's remains were also separated and buried next to Margaret at the altar . [ 39 ]"
"Despite his trademark portrayal of happy , well - adjusted characters , Young 's bitterness toward Hollywood casting practices never diminished , and he suffered from depression and alcoholism , culminating in a suicide attempt in January 1991 .","Despite the fact that he always represented happy and well - adapted characters , Young suffered depression and alcoholism , which contributed to his 1999 suicide attempt ."
"Of course , the drug does not produce the transcendent experience , it merely acts as a chemical key that opens the mind , releases the nervous system from its ordinary patterns and structures . ""","It merely acts as a chemical key — it opens the mind , frees the nervous system of its ordinary patterns and structures ."
"During the 2.5 development cycle , the Linux driver model was introduced to fix several shortcomings of version 2.4 : No unified method of representing driver - device relationships existed .","During the development cycle 2.5 , a controllector model was introduced to eliminate various core deficiencies 2.4 : a unified method is missing to represent the relationships between controllers and devices ."
The question of humanitarian access to victims of disasters and emergency situations has not yet been resolved .,The question of humanitarian access to victims of disaster and emergencies still remains to be resolved .
"On Matty 's 18th birthday , Jenna competes with his new girlfriend Gabby , only to realize Gabby is genuinely nice and means no harm .","On Matty 's number 18 birthday , Jenna competes with her new girlfriend Gabby , just to realize that Gabby is really nice ."
"In 2018 , AB Invored revenues of NOK 54.6 billion ( without joint ventures and partners ) .","For 2018 , AB InBev 's reported revenue was USD 54.6 billion ( excluding JV 's and associates ) ."
"With the same object , Rome visited , but without success , in 1510 .",In pursuit of the same object he made an unsuccessful visit to Rome in 1510 .
"Cassandra offers robust support for clust stretches that extend over multiple data centers , with asynchronous replication without a master that allows low waiting time on all operations for all clients .","Cassandra offers robust support for clusters spanning multiple datacenters , with asynchronous masterless replication allowing low latency operations for all clients ."
All subsequent trade paperback editions of the novel only feature twelve of McKean 's illustrations ; mass market paperback editions do not feature any .,All subsequent editions of the novel in trading pocket format include only twelve illustrations by Dave McKean .
"They realize , perhaps consciously or unconsciously , that their career depends on their willingness to follow a particular story .","They recognize , perhaps consciously or subconsciously , that their careers depend on their willingness to follow a particular narrative ."
"According to the new organization mode , the position of the document control chief will have category P-3 and not category P-4 .","Under the new organizational set - up , the function of Chief of Documents Control will be performed at the P-3 level , instead of P-4 ."
Degradation and desertification may be brought about by inappropriate land - use systems or by a combination of the latter with recurrent drought at frequent intervals .,"Degradation and desertification can be caused by deficient operating systems , either by a combination thereof and periodic drought at short intervals ."
Two subsets A and B of a topological space X are said to be separated by neighbourhoods if there are neighbourhoods U of A and V of B that are disjoint .,Two closed sets disjoints A and B of a topological space x are said separated by neighborhoods if there are Niscinds U and V of B that are also disjunction .
"Resolutions approved by the Security Council , including those based on Chapter VII of the Charter of the United Nations , were not energetic .","The resolutions that the Council adopted , including those based on Chapter VII of the Charter of the United Nations , were half - hearted ."
"Then a sudden inspiration came , and I said , "" Lord Kelvin had limited the age of the Earth , provided no new source was discovered .","Suddenly I had a rapture of inspiration and said , ' Lord Kelvin has set the age of the Earth , based on existing information to date ."
"Even though the results were only short - term , the research team established that it is possible to use genetically engineered Sertoli cells in cell - therapy Sertoli cells were also exploited in experiments for their immunosuppressive function .","Although the results were only short - term , the research team established that it is possible to use genetically created sertoli cells in gene therapy . Sertoli cells were also used in experiments due to their function deinmunosuppression ."
This Bioms plants and wildlife have adapted to an uncertain environmental conditions that are now changing due to climate change .,This biome ’s plants and wildlife have adapted to a precarious set of environmental conditions that are now shifting due to climate change .
The corresponding treatments are aimed at addressing the unmet needs of 25 million people around the globe in more than 30 disease areas .,The treatments aim to handle uncovered needs of 25 million people around the world within more than 30 disease areas .
"We reject Trump 's collaboration with such racist manipulation , and his lack of respect for international law .","We reject Trump ’s collusion with such racist manipulation , and his disregard for international law ."
"Mingus also released Mingus Plays Piano , an unaccompanied album featuring some fully improvised pieces , in 1963 .","Mingus also launched Mingus Plays Piano , a solo album with some pieces totally improvised , in 1963 ."
This diet is considered partially quick because you can eat and drink all day instead of going without food during the day - you just have to be aware of what food you eat .,This regimen is considered a partial fast because you can eat and drink throughout the day instead of total abstinence — you just have to be mindful about what foods you eat .
"Because of these different approaches to determining the degrees of freedom , the results of T.TEST and this t - Test tool will differ in the Unequal Variances case .","Because of these different ways to determine the degree of freedom , the results in Ttest and this T - Test tool will be different from the case of different variance ."
"The parliament 's presidential conference will now have to approve the sub - committee , and the exact mandate has not yet been agreed .","The establishment of the subcommittee has yet to be approved by the Conference of Presidents of the Parliament , and the precise mandate has yet to be agreed ."
"She asks Radamès to deny the accusations , but Radamès , who does not wish to live without Aida , refuses .","He asks Radamés to deny the accusations , but Radamés rejects him ."
"Magistrates of the District Court may accept guilty pleas for minor misdemeanors , accept guilty pleas for traffic violations , and accept waivers of trial for worthless check and other charges .","The magistrates accept guilty statements for minor crimes , guilty declarations , traffic violations , and accept value resignations - to check cases , among other things ."
"Pissed children can be described as "" spoiled "" , "" great "" , "" narcissistic "" or "" egocentric - retreated "" "" give without receiving "" .","Children and teens who are perceived as spoiled may be described as "" overindulged "" , "" grandiose "" , "" narcissistic "" or "" egocentric - regressed "" ."
"Designed as business - driven endeavours , Trade Points face a pressing problem : to ensure that their services attract sufficient demand to generate revenue that will make them financially self - sustainable .","Conceived as commercial facilities , trade centers are faced with a pressing problem : getting their services to raise sufficient demand to generate income that makes them financially autonomous ."
"Duch Group launched the ProtoFab project in 2014 , offering industrial - grade stereolithography 3D printers fine - tuned for cost efficiency and offered as part of unrivaled production services package .","DUCH Group launched the ProtoFab project in 2014 , and offers stereolithographic 3D printers of industrial quality , fine - tuned for cost efficiency and offered as part of outstanding production package ."
Why not seven ? he asks .,Until seven times ? he asks .
"I know for some people that the idea of standing up at 4:00 to queue and fight crowded parking lots sound unhappy , but I must confess - I absolutely love black Friday .","I know for some people the thought of getting up at 4 a.m. to stand in line and fight crowded parking lots sounds miserable , but I ’ve got to confess — I absolutely love Black Friday ."
"AP170607 - If you think you&#39;re a world citizen , you&#39;re not a citizen of any place .","Theresa May - If you believe you 're a citizen of the world , you 're a citizen of nowhere ."
I almost did n't get there in the morning .,I hardly got out of there in the morning .
"Consequently , such practice should not be promoted .","Accordingly , the practice should be discouraged ."
"However , the solar eclipse took place at about 2:00 p.m. on August 31 that year contrary to the traditional date of the battle on July 29 .","However , the Eclipse took place at 2:00 pm on August 31 that year , which differs from the traditional battle date ( July 29 ) ."
"And a commandment I give unto you , that you should fill all these offices and approve of those names which I have mentioned , or else disapprove of them at my general conference .","And a command , I give you that you should pay all these offices and approve these names that I have mentioned , or reject them during my general conference ,"
"However , those architectural monuments were dynamited by officers of the British Indian Army in 1885 , to prevent its use as a fortress if a Russian army tried to invade India .","However , these monuments were dynamited by officers of the British army of India in 1885 , to avoid its use as a strength if the Russian army tried to invade Afghanistan ."
"He declared that he could never be restored . The next day , this same person stated that 350 official police officers of Russian provenance resigned in protest for the dispersion of protesters .",A day later the same man claimed that more than 350 ethnic Russian police officers have already or will be resigning shortly in protest to having to discipline rioters .
You must never underestimate how important their own body language is during an interview .,Do NOT underestimate how important body language is during an interview .
"All cases in which standards have not been strictly applied , exposing the reasons why that decision is obeys .","Any area in which there is a deviation should be noted , giving details of the reasons for the deviation ."
William Booth was the evangelist who collected the big crowds of unsaved .,William Afton was the true creator of these horrible reminders of hell .
I must remind the world of the fact that the international community has a responsibility towards attaining peace and stability in present - day lawless Somalia .,I must remember the world that the international community is responsible for achieving peace and stability in a Somalia where disorder now prevails .
"Auctioneer Joe Dunning introduced much as "" an unusually rare artifact from humanity 's greatest achievement . """,Auctioneer Joe Dunning introduced the lot as “ an exceptionally rare artifact from mankind ’s greatest achievement ” .
"In computer science , radix sort is a non - comparative integer sorting algorithm that sorts data with integer keys by grouping keys by the individual digits which share the same significant position and value .",Radix Sorting is within the informatics name of a comparative sorting algorithm for integers that sort data with integer values by grouping keys according to individual digits that share the same significant position and value .
Medium unstable roles - These are roles that come up more rarely and are for more integrated parts of your business .,Medium churn roles – These are the roles which come up less frequently for more integral parts of your business .
She was portrayed by Patricia Hodge in Ian Curteis 's long unproduced The Falklands Play ( 2002 ) and by Andrea Riseborough in the TV film The Long Walk to Finchley ( 2008 ) .,He was interpreted by Patricia Hodge in the production of Ian Curtteis the Falklands Play ( 2002 ) and by Andrea Riseborough in the film for television The Long Walk to Finchley ( 2008 ) .
"Basic strategy is not enough We get emails from people all the time talking about how they downloaded our blackjack strategy charts , took them to a casino , and won some money .","We get emails from people all the time and talk about how they downloaded our blackjack strategic map , took them to a casino and won some money ."
"Unknown When I played The Masters for the first time , I was so nervous that I emptied a bottle of rum before the start .",""" The first time I played the Masters , I was so nervous I drank a bottle of rum before I teed off ."
That Li Xiaopeng was able to beat the odds and be named Manager of the Season may encourage other sides to trust domestic talent rather than automatically turning to high - profile foreign coaches .,"The fact that Li Xiaopeng managed to beat the odds and was named coach of the year can encourage others to trust the national talents more , instead of automatically turning to high - profile international coaches ."
They feel the conditional promise of 1 Kings 9:4–7 seems to undercut this unconditional covenant .,"In the lagons 1 : 3 , 7 describe exiled as Ani ."
"Parliamentary elections are scheduled every four years , but unstable coalitions or a no - confidence vote by the Knesset can dissolve a government earlier .","Parliament choices are held every four years , but the Knesset can dissolve the government at any time by a mistrustotum ."
"It is essential to understand that if life is not broken to the action program , our efforts will have been .","It is exceedingly crucial to understand that , if we fail to breathe life into the Programme of Action , all of our efforts will be futile ."
Less than six months went by in this fashion until Fatima got so thin that there was nothing left of her but skin and bones .,He spent 6 months in this way until he was so thin that he was just skin and bones .
"With them , he brought stories about a huge , unbient land .",When he arrived he told the villagers an unusual story .
"But a number of Bible translators have not translated the latest words in John 1 : 1 With "" the word was God "" .","But a number of Bible translators have translated the last words of John 1 : 1 with "" the Word was God . """
"Nor can any description I offer here even approximate what it feels like to lose a real chunk of money that you used to own . ""","Can some description I can offer here , approximately just about what it feels like to lose a real amount of money that you used to own . """
"Much of film ’s cast were non - actors , and many scenes were filmed with hidden cameras , as Glazer wanted the film to feel realistic .","Much of the role crew was amateurs , and many scenes were filmed with hidden cameras , as Glazer wanted the film to feel realistic ."
"Intuition , correct judgement and experience are in such conditions , the priority , although you should not forget about other methods that may help to decide .","Intuition , proper judgment and meeting are in such situations , priority , even if you should remember about other methods that can help determine ."
"He , however , is not avoiding one that supports the lettertro interpretation of the Bible .","Accordingly , he rejects a literal interpretation of the Bible from a large extent ."
"At surface air pressure ( one atmosphere ) , diamonds are not as stable as graphite , and so the decay of diamond is thermodynamically favorable ( δH = −2 kJ / mol ) .","At environmental pressure ( 1 ATM ) , diamonds are less stable than graphite , and therefore the transformation of diamond in graphite is thermodynamically favorable ( ΔH = -2 KJ / mol ) ."
"The orbit of the binary stars is eccentric , which is unexpected for such a close binary as tidal forces ought to have circularised the orbit .","The orbit of binary stars is eccentric , which is normal for a binary system because the tide forces should have circularized the orbit ."
"He encouraged them to not let their diplomatic authority represent Sparta , but instead let him help them through his influence in Athensian politics .","He urged them to renounce their diplomatic authority to represent Sparta , and instead allow him to assist them through his influence in Athenian politics ."
It is inconceivable to me that they can put their own children in such a situation . & quot ;,""" It blows my mind that they can put their children into that kind of situation . """
"In 2006 , Bruce Vilanch , a friend and colleague of Vandross , told Out magazine , "" He said to me , ' No one knows I 'm in the life . ' ...","In 2006 , Bruce Vilanch , friend and colleague of Vandross , told the magazine out , he told me ..."
"For many years the area remained largely undeveloped , used by the British mainly for tiger - hunting expeditions .","For many years , the British was mostly to be expanded , and visited it mainly to hunt for Tiger ."
Yitzhak Nothing in freestyle .,Jiyūka is the free style .
How Unaccompanied Youth Become Exploited Workers in the US,How Information Monigrant Youth is Utilized Workers in the United States
"Finally , on the Convention , he is so upset about how uneasy Algernon is that he puts him free and brings him back to his apartment in New York City .","Finally , at the convention , he is so upset with how agitated Algernon is that he sets him free and brings him back to his apartment in New York City ."
"In the same way , 文 Wen "" ( language ) can be replaced by 魰 by adding the radical 鱼 ( fish ) , which does not alter the visual perception of the character .","In the same principle , 文 wen ( language ) can be replaced with 魰 by adding a 鱼 fish radical , which makes the character still look similar ."
Some orders and families where these cells are present remain outside the subclass since DNA based phylogenies can not place them with confidence .,Some orders and families in which these cells are present remain outside the subclass .
"In recent decades , the proportion of UNDP 's basic resources assigned to the least developed countries has not stopped increasing .","UNDP has , over the last decades , continuously increased the proportion of 93 - 30653 ( E ) 280593 / ... its core resources allocated to LDCs ."
Yangban Sangmin Cheonmin Nobi Untouchable ( social system ) Burakumin - The Japanese equivalent of baekjeong .,Culture of Korea Yangban Chungin Sangmin Nobi Baekjeong Burakumin - The Japanese equivalent of the Cheonmin
"The party then put up posters all over Munich on Saturday , the day before the demonstration , accusing the protesters of lack of decency .",The party then put up posters throughout Munich on Saturday that accused the demonstrators of lacking decency .
His team again remained without the possibility of opting for the second round of the tournament .,"However the team failed badly , failing to reach the second round of the tournament ."
The well - being of rural dwellers is no less the business of this Conference .,The welfare of the rural population is also incumbent upon this conference .
She realized that someone has not yet developed its full potential .,She realized that some simply had yet to develop their full potential .
"She had just seen her as the teacher , a man who came out of nothing and taught them at school and disappeared again .","She had always regarded her purely as a teacher , a person who turned up out of nowhere and taught at school and then went away again ."
"The Secretary - General had stated that sanctions were contrary to the Organization 's developmental objectives , since they had adverse long - term effects and could cause serious harm to neighbouring countries .","The Secretary - General has expressed that sanctions contradict the development objectives established by the Organization , since they have negative long - term consequences and could cause serious damage to neighboring countries ."
The sanctions collectively punish a whole people which is not in any way involved in the civil war being waged on the territory of the former Bosnia - Herzegovina .,The sanctions collectively punish a whole people who in any way participates in the civil war that is being waged in the territory of ancient Bosnia and Herzegovina .
"Unfortunately , despite our letters to Commissioner Sylva , the situation has remained unchanged for two months now .","Unfortunately , despite the letters we have sent to the Sylva Commissioner , this situation has been maintained for two months ."
The credit though for the modern day DST system is often incorrectly given to William Willett who independently thought up and lobbied for DST in 1905 .,"The credit of the first proposing today 's DST system is often mistakenly given to William Willett , as independent thought and lobbied for DST in 1905 ."
"On 5 December 2013 , the People 's Bank of China prohibited Chinese financial institutions from using bitcoins .","December 5 , 2020 banned People 's Bank of China Chinese financial institutions to use Bitcoins ."
It was created by or at a government institution ( this is common in US National Laboratories and government agencies ) Facts can not legally be copyrighted .,It was created by or in a government institution ( this is common in the US National Laboratories .
The first luminous trail attacks occurred in 1980 and continued without interruption throughout the decade .,The Shining Path 's first attacks occurred in 1980 and continued throughout the decade .
"Although some differences of opinion remain on aspects of detail , no one discusses the need to create mechanisms to assist States indirectly affected by sanctions .","While there were still certain differences of opinion on many specifics , there was general recognition of the need to establish assistance mechanisms to help States indirectly affected by sanctions ."
My delegation believes that the adoption an appropriately worded draft resolution by this Assembly is necessary to convey the international community 's strong disapproval of the decision of the Israeli Government .,My delegation believes that it is necessary for the Assembly to approve a decision - drawn up appropriately to transmit the energetic rejection of the international community before the Government 's decision of Israel .
It is absolutely unexpected for us to tolerate the threats from these terrorist groups . »,""" It is absolutely out of the question for us to further tolerate the threats from these terrorist groups . ”"
That means that Russia 's ' economic reforms ' can claim credit for the impoverishment of 72 million people in only eight years .,"This means that Russia 's "" economic reforms "" can take the dubious honor for having made 72 million people in just eight years ."
"By 1936 , war between China and Japan seemed inevitable .","In 1937 , an open war was declared between China and Japan ."
The oldest eruptive products consist of relatively undifferentiated and nonviscous basanite lavas that form the low broad platform shield of Erebus .,"The oldest eruptive products consist of relatively indifferent low viscosity bas pancons , which form the lower coat of arms of the Erebus building ."
"It is described as causing "" waves of burning , throbbing , all - consuming pain that continues unabated for up to 24 hours "" .","According to the description , it causes "" waves of burning , a throbbing pain , which consumes everything and that it takes to take up to 24 hours . """
"In comparison to the students who had been in school in Damascus or elsewhere , our knowledge of Arabic was not as good .","Compared to students who had gone to school in Damascus or elsewhere , our Arabic knowledge was lower ."
"Among Matamoros workers , the most common topic of workers ' social media groups - except to get rid of the unions - to fight to defend those unaided , and defense against the threats of mass booties .","Among Matamoros workers , the most common subject on workers ’ social media groups — aside from getting rid of the unions — is fighting to defend those fired and to protect against the threats of mass layoffs ."
"In this game , a man should make you 5 simple questions , and the answer must be correct because if you are not one question , you are an ignorant .","In this game , a man will make you 5 simple questions and your answer must be correct because if you fail one question , you are an ignorant ."
The giant said : ‘ I ’ve got the right one now ’ ; and took Nix Nought Nothing to his own house and brought him up till he was a man .,"The giant said , "" I have the right now "" and took niks null something to his own house , and raised him until he had become a man ."
"The symptoms of lactose intolerance include wind , bloating and diarrhea so if you do not experience any of them after drinking milk or eating ice cream , then you are fine .","The symptoms of lactose intolerance include wind , bloating and diarrhoea so if you dont experience any of those after drinking milk or eating ice cream then youre fine ."
' Ethnic cleansing ' is contrary to international law .,The ' ethnic debugging ' contravenes international law .
"- Stoltenberg does a very good job as Secretary General of NATO , says Søreide , who believes it is important with the contribution this gives to stability in an uneasy world .","‘ Stoltenberg does a very good job as Secretary General of NATO , ’ said Søreide , who believes his contribution provides important stability in a troubled world ."
Very often during repair work the cable is inadvertently touched .,"Very often during repair work , the cable is accidentally affected ."
"This is particularly problematic when the conflict arises because the researcher regards it as his or her ethical duty to act as a whistleblower , sometimes contrary to the advice of a superior or authority .","This is especially problematic when the conflict occurs because the researcher considers it as its ethical duty to act as alerts , sometimes against advice from overall agencies or people ."
We have to travel around the world to see if there might not be an open door somewhere . »,We must make a journey around the world to see if a back door has perhaps been left open . ”
"The plane , performing a regular national passenger flight , was damaged without the possibility of repair , but all 32 people on board survived .","The aircraft , performing a domestic scheduled passenger flight , was damaged beyond repair but all 32 people on board escaped ."
In this respect the need for indicators at national and international levels can not be overemphasized .,"In this regard , it is necessary to insist on the need to formulate national and international indicators ."
"In 1923 he began planning a non - scaled transatlantic flight with his comrade Paul Tarascon , a prominent ace of aviation .","In 1923 Coli began planning a nonstop transatlantic flight with wartime comrade Paul Tarascon , a leading flying ace ."
A non championship Super GT race was held here in 1996 .,World Cup competitions in the downhill and large slalom were arranged in 1996 .
Half the time the people were so afraid they would not say anything .,Half of the times people had so much fear that anything said .
"He was a youth without experience or greater education , but was exalted to Caesar and given the command of Egypt and Syria .","An inexperienced youth with little formal education , he was invested with the purple , exalted to the dignity of Caesar , and assigned the command of Egypt and Syria ."
But a meaningless man changes like the moon .,"Moreover , irresoluteness causes man to change like the moon ."
Why do n't the Creator try to control us in a milder and more encouraging way ?,"Why does nt the Creator rule us in a gentler , more encouraging way ?"
"One thing we can be sure is that not to reach the goals of the SDG will cost everyone on the planet , rich or poor .","One thing we can be sure of is that failing to meet the targets of the SDGs will cost everybody on the planet , rich or poor ."
"For many , Microsoft ’s days are numbered – with or without the late arrival of Ozzie .","For many , however , Microsoft 's days talk - even with one too late arrived Ozzi or not ."
"The term was adopted by consensus in 1990 at an Indigenous lesbian and gay international gathering to encourage the replacement of the outdated , and now seen as inappropriate , anthropological term berdache .","The term was adopted in 1990 , at an international gay and lesbian indigenous meeting , in order to replace the anthropological term "" Bardache "" ."
Thus there is no year 0 .,This article is about the year 0 .
He was bred by Morgoth from some unknown stock and was the first dragon to appear outside of Angband .,"He himself was bred by Morgoth , and was the first dragon that turned out outside angband ."
No remarried as a believer is allowed and should have a platform service .,Deny all gjengiftede as believers to have a platform service .
"On their wedding day , Amy disappears without further ado .","On the morning of their anniversary , Amy goes missing ."
"So you want to look like the things , and when you understand that it is not physically possible , you start thinking : ' What the hell is wrong with me ? ' .","Then you want to look like those things and when you realize it ’s a physical impossibility , you start to think , ‘ What the fuck is wrong with me ? ’"
They stem from UCLA ’s areas of research excellence rather than traditional departmental divisions .,They originate from the UCLA 's research area 's areas instead of traditional departments in the department .
They expressed the hope that the cooperation activities listed would not take long to be plasmated in a cooperation agreement between the two organizations .,They expressed the hope that the activities outlined for cooperation would be shortly embodied in a cooperation agreement between the two organizations .
A demountable construction of iron was specified so as to be able to move the pavilion to Buenos Aires after the exhibition ended .,"The bases specified a removable construction of iron , in order to be able to transfer it to Buenos Aires once the sample is finished ."
"UNHCR is fully committed to achieving close and collaborative relationships to achieve a transition that passes without setbacks and that is timely between relief , rehabilitation and development .","UNHCR was fully committed to forging close , collaborative relations in order to ensure smooth and timely linkages between relief , rehabilitation and development ."
Their future is no less at stake in the urbanizing world of tomorrow .,His future is also at stake in the world in the process of urbanization of tomorrow .
It is commonly believed that Hakka people have their origins in several episodes of migration from northern China into southern China during periods of war and civil unrest dating back as far as the end of Western Jin .,At this time this language is in the process of extinction in Taiwan . The Hakka people have their origin in several episodes of migration from the north to southern China during periods of war and civil disturbances .
The objective should be to avoid statelessness .,The objective would be to avoid cases of apatridia .
"Amazon lets you buy as you go , even spontaneously , notwithstanding the limited delivery windows .","Amazon lets you buy when you go , even spontaneously , regardless of the limited delivery windows ."
"His birthplace is not known , but it may have been Caesaraugusta Zaragoza , Tarraco Tarragona or Calagurris Calahorra .","The place of his birth is uncertain , but it may have been Caesaraugusta Saragossa , Tarraco Tarragona , or Calagurris Calahorra ."
The only thing his wife asked was that he did not build the pool too close to their house .,The only thing his wife asked of him was that he build the pool away from their home .
"If you have good writing skills , you can create a profile on freelancing platforms like Upwork and in no - time you may find yourself working with brands in desperate need of well - written content .","If you have good writing skills , you can create a profile on freelance platforms like Upwork , and in a short time you may be working with brands that have a desperate need for well - written content ."
Q. 7 I have a nonimmigrant visa that will expire soon and I would like to renew it .,Sp.7 I have a visa that expires soon and I want to renew it .
"- In this country there is an insensitive , corrupt and corrupt shadow industry that sells and sore violence against their own people .","“ There exists in this country a callous , corrupt and corrupting shadow industry that sells , and sows , violence against its own people ."
The reaction of the brutish American media to his Christmas Eve video was entirely predictable — sputtering outrage and incredulity .,The reaction from the bestial American media on his Christmas Eve video was completely predictable - splashing rage and dismay .
"None the less , oil producers in the Middle East hold over 65 per cent of the world 's total proved oil reserves .","However , the oil producers from the Middle East have more than 65 % of the checked oil reserves ."
without lighting a fire ( to cook food ) in the Prophet&#39;s,The Release of the Fire Brands – His Messengers of Fire
I could n't bothered unless I 'm breaking out in the first round or reaching the fourth round of the US Open .,""" I couldn&apos;t care less if I make a fourth - round US Open or I lose the first round ."
"Because Kunrei - shiki is based on Japanese phonology , it can cause non - native speakers to pronounce words incorrectly .","Kuntrei - Shiki is based on Japanese phonology , and can therefore get outsiders to pronounce words wrongly ."
"And the Democrats must understand that the democratic party can not lose 75 percent of the white voters . "" 2",And Democrats are going to have to realise that it ’s probably bad for the Democratic Party to lose 75 % of the white vote ” ( 2 ) .
"In the case of wood and paper paste , 4.9 and 3.3 % of imports originating from non - member countries came from Brazil and Chile , respectively .","With regard to pulp and paper products in general , 4.9 and 3.3 per cent of extra - EU imports originated in Brazil and Chile respectively ."
"A few months previously , Morrison had carelessly signed a contract that he had not fully studied and it stipulated that he would surrender virtually all control of the material he would record with Bang Records .","A few months earlier , Morrison had signed a contract in which he had virtually ceded the control of all the material that recorded Bang Records ."
"Based on a dialectical materialist account of history , Marxism posited that capitalism , like previous socioeconomic systems , would inevitably produce internal tensions leading to its own destruction .","Based on dialectical and historical materialism , Marx claimed that capitalism , like former socioeconomic systems , can degreas inner contradictions leading to its own destruction ."
Why should we not worry about the number of those who eat the bread and drink the wine at the Memorial ?,Why do we have to think about how we treat those who eat the bread and drink the wine on the memory of the memory ?
"This is despite the fact that NHMRC itself routinely conducts studies with less than 150 participants , which are not regarded as ' unreliable ' .",This is despite the fact that the NHMRC itself routinely conducts studies with less than 150 participants .
Joint consultation of non - governmental organizations,Joint North American / European NGO consultation held
"Becker , who was unarmed at the time , was hacked with a saw and stabbed 15 times by Barbah and two other accomplices . ( Jerusalem Post , 24 June 1994 )","Becker , who at that time was disarmed , was torn apart with a saw and stabbed 15 times by Barbah and two other accomplices . ( Jerusalem Post , June 24 , 1994 )"
The groups of women and non - governmental organizations must exert influence and pressure by advertising violence against women .,Women 's groups and NGOs should lobby and exert pressure by publicizing violence against women .
Who does not need eTA :,Who needs an ETA :
""" 18 . ( a ) Women 's dress tailoring profession shall not be practised except after obtaining a licence from the local authorities .","a ) To dedicate yourself to the preparation of women 's clothing as a profession , it will be necessary to first obtain a license from the local authorities ."
"Should their rights be infringed , their case would be considered by independent judges and without discrimination .","If your rights are violated , your cause is examined by independent and impartial judges ."
Some countries have large areas of erodible or fragile soils ; others do not .,Some countries have more extensive areas of erodible or fragile soils .
The unlicensed clone market has flourished following Nintendo 's discontinuation of the NES .,"The market for Nes clones has continued to exist and actually flourished , even after Nintendo 's own production stop of the NES ."
Either we use those languages or we remain mute ” .,"Whether we use these languages , or we remain mute ."
With which omhu should not brothers and sisters in the church watch over every word and every action so they did n't have to hurt the oil and the wine !,How carefully should brethren and sisters in the church guard every word and action lest they hurt the oil and the wine !
"Plot device : An example of an unsupported plot device is scrith , the material used to construct Ringworld , in the novels by Larry Niven .","Fictice element : An example of a fictional element is the "" scrith "" , the material used to build the ring world , in the novels of Larry Niven ."
"For the quality of his timeless work , Sima Qian has since become known as the & quot;father of Chinese historiography&quot ; .","For the quality of his written work , Sima Qian is known as the “ Father of Chinese Historiography ” ."
NADH is then no longer oxidized and the citric acid cycle ceases to operate because the concentration of NAD+ falls below the concentration that these enzymes can use .,NADH stops being rusted and the cycle of citric acid stops operating because the concentration of nad + falls below the concentration that these enzymes can use .
"So when people talk about calla lilies blooming , they 're really referring to the emergence of these colorful leaves rather than the real hidden flower inside them .","So when people talk about Calla lilies bloom , they are really referring to the emergence of these colorful leaves instead of the real hidden flower inside them ."
"However , in April 2006 , after much public disapproval , Tynwald rejected its own proposal and withdrew its request for Royal Assent .","However , after much public dissatisfaction , Tynwald rejected in April 2006 its own proposal and drew the request back ."
"Following the above 5 steps will quickly take you from no site for your dentistry practice to a beautiful , mobile responsive website that will attract new patients and grow your business .",After the above 5 steps you will quickly take you from a dental care practice site to a beautiful mobile responsive website that will attract new patients and increase your business .
"As the alien flew away , his control of the mind vanished , and his ancient servants forgot that he had never existed .","As the alien flew off , his mind control faded , and his former servants forgot that he had ever existed ."
"During the conversation , he identified the tenant of the apartment that was not present .",During the course of the conversation she gave them the personal particulars of the absent occupant of the flat .
“ I apologise unreservedly for the shocking language I used .,- I strongly apologize for the shocking language I used .
“ Our most sincere thanks goes to Unai and his colleagues who were unrelenting in their efforts to get the club back to competing at the level we all expect and demand .,- We want to sincerely thank UNAI and his colleagues who stood in the attempt to get the club back to compete at the level we expect and require .
This situation has been unnecessarily allowed to get out of control and has threatened the concept of peaceful coexistence .,This situation has been allowed to spiral out of control and has threatened the concept of peaceful co - existence .
"It was also essential to prevent the consequences affecting all the citizens of the State committing the crime : article 53 , subparagraph ( b ) , for example , might have implications for the State 's population .","It is also essential to avoid consequences that affect all citizens of the State who have committed the crime : for example , paragraph ( b ) of article 53 can produce effects on the population of a State ."
But many of the major water basins have never been crossed by human power ” Fiann is one of two Icelandic members of the American - based international multidisciplinary professional society : The Explorers Club .,"He considers this time as periods of transformation in his life . Fiann is one of the two Icelandic members of the International Multidisciplinary Professional Society , based in the United States : The Explorers Club ."
"In 1872 , when Georgians re - took control of the government , Barnett ( who had been re - elected by that point ) unearthed the original seal and returned it to the Capitol .","In 1872 , when Georgians resumed the government 's control , Barnett ( which had been re - elected ) returned the shield ."
"The Panama Canal , as an international public service , must be open to all users , public and private , without any restriction of flag or type of economy .","The Panama Canal , as an international public service , must be open to all users , public and private , regardless of the flag they fly or the economic system they represent ."
"By not finding problems in destroying Garth 's resistance in its nearby space , Gubru sent a small part of its terrestrial forces to perform a ritual combat against the forces of the Earth 's clan .","Having easily overcome Garth 's token resistance in near - planetary space , the Gubru engage a small portion of their ground force in ritualistic combat against Earthling forces ."
"This is nothing surprising , since the reasons for admitting the appeal are very limited .","That was hardly surprising , since the grounds for appeal were very limited ."
"Throughout my life I have found myself moving constantly from belief to unbelief , and I have also found that the less I am constrained by belief , the better I feel .","Throughout my life I have found myself in motion all the time from faith to disbelief , and I have also found out that the less I am limited by faith , the better I feel ."
"The resulting blind signature can be publicly verified against the original , unblinded message in the manner of a regular digital signature .","The resulting blind signature can be publicly verified against the original message , disassuring the message in the form of a regular digital signature ."
So far - reaching that it never ended .,Be so far away that it behaves normally ( tackles it ) .
He mentions God 's undeserved goodness about 90 times in the 14 letters he wrote - several times than any of the other Bible writers .,He mentions that merciful quality of God some 90 times in his 14 letters — more than any other Bible writer .
"He returned to North America in 1930 to attend the General Conference Session , where he was elected President of the General Conference , in no small part due to his financial ability .","He returned to North America in 1930 to attend the Session of the General Association , where he was elected president of the General Association due to his great financial ability ."
"Xuti : Boisy - Saint - Léger > Vésinet - le - Pecq , NO for up to nanterre winery .","Every 10 minutes : Boissy – Le Vésinet - Le Pecq , all stations except Nanterre - Ville ."
An American atomic submarine sinks near a drilling rig in the Caribbean Sea after a strange coincidence with an unknown phenomenon .,A submarine is destroyed near the North Pole by a mysterious undersea light .
They could n't understand that a man would waste his life - and family life - at such a foolish project .,They could hardly believe that a man would waste his life​—and the lives of his family—​in such a foolish endeavor .
Bakkhides agreed to this and actually took an oath to never go to war against Jonathan .,Bacchides readily consented and even took an oath of nevermore making war upon Jonathan .
Violation of the rights of indigenous people most frequently impoverishes the overall heritage of mankind as well .,The violation of the rights of indigenous peoples more frequently goes to destruction as well as the general assets of humanity .
"The Sands of Time is not so much about people as it is places , but people are an inherent part of places , leaving everlasting imprints .","The Sands of Time represents places more than humans , but man is an inherent part of the places they visit and leave eternal imprint ."
""" Our findings show that we still have a lot to learn about DNA repair , and that there may be alternative repair roads that have not yet been discovered .","“ Our discovery shows that we still have a lot to learn about DNA repair , and that there may be alternative repair pathways yet to be discovered ."
Some non - governmental organizations and a large number of Panamanian citizens have contested those figures .,This information is challenged by the NGOs and by many citizens of Panama .
"With the establishment of RTK network , you can therefore now choose to work with an RTK Rover within this network area without setting up your own base station , which saves time and money .","And now , with the establishment of RTK Networks , you can also choose to work with an RTK rover within these Networks instead of setting up your own base - station , saving time and money ."
A stable Government is indispensable .,A stable government is needed .
""" For every dead zone in the tropics , it is probably 10 - 9 that has not yet been identified . """,""" For every one dead zone in the tropics , there are probably 10 — nine of which have yet to be identified , "" she said ."
"He had promised to come back within three years , but ten years went without he came .","He announces he will leave again in a month , though he promised he would stay ."
"The large numbers of people and traffic in the border area led to a strengthening of the border inspection work , but it was doubtless also because of the Cold War between East and West .","Much people and traffic in the border area led to a strengthening of the border supervision , but it was probably because of the Cold War between the east and west ."
It does not know very about John IX before he became Pope .,Little is known about John IX before he became Pope .
"Aside from unintentional stashes like that , things are often purposefully hidden under floorboards .","Apart from accidental stashes like that , things are often purposefully hidden under floorboards ."
"The clock now ticks three minutes before midnight because the international leaders do not abilities to perform their most important duty , namely to secure and preserve health and vitality of the human civilization .",“ The clock ticks now at just three minutes to midnight because international leaders are failing to perform their most important duty – ensuring and preserving the health and vitality of human civilization . ”
"In a brief statement , Sunderland said : & quot;In light of Adam Johnson&#39;s guilty charges , the club has today terminated the contract with immediate effect . The club will not comment further .","In a brief statement Sunderland said : “ In light of Adam Johnson ’s guilty pleas , the club has today terminated his contract with immediate effect ."
Morgan O’Connelli hated the restless lifestyle she ’d had as a child .,Real estate agent Morgan O&#39;Connelli has always hated the wandering life she had as a child .
These reactions can not occur if the pH changes .,These reactions might fail to happen if the pH changes .
It is estimated that around 12 % are not themselves .,Only 12 percent said they should be left alone .
"On October 28 , 1993 , the unofficial spokesman for the Ministry of Foreign Affairs wrote to the Secretary of Foreign Affairs , Douglas Hurd , to detail what these guarantees were .",The shadow Foreign Affairs spokesperson wrote to Foreign Secretary Douglas Hurd on 28 October 1993 to spell out just what those assurances were .
Both [ The Mac and iPad ] are incredible .,Both [ Mac and iPad ] are amazing .
"While he is unpacking in his new shop , he discovers that two of his family 's Nekos , Chocola and Vanilla , came along with him by hiding in cardboard boxes .","While writing out the cases he has taken away from home , he discovers that two of the cat guides from home , Chocola and Vanilla , were with him by hiding in two of the cardboard boxes ."
"The commission put off implementation until no earlier than October 20 , 2002 .",Then it was too late to start the operation earlier than on December 23 .
San Diego ’s Frozen Zoo is a gene bank that stores cell samples from animals in order to preserve them and perhaps reintroduce those that do n’t survive .,San Diego Frozen Zoo is a gene bank that has taken care of cell samples from animals with a view to preserving them and perhaps recreating those who bowd .
"Meanwhile , agreements between governments and agencies of the United Nations should be concluded to ensure that all officials are covered , without exception .","Until then , agreements between Governments and United Nations agencies should provide for coverage of all staff members in the areas concerned ."
"You may unsubscribe from Panel membership at any time , see Section 10 "" Opt - Out Policy "" below .","You can opt for the panel membership at any time , see Section 10 "" Fraval Policy "" below ."
It was quite unreal and felt like I was playing with him on Xbox again .,It was pretty surreal it was like i was playing with him again on xbox .
"The fact that these resolutions have not been applied , it is due , in part , at the pressure exerted by some influential Member States .","Failure to implement those resolutions was , in part , the result of pressure from certain influential Member States ."
"It is no surprise that the National Institutes of Health and the American Academy of Pediatrics both recommend that all babies have their hearing test , preferably before they first leave the hospital .","The National Institutes of Health and the American Academy of Pediatrics recommend that all babies have their hearing tested , preferably before they first leave the hospital ."
"It is unlikely , however , that a transcription factor will bind all compatible sequences in the genome of the cell .","It is rare , anyway , that a transcription factor is one to all the compatible sequences in the genome of a cell ."
"The first , a copper plate inscription unearthed at Nalanda , details an endowment by the Shailendra King , Balaputradeva of Suvarnadvipa ( Sumatra in modern - day Indonesia ) .","The first of these , a copper plate inscription that has been uncovered in Nālandā , provides details of a legacy of the sail end radio 's king Balaputradeva of Suvaradevipa ( Sumatra in today 's Indonesia ) ."
"And carnism is also a violent belief system : it is organised around intensive , extensive , and unnecessary violence toward animals .","In addition , Carnism is a violent , exploitative ideology ; It is organized around intensive , extensive violence against animals ."
- All files on your computer are made unreadable until you have a password .,"- All files on your computer are rendered illegible , until you have a password ."
Looks or hears things that do not exist ( hallucinations ),see or hear things ( hallucinations ) .
It is hoped that the implementation of the law will be conducive to the elimination of this form of unequal treatment of women and children .,It is expected that the application of the law will allow to eliminate this form of inequality of treatment with respect to women and the child .
"Furthermore , there are many strategies that do not have any long - term national vision in line with the EU wagering goal .","Moreover , a long - term vision at national level in line with EU ’s decarbonisation targets is often lacking ."
d ) the conditions that have not been fulfilled and other eventualities related to government assistance ;,( d ) Unfulfilled conditions and other contingencies pertaining to government assistance ;
"Some researchers such as David Nutt have criticized the current scheduling of MDMA , which he determines to be a relatively harmless drug .","Some scientists , such as David Nutt , have shown disagreement about the categorization of MDMA along with other drugs that , in their opinion , are much more harmful ."
"On the contrary , it is almost certain that during his ministry of preaching , Jesus had the habit of taking his meals with the great circle of those listening to him .","On the other hand , it is almost certain that Jesus in his preaching service had for the habit of taking their meals with the big circle of those who listened to him ."
"There is no doubt that they will feel better after the walk , and this state of mind will extend into their next activity .","Surely , they ’ll feel better after that walk and that state of mind will extend to their next activity ."
""" But Lord , I 'm nothing Tess ! "" - "" Look ahead , and I give you a new heart "" .","“ But , Lord , I am a wretch ” – “ Look ahead and I will give you a new heart . ”"
"They are mainly active from September to May , but are inactive in cooler weather and shelter in tree hollows or under fallen trees or large rocks .","They are active from September to May , but remain in lethargy during the coldest time , hidden in traces of trees , or under fallen trees or roquetos ."
"As a politician he is acknowledged as a theorist rather than as an active protagonist , though after 2001 he briefly headed one of the Carlist branches .","As a politician , it is more recognized as a theoretical one who as an active protagonist , although after 2001 he briefly directed the most orthodox and traditional charism ."
"Passengers traveling with children , a visit to Disneyland Resort Paris about 30 km east of the capital are unlikely to avoid .","Traveling you with children , is a visit to Disneyland Resort Paris about 30 km east of the capital hardly to avoid ."
To adopt a child without care is free because the costs are subsidized by the government .,Adopting a child out of foster care is free because the costs are subsidized by the government .
Stern further says that many of his colleagues had even less experience than himself and were in no way qualified for the job .,Stern said many of his colleagues were even less experienced and less prepared for the job than he was .
"Although Kuklinski did not kill anyone who could testify against him , he neglected in the elimination of his victims .","Although Kuklinski is claimed to have killed anyone who he thought might testify against him , he became sloppy regarding the disposal of his victims ' bodies ."
"When her underage son Christian IV became king in 1588 , she was given no place in the regency council in Denmark itself .","When his minor son became King Cristián IV in 1588 , it was accommodated in the Regency Council in Denmark itself ."
WHO ’s claim that this “ swine flu ” is spreading and a pandemic must be declared ignores the fundamental causes .,"WHO claims that this "" swine flu "" spreads and a pandemic must be declared that overlook the fundamental causes ."
"In addition , it is convenient not to overload the Plenary of the Assembly .","It was important , moreover , to avoid overburdening the plenary Assembly ."
"Similarly , an attacking army may also capture these garrisoned buildings by sending units into them and defeat its defenders in unseen hand - to - hand combat .","Similarly , an enemy army can also capture these garrison buildings by sending units to them and defeating their defenders in a hidden body combat ."
MacGyver can teach us many things we do n't want to know .,McGyver can teach us many things we dont want to know .
GLCs should not be used in applications for which high quality randomness is required .,LCGs should be chosen very carefully for applications where high - quality randomness is critical .
"The size and weight of U.S. mechanized firepower and equipment have grown in recent decades from increased air mobility requirements , particularly for large or heavy non - palletized outsize cargo .","In recent years the size and weight of the mechanized units of the United States have grown , which implies an increase in mobility requirements , particularly in the area of large or heavy loads ."
And narcissism is negative for society because people who think only of themselves and their own interests are not helpful to others .,And narcissism is bad for society because people who are only thinking of themselves and their own interests are less helpful to others . ”
"In the competition to achieve publication points and impact factor ( citations by other researchers ) , the everyday research is therefore neglected .","In the competition to achieve publication points and Impact Factor ( citations in from other researchers ) , everyday research is therefore often down - prioritized ."
EWA is thrown out on Manhattan 's relentless streets while the sister is put into quarantine .,Ewa is released onto the mean streets of Manhattan while her sister is quarantined .
"Originally , Roger Waters should sing the song , but he had some small problems with his voice tape after recording "" Shine On You Crazy Diamond "" , and David Gilmour would not sing it .","Roger Waters intended to record the part himself , but had strained his voice while recording "" Shine On You Crazy Diamond "" and David Gilmour declined to sing ."
UNHCR was working with the United Nations Population Fund ( UNFPA ) and the World Health Organization ( WHO ) to address the lack of reproductive health services in its activities .,"UNHCR currently cooperates with UNFPA and WHO , which complement UNHCR activities with reproductive health measures ."
The Lorentz transformation of the electric field of a moving charge into a non - moving observer 's reference frame results in the appearance of a mathematical term commonly called the magnetic field .,Lorentz 's transformation of the electric field of a moving load by an observer at rest in a reference system results in the appearance of a common mathematical term called a magnetic field .
"This effect can only be observed during an eclipse , since if not the brightness of the sun makes the stars invisible to the human eye .","This effect is noticeable only during eclipses , since otherwise the Sun 's brightness obscures the affected stars ."
"Tunisia passed a law against domestic violence , Saudi Arabia is finally allowing women to drive , Lebanon amended an unjust law linked to women ’s rape , Jordan appointed its first female Supreme Court judge .","Tunisia has adopted a law against domestic violence , Saudi Arabia finally lets women run car , Lebanon just changed a law of rape of women and Jordan appointed just his first female Supreme court ."
"As well we know , the consequences are often mindless violence and sexual and other exploitation of women , children and the weak .","As we all know , the consequences are often foolish violence and sexual exploitation and other types of women , children and weaknesses ."
"I wish to emphasize our appreciation for the tirelessness , consistency and integrity of the work of the Vice - Chairmen .",I want to emphasize our appreciation for the perseverant and consistent work that Vice - Presidents have executed with integrity .
"Except that after three years , as I was busy trying to drop the subtle hint that my ring size was 6 1/2 , he was busy cheating on me .","Apart from that after three years , when I was busy with a try a drop the subtle hint that my ring size was 6 1/2 , he was busy with a cheat on me ."
Particularly pay attention to the development of effective and riskless contraceptive technologies for men and women .,Particular attention should be given to the development of safe and effective contraceptive technologies for men and women .
"On 5 March 1995 , the IDF unsealed 12 houses in the Nablus area as a gesture of goodwill for the I d al - Fitr holiday .","On March 5 , 1995 , the FDIs returned to open 12 houses in the area of Naplus for the Festivity of the End of Ramadan as a gesture of good will ."
The play told the story of a young unmarried woman involved in a love triangle who becomes pregnant .,"The work told the story of a young single entangled in a love triangle , and that was pregnant ."
"In general , the territorial claims made beyond the parallel 60 have not been recognized by other countries .","In general , territorial claims below the 60 ° S parallel have only been recognised among those countries making claims in the area ."
The Rio Mayor Eduardo Paes : ' Olene is an unanswered opportunity for Brazil ',Rio mayor Eduardo Paes : ‘ The Olympics are a missed opportunity for Brazil ’
"To enter this world of untold riches and power , you need to beat the colossal giant stones carved in the likeness of the old Gods .","To get into this world of countless riches and power , you have to beat the colossal giant stones carved in the similarity of the old gods ."
"The Spanish , with their intramural allies , the "" old nobility "" entrenched in the mountain fastnesses behind Genoa , captured the city on May 30 , 1522 , and subjected the city to a merciless pillage .","The Spaniards , with their intramural allies and the "" nobility "" entrenched in the fortresses of the mountains behind Genoa , captured the city on May 30 , 1522 , submitting it to looting ."
"Its dispute with Oldenburg about whether it had filtered or not others the details of the escape of the clock designed by Hooke , has become another well - known example .",His dispute with Oldenburg about whether Oldenburg had leaked or passed on details of Hooke 's watch escapement to others is another well - known example .
"In the mid-1994 , the mixed missions of the United Nations and non - governmental organizations had managed to reach the boat only twice .",Only twice in mid-1994 were combined United Nations / NGO missions able to reach Sinoe by boat .
Such schemes are contrary to God 's plan .,and illusions that are in line with God 's plan .
"In episode 22 , it is revealed she has been kept in an incubator along with other children deemed unfit to pilot , looked after by Dr. Franxx .",Later it is revealed that it had been maintained in an incubator along with other children considered suitable for being piloted and served by Dr. Franxx .
"Like the Sten , and Austen , the Owen had a non - folding wire buttstock , but also had pistol grips .","Like the Sten , the owen has a fixed line of wire , but it also has a pistolete ."
"With such an active effect , the person again and again remains defenseless against the surrounding bacteria , which is perceived by the sebaceous glands as an alarm signal .","With such an active effect , the person again and again remains responsible against the surrounding bacteria , which are perceived by the sebaceous glands as an alarm signal ."
"Related Problem : Good morning , I have problems with my S2 - inadequate storage , you know how to correct this ?","Related Problem : Good Morning , I am having trouble with my S2 – Insufficient storage space do you know how to rectify this ?"
It does n't matter if your trade from Australia to the South Africa process is always the same .,Whether you 're trading from Australia to South Africa the process is always the same .
The detectives find the body of the waiter in the ventilation duct and discover that he does not have his uniform place and that Fenton put it on to leave the hotel without attracting attention .,Winn discovers the body of the employee stuck in the ventilation shaft and realizes that Fenton has left the hotel in the employee 's uniform .
"He also commented in retrospect that the officers of the French Guards had neglected their responsibilities in the period before the uprising , leaving the regiment too much to the control of its non - commissioned officers .","He also commented that the officers of the French Garden had overlooked their responsibilities during the period before the rebellion , left too much control of the regiment of its sub - officers ."
The first investigations were made by the travelers Theodore Bent which in 1884 on an unscientific show opened around 40 graves in two graves .,"The first excavations were those made by the traveller Theodore Bent in 1884 , who opened up some 40 graves in two cemeteries ."
Another element that may vary from state to state is whether or not a person can file for abandonment divorce if she knows the whereabouts of her partner .,Another element that can vary from state to state is whether a person can file for abandonment divorce if she knows the whereabouts of her partner .
The appeals interposed had not failed yet .,Appeals had been made and were still pending .
"The Doctor is left totally alone for the first time , and reflects on the other companions that have travelled with him and then left him , and his inability to return home .","The doctor remains completely only for the first time , and reminds all the other companions who have traveled with him and then they have left him ."
"The nodes may represent concepts , words , perceptual features , or nothing at all .","Nodes can represent concepts , words , or perceptual characteristics , among other things ."
"The game is also very animation complete , which often lacks in Indie platform players .","The game is also very animation complete , something that is often lacking in indie platformers ."
"Regarding global climate changes , evaluations contributed to the fact that it was the need to adopt new measures not contained in the United Nations Framework Convention on Climate Change .","For global climate change , the assessments contributed to agreement on the need for further measures beyond those contained in the United Nations Framework Convention on Climate Change ."
South Korea is not an oil producing country .,Example : Venezuela is an oil producing country .
"Thus , although mistakes may occur at trial , a reviewing court will none the less affirm a criminal conviction if it determines that the mistakes were harmless .","Thus , although errors may occur in a trial , an appeal court may confirm a condemnatory failure if it determines that the errors were intranscendent ."
"It is more than good if you want to spend good money buying a copy of a particular cat breed , which you are unlikely to find in a shelter .","It 's more than good if you want to spend good money buying a copy of a particular catsase , which you hardly want to find in a shelter ."
"However , this role was not yet enshrined : it depended rather on the abilities of the current Domestic , and other generals of inferior rank were sometimes entrusted with supreme command instead .","However , this role would depend to a large extent on its capabilities and the Supreme Command sometimes relied on other general level generals ."
A security guard found a suspicious black bag left unattended in a fast food outlet and placed it in a back room .,A security guard found an abandoned suspicious black bag at a fast food restaurant and took it to a room only for center workers .
"Jesus pointed this out to the scribe of the day in John 5 : 38 - 39 : “ His word has no place in you , for you do not believe the one he sent .","Jesus said in John 5:39 , “ You search the Scriptures , for in them you think you have eternal life ; and these are they which testify of Me . ”"
"After a period of three years , when a campaign was held , he did not get the necessary votes to be mayor in 2001 , losing before Jejomar Binay .","Following a three - year term , he ran an unsuccessful campaign for Mayor of Makati City in 2001 , losing to Jejomar Binay ."
"For you are sinners , unbelievers , and polytheists . ”",And you were haughty and heard the disbelief .
Except in their own minds .,"The source of these is only in the mind itself ,"
"In addition , you can build your own ( have not gotten there yet ) , and these you can also put in a joint bank , and sell them on .","You create them once , and you can sell them over and over again as they are downloaded ."
"4 and it is told you and you hear of it ; then you shall inquire diligently , and if it is true and certain that such an abominable thing has been done in Israel ,","4 And this has been told you and you have heard it and have examined it carefully , and see , the case is determined as Truth + - this abomination has been committed in Israel ! -"
Do n’t forget to keep your eyes open for celebs !,Remember to have your eyes open to celebrities !
Mr. HANSON ( Canada ) said that his delegation shared the discomfort expressed by the representative of Mexico .,Mr. Hanson ( Canada ) shares the concern expressed by the Delegation of Mexico .
""" This is new , it does n't just make me a better leader , but another better person .","“ This is new , it makes me not just a better manager but an even better person ."
"And the way he 's handled this whole thing is incredible , just the humility and yet the confidence with which he took the reins .","And the way he handled the whole thing is amazing , just humility and yet trust as he took the reins with ."
"Also , the game experiments with the concept of language in a video game , a feature uncommon in the industry , and necessitating the hiring of translators and teachers .","The videogame also experiences the inclusion of the concept of languages , an unusual feature in the videogame industry , which makes the hiring of translators and teachers necessary ."
"Is it more usable , or simply more on - trend ?","Is it more useful , or just more on trend ?"
This arrangement was upheld by the Imperial Diet at Regensburg in 1752 .,This agreement was approved by the Imperial Diet of Regensburg in 1752 .
The transistor was no more than a robust justifying electronic switch that replaced the much larger vacuum tubes of the day .,The transistor was nothing more than a solid state electronic switch that replaced the much larger vacuum tubes of the day .
In the UK the BBC refused to broadcast it .,"Among other things , British BBC 's interest in sending it ."
"Although there is no documentary trace of his stay there , several his compositions can be dated from this time ; They contain references that reasonably make a stay in Italy .",Several of his compositions can be dated to this period ; they contain colloquial references to Italy .
"Unlawful search of or intrusion into a citizen 's home is prohibited . ""","It is prohibited from registering the domicile of citizens or penetrating it illegally . """
"The guidelines are significant for their focus on young people as a broad category comprising various subgroups , rather than a single demographic entity .",The guidelines are important for the attention given to young people as a broad category composed of various subgroups instead of a single demographic entity .
"It was there where he first found Dirk Garthwaite ( also known as the Devolting , who was unbound at that time ) , Henry Camp , and Brian Philip Calusky .","It was there that he first encountered Dirk Garthwaite ( also known as the Wrecker , who was depowered at that time ) , Henry Camp , and Brian Philip Calusky ."
"Nevertheless , uneven S is sometimes shocked by the intricacies of the daily details involving doing such an operation .",Yet even intrepid entrepreneurs are sometimes shocked by the intricacies of the day - to - day details involving in running such an operation .
Do not wear tightly fitting headwear,Use of bra 's which is for loose
"The unwavering efforts of Syrian doctors to save lives in these circumstances is deeply inspiring , but the situation that has led to this is totally outrageous . ”","The continuous attempts of the Syrian doctor 's continuous attempt to save lives under these circumstances are deeply inspiring , but the situation that has resulted in this is completely scandalous ."
"He can not stop formulating , once again , his approval for the purpose of apartheid in South Africa and by the establishment of a democratic government in that country .","It would also like to express , once again , its satisfaction at the end of apartheid in South Africa and at the establishment of a democratic Government in that country ."
"Social status was crucial for which society role you had and society was probably primarily divided by rank , not gender .","Social status was crucial to the role one played and the society was likely divided primarily by rank , rather than gender ."
Is there really children who do n't ?,Are there any children who do not ?
"With unprecedented access to all six players , The Class of ' 92 provides new insights about each individual and this special period in British soccer .","With free access to all six players , The Class of ' 92 new and unique insight , both in their individual life and in this very special period in British football ."
"Almost everyone gets rapidly rid of their "" positive "" symptoms ( delusions , unreal sensory experiences ) , what sits farthest in are the so - called negative symptoms ( energy loss , social insulation O.S.V. ) .","Almost all are quickly rid of their “ positive ” symptoms ( delusions , hallucinations ) ; what remains longer are the so - called negative symptom ( loss of energy , social isolation , etc . ) ."
Unresolved physics problems : What is dark matter ?,Dark matter : What is the identity of dark matter ?
"The former Minister of Human Rights of Latvia , who better than no one could understand the situation , was the one who admitted that massive human rights violations were taking place .","It was the former Minister for Human Rights of Latvia , who was better placed than anyone to understand the situation , who had admitted that massive human rights violations were taking place ."
"The origin of hubal is unclear , but the name is found in inscriptions in the neighboring area in northern Arabia ( over the area of what today is Syria and Iraq ) .","The origins of the cult of Hubal are uncertain , but the name is found in inscriptions from Nabataea in northern Arabia ( across the territory of modern Syria and Iraq ) ."
"Unfortunately , for reasons well known to all , these negotiations have not yet begun .","Unfortunately , for reasons known to all , such negotiations have yet to get under way ."
( f ) Inadequate attention to an integrated approach to the provision and management of infrastructure services for environmental improvements to living conditions ;,f ) Insufficient care lending to the application of an integrated approach to the benefit and management of infrastructure services to improve living conditions from the environmental point of view ;
"For example , telephone polls have an inherent margin of error since in many eras and places , those who had telephone were richer than those who did not have .","For example , telephone sampling has a built - in error because in many times and places , those with telephones have generally been richer than those without ."
"On matters of industrial strategy and international competition , there ’s no contrast starker than that between the hapless resignation of Europe and the steely determination of China .","When it comes to business strategy and international competition , there is hardly any more striking contrast than between Europe 's scammed resignation and China 's resolute determination ."
"Attributing the need to relocate the headquarters to the incident itself is , therefore , totally untrue .","Therefore , attribute the need to move the headquarters to the incident itself is totally false ."
"But when he was found by fifteen , Duncan has no other option that confront him and at the end of the first SLAN episode is defeated and Duncan has to return to the game once again .","Now hunted by Quince , he had to face him , and by the end of the first episode , Slan was defeated and Duncan clearly caught up in The Game again ."
"But despite the fact that the workers in human age has been taxing voluntarily and at forced taxation , they own none of the many factories .","In spite of the fact that the workers have allowed themselves to be voluntarily and forcibly taxed for a generation , they still do n’t own any of the many factories ."
"The protesters were repressed early the next day , and Hu asked Beijing to declare martial law on March 8 . Hu role was never clear in the demonstrations and disturbances of March 5 .","The protesters were suppressed early into the next day , and Hu asked Beijing to declare martial law on 8 March ."
You always keep the right to choose or do not choose any of the treatments suggested .,You always have the right to choose or refuse any of the treatments suggested .
Study of Singanhoe is considered to be the first research text that provides an unbiased view of Singanhoe .,It is considered the first impartial research on Singanhoe .
Pariah 's unorthodox experiments to view the creation of the Universe result in the Anti - Monitor learning of the existence of his Earth and destroying it with waves of anti - matter .,Little orthodox kell experiments to see the creation of the universe caused the knowledge of the antimonitor of the existence of the land of Kell and its destruction with waves of antimatter .
"As to the hypothesis that Paul distorted rather than developed the faith , this depends upon a judgment as to wherein lies the right path .","As for the hypothesis that Paul distorted instead of developing faith , this depends on a trial that is the right path ."
"There will always be an employer ( and / or the university , for example , issued a doctorate ) who has a session authority if there is no speaking of an actual criminal act .","The authority to implement sanctions will always be held by the employer ( and/or the university or other institution that has conferred a doctoral degree , for example ) , unless the case involves an actual criminal offence ."
"Except at harvest - time , when self - preservation enjoins a temporary truce , the Pathan tribes are always engaged in private or public war .","With the exception of the harvest season , when self - preservation requires a temporary ceasefire , the patan tribes are always preoccupied with private or public war ."
"J.A. : The central points are : a concern about the absence of due process guarantees , a concern about the use of the issue of sovereignty as a form of violation of rights .","YES . : The central point is now : a concern for the loss of correct procedures and guarantees , a concern about the use of the concept of sovereignty as a form of violation of rights ."
"Ting is another inexpensive option and according to their site , the average Ting bill is just $ 23 per phone , per month .","Things are another cheap option , and according to their website , the average thing - bill is only $ 23 per phone , per month ."
"In particular , is this acceptance been demonstrated by the fact that non - nuclear - weapon States considered necessary to obtain these guarantees ?","In particular , was such an acquiescence demonstrated by the fact that the NNWS thought it necessary to obtain such assurances ?"
"For reasons of safety for our users , our employees , the Internet in general as well as you as security reserves , the following test types are not included :","In the interest of the safety of our customers , staff , the Internet at large and you as a security researcher , the following test types are excluded from scope :"
MTV refused to air the video .,MTV Europe did and keep the air on the video .
""" Yes , [ Mark and I ] talked about it as possible , to achieve , but it never came to the stage , which , let 's do it .",""" Yeah , [ Mark and I ] talked about it as a possibility , absolutely , but it has n’t got to the stage of like , “ Let ’s do it . ”"
"The sculptors and painters of ancient Greece did not have much appreciation , carried out between free men and slaves , their work was considered a mere labor .","In ancient Greece sculptors and painters were held in low regard , somewhere between freemen and slaves , their work regarded as mere manual labour ."
"The implementation uses secure hashes rather than ciphers , to avoid cryptography export restrictions that were in place when the generator was originally designed .","The implementation uses Hashes safe instead of encryption , as needed to avoid legal restrictions that existed when the algorithm was originally designed ."
"In 2015 , Sen. Al Franken introduced legislation to ban noncompete clauses for low - wage workers .","In 2015 , Sen. Al Franken introduced legislation to ban competition rules for low - wage workers ."
"Despite his participation to the Cultural Revolution , his role in removing the Gang of Four earned him a powerless position in the Central Advisory Commission .","Despite his participation in the cultural revolution , his role in the elimination of the band of the four earned him a position of power within the Central Counseling Commission ."
Several political parties have been formed with the approval of the Government but have not yet shown interest in defending alternatives to government policy .,Several political parties have been formed with government approval but have yet to show interest in advocating alternatives to government policy .
Nor can we forget that this disorder affects children and a good part of our young population .,We should also remember that this disorder affects children and a good part of our young population .
"Picciotto himself does n't recognize the attribution of having "" created "" emo .","Picciotto has opposed the attribution of having "" created "" the emo ."
"However , the environmental part lacked from the proposed indicators .","However , the environmental component was missing from the suggested indicators ."
"Ocular lymphomatosis causes lymphocyte infiltration of the iris ( making the iris turn grey ) , unequal size of the pupils , and blindness .","Ocular lymphomatosis causes the infiltration of lymphocytes in the iris ( causing the iris to take a gray tone ) , anisocoria , and blindness ."
"Despite the declaration by the Irish government that participation in the war was unwelcome and ill - advised , 700 of O'Duffy 's followers went to Spain .","Despite the declaration of illegality of the participation of Irish in the War of Spain carried out by the Ireland 's own authorities , approximately 700 followers of O'Duffy arrived in the Iberian country ."
""" I think I 've decided that there is no different everything else in my life , I 'm going to be quick and loose about children , "" she told Yahoo !","“ I think I ’ve decided that unlike everything else in my life , I ’m going to be fast and loose about kids , ” she revealed to Yahoo !"
"The degree of independence of these institutions depends upon national law , and best practice requires a constitutional or statutory basis rather than ( for example ) a presidential decree .","The degree of independence of the institutions depends on national legislation , and the best practice requires a constitutional or legal basis instead of ( for example ) a presidential decree ."
"However , if you`re just curious , then read this article to get informed on ways to prevent this from happening …","But if you are just curious , then read this article to be informed about how to avoid this ..."
"Bouterse declared in 2005 that in December 1982 he did not participate in a decision that was taken by the commander of the Battalion Paul Bhagwandas , died in 1996 .","In 2000 he stated that the decision for these killings was made by the commander of the battalion , Paul Bhagwandas , who died in 1996 ."
The Government has initiated cleaning and reconstruction activities without delay .,The Government has undertaken immediate cleaning and reconstruction efforts .
It was planned to record a video for the song but the problems between Kim and Cent provoked that this will not be done .,"A video was scheduled to be shot , but problems between Lil ' Kim and 50 Cent caused the shoot to be canceled ."
"It struck me that I was n't just married to my best friend , but also a remarkable and especially man . »","It hit me that not only am I married to my very best friend , but to a truly remarkable , special human being . """
"However , a fiber optic cable circuit is retained for traffic that does not admit delays and as a reservation equipment in case of satellite network failure .","However , a single fibre - optic cable link will be retained to carry delay sensitive traffic and act as a backup to the satellite network ."
"This military doctrine reflects that in the future , military operations will be merged into joint operations rather than take place in separate battlespaces under the domain of individual armed services .","This military doctrine reflects that in the future , military operations will be merged into joint operations , instead of taking place in separate battle spaces , under the domain of individual armed services ."
People usually inappropriate and billatelect the sacred symbols of your religion,People Do n’t Usually Appropriate and Trivialize Sacred Symbols of Your Religion
"From the scientific point of view , virtually no material can remain in its original state when more than half of its properties have been replaced with other different ones .","From a scientific point of view , any matériel can hardly remain in its original state when more than half of its properties are replaced by alien properties ."
"When he was 78 years old , King Chungnyeol Il - Yeon offered a position and rank as a national prophet , something he would not accept .","When he was seventy - eight , King Chungnyeol offered him a position of rank and tried to make him National Preceptor , but Iryeon declined ."
"He likes to say hello to his friends saying "" Nyanpasū "" , a meaningless phrase .","She likes to greet her friends by saying "" Nyanpasū "" ( Meow - ning ) , a nonsensical phrase , and she plays the recorder ."
Status Monitor automatically shuts off after 5 minutes if it does not,The Status Monitor automatically shuts down after 5 minutes if it is
"I could n't face some of my friends at school anymore , because I desperately wanted to have the classic , you know , typical family .","I was ashamed to compare me with my friends from school , because I longed to belong to that kind of classical family , a typical family ."
"The electric force between charges conveys all physical interaction , regardless of scale .","The electric force between charges mediates all physical interactions , irrespective of scale ."
"The Chairman proposes that the Committee impossible for the decision of whether or not it maintains the word "" violation "" , a question that can be clarified in accordance with the debate .",The CHAIRPERSON suggested that the Committee should defer a decision on whether to retain the term “ violation ” ; the issue might become clear as the discussion proceeded .
"In 1988 , there were two mother - tongue speakers , but they had not met since the 1970s .","In 1988 there were still two speakers of Municiphe as a mother tongue , but had been seen since the 1970s ."
"Regardless of the reason for Gary 's absence , the fact is that he was absent when IBM rang his doorbell that summer morning in 1980 .","Whatever the reason for Gary 's absence , the fact that he was absent when IBM called his doorbell in the summer morning in 1980 ."
"“ Right from the beginning , BP was either lying or grossly incompetent , ” Markey told NBC ’s “ Meet the Press ” program .","& quot;This shows that BP , from the very beginning , has either lied or been completely incompetent,&quot ; Markey told the NBC program & quot;Meet the Press&quot ; on Sunday ."
"Sure , it&#39;s school today , but he&#39;s not near the classroom .","It 's a school day , sure , but he 's nowhere near the classroom ."
"For the US government , in the first place it was valuable as a passage on the road to minerals , then as potentially mineral - rich in itself , and then being abandoned when it was considered worthless .","For the US government it was first valuable as a route to minerals , then as potentially mineral - rich itself , then abandoned when found to be apparently barren ."
"The album opens with the piano - driven "" I Did n't See It Coming , "" which features the airy vocals of multi - instrumentalist Sarah Martin .","Write About Love opens with & quot;I Didn&#39;t See It Coming&quot ; , driven by multi - instrumentalist Sarah Martin&#39;s airy vocals ."
"One set of regulations on top of another , their tacit repeal , gaps in the statutes and an inadequate legislative technique are the basic features .","The superposition of standards , their tacit repeal , regulatory lagoons and poor legislative technique , are their essential characteristics ."
Both Hong Kong and Singapore – key models for Beijing – neatly graduated from a vicious trade circle to first - class global cities .,Both Hong Kong and Singapore - important models for Beijing - have in an excellent way to rise from this trading circle to first - class world cities .
"Ethiopian women , who have just had a long and bloody war , know it well : without peace can not exist development or social equality for women .","The women of Ethiopia , having recently emerged from a prolonged and devastating war , were well aware of the importance of peace to their development and social equality ."
It is not bad to have a home office .,That is the disadvantage of having a home office .
That 's in no small part thanks to the Church of Scientology .,That is largely thanks to the Church of Scientology .
There can be no progress in the peace process without the eradication of the terrorist infrastructure and close cooperation between the Palestinian Authority and Israel in security matters .,"For the peace process to advance , the terrorist infrastructure and the Palestinian Authority and Israel must be cooperated closely on security issues ."
"Although the family has remained incredible mom is the word on the situation , Jay Z broke his silence in 2017 to share that he and solange have really moved on .","Although the family has remained incredibly mum 's the word on the situation , Jay Z broke his silence in 2017 to share that he and Solange truly have moved on ."
"In any case , the files are currently in such an unsystematic state that it is difficult to find specific documents , let alone groups of documents .","In any case , the files are currently so messy that it is difficult to find certain documents , much less groups of documents ."
"( What if they claim like him ; that there were no threats , but only well - meaning warnings ? )","Luckily for him , they ( apparently ) let him off with only a warning ."
"After finding Chloe still alive , Lois is forced to enroll at the Smallville Institute to complete the credits he had not been able to approve .","After finding Chloe still alive , Lois is forced to enroll in Smallville High to complete the remaining credits of high school she failed to achieve ."
No : it may in its consequence affect every freeman that lives under a British government on the main of America .,"In its consequence , it may affect any free man living under a British government in the entirety of America ."
"Whatever the underlying issue , the apostle Paul was indignant about its effect .","No matter what question was based , the apostle Paul was upset about the impact it had ."
The child in the crib in Bethlehem was no other than God 's eternal word .,The baby in the manger at Bethlehem was none other than the eternal Word of God .
"This blank authorization for unknown , routine searches in an entry port ends when CBP decides to carry out a more invasive procedure , such as a cavity search .","This blanket authority for warrantless , routine searches at a port of entry ends when CBP decides to undertake a more invasive procedure , such as a body cavity search ."
Would you give by yourself in such a selfless way ?,Would you have been willing to give of yourself in such an altruistic way ?
"Unfortunately , because of intransigence and attitude of rejection of the Taliban Group and its exclusive confidence in the military option , the conflict has not yet been over .","Unfortunately , owing to the Taliban 's intransigent and rejectionist attitude and their reliance on an exclusively military option , the conflict is yet to cease ."
""" Upheavals and revolutions in the Middle East have commenced an era of real political change that is still unfolding .",""" Rebellions and revolutions in the Middle East have started an era of political change that is still en route ."
"I would like to say how impressed I have been with Emma Belgum and her never ending patience , humour and professionalism in dealing over the past year in our complex , time consuming , and sometimes frustrating case .","I would like to say how impressed I have been with Emma Belgum , and her disoduated patience , humor and professionalism over the past year when she handled our complex , time consuming and sometimes frustrating cause ."
"Chronicle ( powerless power in Latin America ) is a sci - fi film 2012 directed by Josh Trank and written by Max Landis , based on a story pergated by both .",Chronicle is a 2012 American found footage superhero science - fiction thriller film directed by Josh Trank and written by Max Landis based on a story by both .
""" I 'm convinced in my heart and my mind that if the United States is unable to stand with Israel , it 's the end of the United States . . .","” I am convinced in my heart and in my mind that if the United States fails to stand with Israel , that is the end of the United States . . ."
"The second part takes place on the usual lands of Vangelis , its lustrous sound landscapes and sweet melodies , although without losing at any time the main climate that the theme of the film demands .","The second part moves into more familiar Vangelis territory , with lush electronic soundscapes and sweet melodies , yet still well in keeping with the movie 's themes ."
"The relevant rules came into force in the EU as early as on 3 July 2016 , but one should not expect entry into force in Norwegian law until 2018 at the earliest .","The relevant rules came into effect in the EU already 3 July 2016 , but there is hardly reason to expect into force in Norwegian right before the earliest in 2018 ."
"( e ) Croatia should reaffirm its support for and take necessary measures to guarantee human rights for all its citizens , irrespective of ethnic origin .","e ) Croatia must reaffirm their support for human rights and adopt the necessary measures to guarantee their exercise to all citizens , regardless of their ethnic origin ."
"But what are the properties of it , -- the fruits which are inseparable from it ?",Of course there is fertile ground ; but what about those who already own it ?
"Several delegations had expressed support for the use of market exchange rates and , where that was not practical , of price - adjusted rates of exchange .","Several delegations have declared partisons of using market exchange rates and , where appropriate , exchange rates depending on prices ."
A rationalist approach to luck includes the application of the rules of probability and an avoidance of unscientific beliefs .,A rationalist approach to luck includes the application of probability laws and the circumvention of acientific beliefs .
"Conclusion Huawei MediaPad M5 is a fairly successful tablet , which can compete well with Apple&#39;s iPad , if you are not already too good inside their ecosystem .","Huawei MediaPad M5 is a rather successful tablet that can compete with Apple ’s iPad , unless you are already emersed in their ecosystem ."
"With the support of the indigenous local African tribes , Firmus obliged Theodosius to a bloody and hopeless campaign in which Igilgili region was devastated for a couple of years .","With the help of indigenous African tribes , Firmo forced Teodosius to carry out a bloody and desperate campaign ."
"None the less , it should be considered carefully ; that could be done when the Committee met in July .","That measure requires an exhaustive examination , which could be done when the Committee meets in July ."
"His feint having failed , Hannibal was forced to retreat south and Capua unrelieved fell to the Romans shortly afterwards .","His attempt had failed , Hannibal was forced to retreat south and Capua fell to the Romans shortly afterwards ."
"The Instamatic is a series of inexpensive , easy - to - load 126 and 110 cameras made by Kodak beginning in 1963 .","The instamatic are a series of economic 126 and 110 chambers and easy to carry , manufactured by Kodak at the beginning of 1963 ."
"A total boycott of "" collaborationists "" was required and residents were urged that they would not sell homes or evict them if they had been rented .","A total boycott of "" collaborators "" was called for and residents who sold or were renting homes to them were urged to evict them from the premises ."
"However , while the favourable developments that have been universally welcomed are unfolding , there remain several factors which tend to retard peace and security .","However , while developing favorable events that have been received with universal approval , several factors that tend to hinder peace and security persist ."
How the benefits came to be - and to be so incredible,How the benefits came to be - and to be so loathed
"At the death of Carlos III , the Cortijo fell into decline , not showing his son , Carlos IV , interest in agricultural possessions .","After the death of Carlos III , the Cortijo fell into decay , as his son , Carlos IV , showed little interest in agriculture ."
"And if he is such a , you know , martyr for free speech , why does WikiLeaks never publish anything that comes from Russia ? »","“ And if he ’s such a , you know , martyr of free speech , why does n’t WikiLeaks ever publish anything coming out of Russia ? ” she added ."
Ranking hands that do not contain at least one pair determined by the highest rated card .,The rank of hands containing less than one pair is determined by the highest ranking card .
"Is it not ( the case ) that every time they make a Covenant , some party among them throw it aside?-","Should it be that every time they end a deal , there are part of those who break it ?"
"Without the political struggle to mobilize the working class on an internationally socialist basis , every struggle forces of democratic rights to a danger .","Outside of the political fight to mobilize the working class on an international socialist basis , any struggle for defending democratic rights devolves into farce ."
It was in September last year that Telenor removed the speed limitation on its mobile subscriptions and activated unlimited speed for all of its mobile customers .,"In September last year , Telenor was removed speed limitation in mobile subscriptions and turned on free speed for all their mobile customers ."
"As its more famous half brother , George did not know his father .","And like his half brother , George hardly knew his father ."
"While they are not very powerful in Sudan , they politically dominate Chad .","Despite its modest number , the Zaghawa dominates politically in Chad ."
"The name with which it is known in the medieval West is , without a doubt , the result of corruption or simplification of the pronunciation of an Arab name .",The name by which he was known in the medieval west is most likely the result of a corruption or simplification of the true pronunciation of the Arabic name .
The Iranian regime has also intimidated international inspectors into not using the full inspection authorities that the agreement calls for .,"- The Iranian regime has also frightened international inspectors from carrying out full inspections , as the agreement requests ."
You can test out all these options without risk in our free blackjack games on our site .,You can test out all these options risk - free in our free blackjack games on our site .
Could they understand what was good and evil when they had not yet eaten by the fruit that gives knowledge of good and evil ?,Was it true that they would know good and evil when they ate of the fruit of the tree of knowledge of good and evil ?
"Still , Bezos ’ acquisition exposes the obscene sums spent by the ultra - wealthy on luxury real estate in contrast to the abysmal housing conditions for masses of working people .","Nevertheless , Bezos ' procurement reveals the obscene sums that the ultra - rich spend on luxury properties , contrast to the miserable residential conditions for the masses of working people ."
"The Tallinn authorities refuse to issue these people even with residence permits , stating that they are a threat to the security of the State .","The Tallinn authorities are even refreshing to grant these people residence permits , declaring that they constitute a threat to state security ."
"Because of regular advice , many are not yet to install a CO2 regulator or a system inside the aquarium or aquarium .","Against regular advice , many people are yet to install a CO2 regulator or system inside the fish tank or aquarium ."
"They also tried back to Broadway with a magazine , Pardon Our French , but the show was not successful , so both were partially withdrawn .","They attempted to make a comeback with one last Broadway revue , Pardon Our French , but the show failed to catch fire and they entered semi - retirement ."
He finished the year with another fight without the title in a game in front of Fermin Chirino winning by decision .,"Jones finished the year with another win , beating Fermin Chirino by decision ."
""" This matter is unrelated to recent media reporting regarding the digital currency Bitcoin . ""","This case is related to the latest media reporting on the digital currency Bitcoin . """
"These are not family names , it 's just that the name is in two parts .","The cultural names are composite names , that is , they consist of two parts ."
Everyone ca n't be James Hetfield .,Everybody wants to be James Hetfield .
"In 1995 , UNHCR also financed two other local non - governmental organizations , namely : Zena 21 and Ruhama .","Two further local NGOs , Zena 21 and Ruhama , were being funded by UNHCR in 1995 ."
"It is the accompaniment of the Holy Spirit of God that prepares the workers , both men and women , to become pastors unto the flock of God . ”","& quot;It is the accompaniment of God&#39;s Holy Spirit that prepares workers , both men and women , to be pastors of God&#39;s flock.&quot ;"
"For example , the previous month , more than 18,000 tons of assistance passed without difficulties by the areas controlled by the Bosnia Croats .","In the last month , for instance , over 18,000 tons of aid has passed freely through the Bosnian Croat controlled areas ."
"When the events that Lucas recounts begin , Zechariah had no children because Isabel was sterile and both were older ( Luke 1 : 5 - 7 ) .","When the events related in Luke began , their marriage was still childless , because Elizabeth was "" barren "" , and they were both "" well advanced in years "" ( Luke 1:5–7 ) ."
"In addition , the privatization process has received legal protection according to the 1991 Decree for the Protection of Economic Reforms , so that it can not be disposed of in the future .","Further , the process of privatization has been given legal protection against future reversal under the Protection of Economic Reforms Ordinance , 1991 ."
"However , if the fundamental causes of the forced displacements of the population and refugee flows are not attacked , this approach will be condemned to failure .","However , failure to address the root causes of forced population displacement and refugee outflows doomed such an approach to failure ."
"To put it plainly — we will soon witness the development of a world trade policy , supervised by a super secretary invested with unprecedented powers by all nations involved in international trade .","To put it simply - we will soon witness how a world&#39;s trade policy is being developed , overseen by a super - secretary , endowed with extraordinary authority by all countries engaged in international trade ."
"Without a doubt , any firm which has been successfully functioning since 1997 is indeed doing something right .",Any successful company that has been in operation since 1997 must clearly do something right .
"While they were looking for a way of going to never to rescue Emma , Henry and the others , Neal and Mulan find Robin at Rumplestilttskin 's castle .","Whilst looking for a globe belonging to Rumplestiltskin , Neal and Mulan encounter Robin Hood in Rumplestiltskin 's castle ."
"Most ( but not all ) of the usual magic chess pieces , fall into one of the three categories , although it should be noted that some pieces are hybrid .","Fairy chess pieces usually fall into one of three classes , although some are hybrids ."
"An unsolicited theme song was recorded for the James Bond movie The Man with the Golden Gun , but a different song of the same name by Lulu was chosen instead .","The band recorded a song for the film the golden gun of the secret agent series James Bond , but a different song with the same name of the Lulu singer was finally chosen ."
"It 's not the alcohol that speaks , is it ?","That was the alcohol talking , right ?"
84 % of job seekers make this novice wrong - and it is completely unnecessary,84 % of Job Seekers Make This Rookie Mistake — And It ’s Totally Avoidable
He announced that he had asked the YPG to withdraw to the West of the Euphrates – an area which includes Manbij – failing which Washington would cease all support for the Kurds .,He announced that he had asked YPG about withdraw from west of Euphrates - an area that included Manjib - otherwise Washington would end with all the support for the Kurds .
The land for Seminole was donated by nonresident landowners to become the county seat for Gaines County .,Land for Seminole was donated by the country owner second site for it to be County Seat ' for the Gylk .
"It is unanimous , between the left and right , that Venezuela ’s economy is much too dependent on oil and must be diversified .","Everyone agrees , both the right side and the left , that Venezuela 's economy is far too dependent on oil , and must be more diverse ."
There are many non - governmental organizations that have taken original initiatives in the same sphere .,"In this fight against child prostitution , original initiatives have come from very many NGOs ."
This inevitably brought about a change to the city 's ethnic and linguistic composition as well .,This led to a change of the city 's ethnic and linguistic composition as well .
"For example , an 1853 law required universal vaccination against smallpox in England and Wales , with fines levied on people who did not comply .","In 1835 , however , a new law in England and Wales was introduced , which set an end to baiting where animals entered into ."
"For two , when you are a good deal of this consumption , an upset stomach will probably prevent more progress .","For two , when you are a good chunk of the way through that consumption , an upset stomach would likely impede any more progress ."
"His dramatic music for Medici weddings and Florentine carnivals is lost but his surviving madrigals ( 1594 , 1598 ) and sacred works are of high quality though not notably progressive .","Batis dramatic music written for the medici weddings and for the carnival in Florence is lost , but preserved Madrigals ( 1594 and 1598 ) and church musical works show that he wrote high quality music ."
"Therefore , it can be dangerous to play football on a gravel path if you do not have the right type of shoe .",Or you 've got turf toe on one foot so you can only wear certain types of shoes now .
"It was also unfashionable , since most countries were switching to a 7 or 8 mm cartridge firing a lighter , around 150 grains ( 9.7 g ) , spitzer pointed bullet at a higher velocity .","It was also obsolete , since most countries were adopting 7 or 8 mm cartridges that mounted spitzer light bullets of about 9.7 g ( 150 grains ) and alcazaban high speeds when firing ."
"The DBRS9 is open to customers through Aston Martin Racing and Prodrive at a price of approximately £ 175,000 without optional extras and taxes .","The DBRS9 is open to customers through Aston Martin Racing and Prodrive at an approximate price of £ 175,000 ."
Having these apps on Priv by BlackBerry can help a business owner to keep an eye on their business from anywhere - even if they are not in the city on business .,Having these apps on Priv by BlackBerry can help a business owner to keep a close eye on their business from anywhere – even while out of town on business .
Joe never returns and Parker spends the night alone on the loose cable .,Parker lasts the night again on the chairlift alone .
"It 's like that I want to live my life , fearless !",That is how I want to live my life … .UNDAUNTED !
What if we do n't motivate ourselves at a certain time ?,What if we fail to motivate ourselves at a certain point ?
"However , it could have been built in 1503 when Sultan Bayezid II considered building a bridge on the gold horn and not called for anyone other than Leonard de Vinci to design it .","However , it could have been built in 1503 , when Sultan Bayezid II was considering building a bridge on the Golden Horn and solicited none other than Leonard de Vinci to design it ."
"No national movement in the Middle East , Africa or Asia has managed to solve the basic social , economic and political problems confronting the mass of working people .","Every national movement in the Middle East , Africa and Asia has failed to resolve the fundamental social , economic and political problems confronting the mass of working people ."
The stud owner will not house the bitch .,The owner will let Tispa be .
Williams plays a professional who specializes in editing the memories of unsavory people into uncritical memorials that are played at funerals .,Williams interprets a professional who specializes in the edition of those memories of people to make acrytic memorials that are shown in funerals .
"They asked manager Phil Harvey to not refer such offers to them because "" a discussion might lead to compromise "" .","They asked their Manager Phil Harvey to ignore those notices , since "" a dialogue can lead to a commitment "" ."
His area of concern is mostly on untold stories of Iranian youth generation and their underground lifestyle .,His area of interest are mainly the countless stories of young Iranian generations and their lifestyle .
A treaty towards this end would greatly strengthen the non - proliferation Treaty and would contribute significantly towards the limitation of the spread of nuclear weapons .,A treaty to that end would greatly strengthen TNP and contribute significantly to limit the expansion of nuclear weapons .
"None the less , 17 UNTAC staff have been injured because of mines or other types of ordnance since the beginning of the mission , and numerous Cambodians continue to suffer injuries .","However , 17 APronuc staff members have suffered injuries due to mines or other types of explosive artifices from the initiation of the mission and numerous Cambodians continue to suffer injuries ."
"Often when you incarnate you come together with souls you have known in previous lives and the reason for that is that you probably have unresolved things between you , which you need to meet again .","Often when you incarnate you are placed with souls you have known in previous lives , and it is for the reason that you are likely to have issues between you that need facing again ."
"In the aftermath , there is no doubt that both the theme and the event itself were very successful .","In retrospectus , there is little doubt that both the theme and the event itself was very successful ."
Needless to say : Disclaims occur .,Sure tings : there will be upsets .
"The following year , the La Condomina stadium was opened , with the club holding home games there for the next 82 years uninterrupted .","In 1924 , the Condomina stadium was inaugurated , in which the club disputed its parties for 82 years ."
"In this type of case , it is not clear whether it is the tone , type of sonority or combination of both , which is used as a phonological contrast .","In such cases , it can be unclear whether it is the tone , the voicing type , or the pairing of the two that is being used for phonemic contrast ."
They are unlawful and they will remain as such .,They are currently illiterate and thus they should stay .
All what is unclear should one day become light .,Everything that is opaque will one day become light .
"Here are the statistics for all opponents in Group D , while England has never played on a World Cup .","Here are the statistics for all opponents in Group C , where Japan has ever played in a World Cup ."
There are indeed untold riches here .,"Here , among other things , rich noble forests ."
"But a number of Bible translators have not translated the latest words in John 1 : 1 With "" the word was God "" .","But a series of Bible translators have translated the last words in John 1 : 1 with "" the Word was God . """
Spice models from other manufacturers are available without difficulty on the Internet .,Method lists for manufacturers instruments are readily available on their websites .
Free oil at and around the terminal has now been collected and heavy machinery is being de - mobilised .,The free oil on and around the terminal is now collected and heavy machinery used are now demobilized .
"It says , “ He casts no slur on his fellowman … . but honors those who fear the Lord . ”","Here it is explicitly said that only they will live with the Lord "" who looks with disorder on the godless , but who honors those who fear the Lord "" ."
""" I have in my possession approximately 67 grams of ricin with which I will indiscriminately target at least five of your clients . ""","I have accessed 67 grams of Ricin , which I will use to attack at least five of your guests "" ."
"En route to the Emerald City , Theodora falls in love with Oscar though he does not reciprocate her feelings .","On the way to the Emerald city , theodora falls in love with him , even though he only pretends to correspond to his feelings ."
"It does not matter what the initial value of the coupling is , if it is large enough to reach the fixed command value , and then the corresponding masses of the quarks are predicted .","No matter what the initial starting value of the coupling is , if it is sufficiently large it will reach this fixed point value , and the corresponding quark mass is predicted ."
"There are few references to servants in Babylon , unless the Mushkenu was not a servant himself .","There is little trace of serfs in Babylonia , unless the mushkenu is really a serf ."
"Between January 1974 and mid-1985 , 6,572 Argentines immigrated to Australia and most are assisted immigrants rather than political refugees .","Between January 1974 and mid-1985 , 6,572 Argentines emigrated to Australia and most were political refugees ."
An additional problem is to incorporate economies that are not part of the WTO in the main current of international business relations .,An additional challenge is that of incorporating economies outside the WTO into the mainstream of international trade relations .
One speaker also noted that the housing sector was not included in the recent report of the World Bank on emergency assistance .,One also noted that the housing sector was missing from the recently issued World Bank emergency assistance report .
What do most men do when they meet a woman they really like - when she is not very interested ?,What do most guys do when they meet a woman that they REALLY like … but she ’s just notinterested ?
