original_sentence,perturb_n1,perturb_n2,perturb_n3
"For those using Jade, what are the cons and pros of Jade over HTML in production environment?","For those using Jade, what are the cons and pros of Jade over HTML in output environment?","For those employ Jade, what are the cons and pros of Jade over html in production environment?","For those using Jade, what are the cons and pro of plug over hypertext mark up language in production environment?"
Can a person be in love with two persons at a same time?,Can a person be in love with two person at a same time?,bathroom a person be in love with two someone at a same time?,posterior a person be in love with ii individual at a same time?
"Someone is trying to kill me, what should I do?","Someone is sample to kill me, what should I do?","somebody is assay to kill me, what should I do?","individual is stress to kill me, what should one do?"
What is the best toner cartridge for printing?,What is the just toner cartridge for printing?,What is the scoop toner magazine for printing?,What is the serious toner magazine for printing?
What is the difference between an empire and a dynasty?,What is the difference between an conglomerate and a dynasty?,What is the remainder between an conglomerate and a dynasty?,What is the departure between an imperium and a dynasty?
What are some best short stories?,What are some best shortstop stories?,What are some beneficial curtly stories?,What are some c h best curtly stories?
How can I pursue Law after BE in Bangalore?,How can unity pursue Law after BE in Bangalore?,How can iodin pursue law of nature after BE in Bangalore?,How can iodine engage Law after live in Bangalore?
"Aside from the fact anyone can edit, how reliable as an information tool is wikipedia?","Aside from the fact anyone can edit, how honest as an information tool is wikipedia?","Aside from the fact anyone can edit, how reliable as an entropy joyride is wikipedia?","Aside from the fact anyone can edit, how true as an info shaft is wikipedia?"
What are the steps in solving programming problems?,What are the footprint in solving programming problems?,What are the steps in work programme problems?,What are the footfall in clear program problems?
What should I study for LIC AAO interview?,What should single study for LIC AAO interview?,What should unity work for LIC AAO interview?,What should unity examine for LIC AAO interview?
"What are the best aspects of living in Cagayan De Oro, Philippines as a young adult?","What are the best aspects of hold up in Cagayan De Oro, Philippines as a young adult?","What are the best look of living in Cagayan De Oro, republic of the philippines as a young adult?","What are the comfortably view of living in Cagayan diamond state Oro, Philippines as a young adult?"
How do I improve my pronunciation of English?,How do I ameliorate my pronunciation of English?,How do unity amend my pronunciation of English?,How do one better my orthoepy of English?
Indian Railways: How do you send irctc ticket message to another phone number if the one you used while booking is not working anymore?,Indian Railways: How do you send irctc ticket message to another phone number if the one you used while reservation is not working anymore?,Indian Railways: How do you send irctc ticket message to some other phone phone number if the one you used while booking is not working anymore?,american indian Railways: How do you send irctc ticket subject matter to another phone number if the one you ill used while booking is not working anymore?
How do I create a stage name for myself?,How do I make a stage name for myself?,How do single make a stage name for myself?,How do i create a microscope stage describe for myself?
Who is the youngest recipient of the Nobel Prize in Physics?,Who is the youngest receiver of the Nobel Prize in Physics?,who is the youngest recipient of the Nobel select in Physics?,who is the untried recipient role of the Nobel Prize in Physics?
What colors go well with red?,What colors go swell with red?,What discolor go substantially with red?,What coloration kick the bucket wellspring with red?
Why are kettles shiny on the outside? Does a shiny versus a matte finish makes a difference in the effectiveness of a kettle?,Why are kettles shiny on the outside? Does a shiny versus a mat up finish makes a difference in the effectiveness of a kettle?,Why are kettles shiny on the outside? Does a shiny versus a matte finish create a difference in the strength of a kettle?,Why are kettledrum shiny on the outside? perform a shiny versus a mat finish makes a difference in the effectiveness of a kettle?
How is career after a diploma in mechanical engineering?,How is vocation after a diploma in mechanical engineering?,How is vocation after a sheepskin in mechanical engineering?,How is life history after a sheepskin in mechanically skillful engineering?
When can I take step 1 exam?,When can I take tread 1 exam?,When can I require maltreat 1 exam?,When can single take tone i exam?
What are some good free movie sites?,What are some commodity free movie sites?,What are some well free people movie sites?,What are some estimable barren motion picture show sites?
"Why are New York, London and Paris seen as the greatest cities?","Why are New York, London and Paris seen as the smashing cities?","why are New York, London and Paris seen as the large cities?","Why are newfangled York, british capital and Paris look as the greatest cities?"
"Why do women wear black burqas in a hot region, even though we know the fact that black absorbs heat?","Why do women wear black burqas in a hot region, even though we know the fact that black ingest heat?","Why do women wear black burqas in a hot region, regular though we know the fact that black engage heat?","wherefore do cleaning woman wear black burqas in a hot region, even though we know the fact that black plunge heat?"
What are the environmental impacts of the tourism industry and how does it negatively impacted Turkey?,What are the environmental impacts of the tourism manufacture and how does it negatively impacted Turkey?,What are the environmental affect of the tourism industry and how does it negatively touch on Turkey?,What are the environmental touch of the touristry diligence and how does it negatively impacted Turkey?
What AP classes did you take in high school?,What AP stratum did you take in high school?,What AP classes did you acquire in richly school?,What AP division did you have in heights school?
Why does Instagram tell me “user not found” and a profilename called instagrammer?,why does Instagram tell me “user not found” and a profilename called instagrammer?,wherefore does Instagram severalise me “user not found” and a profilename called instagrammer?,wherefore does Instagram enjoin me “user not found” and a profilename squall instagrammer?
Can I earn money by online surveying and how?,buns I earn money by online surveying and how?,Can ace realize money by online surveying and how?,Can i make money by online go over and how?
How can some people still believe the world is flat?,How can some multitude still believe the world is flat?,How can some people still trust the worldwide is flat?,How can some citizenry still consider the humanity is flat?
Can an optical fiber modem be connected to the usual wall RJ phone plug?,Can an optical fiber modem be connected to the usual wall RJ sound plug?,tush an optical fiber modem be connected to the usual wall RJ earphone plug?,tin can an visual fiber modem be connected to the usual wall RJ telephone plug?
Why do Capricorn men cheat?,Why do Capricorn world cheat?,Why do capricorn humanity cheat?,why do goat work force cheat?
Which is a suitable inpatient drug and alcohol rehab center near Randolph County AR?,Which is a suitable inpatient drug and alcohol rehab centre of attention near Randolph County AR?,Which is a suitable inpatient drug and alcohol rehab nub near Randolph county AR?,Which is a suitable inmate drug and alcohol rehab meat go up Randolph County AR?
What type of questions are asked in DAT entrance exam at NID for UG?,What type of questions are asked in DAT ingress exam at NID for UG?,What type of questions are take in DAT ingress exam at NID for UG?,What type of questions are asked in digital audiotape enamor examination at NID for UG?
Which one should I believe? Science or my religion?,Which one should I believe? scientific discipline or my religion?,Which one should unity believe? scientific discipline or my religion?,Which unity should ace believe? skill or my religion?
What should I give my boyfriend for Christmas?,What should I impart my boyfriend for Christmas?,What should i give my swain for Christmas?,What should one yield my beau for Christmas?
How can I get an iPhone 6 with water damage repaired in Hyderabad?,How can I get an iPhone 6 with water harm repaired in Hyderabad?,How can I get an iPhone 6 with water supply damage restore in Hyderabad?,How can iodin get an iPhone six with piss damage repaired in Hyderabad?
What was the name of America before Christopher Columbus discovered America?,What was the constitute of America before Christopher Columbus discovered America?,What was the name of usa before Christopher Columbus find out America?,What was the name of america before Christopher cristobal colon chance on America?
How is cargo carrying capacity determined?,How is shipment carrying capacity determined?,How is load carrying capacitance determined?,How is shipment bear capacitance determined?
"How do eCommerce portals such as Flipkart, Snapdeal, Homeshop18, etc. perform better at search placement for key keywords than content portals such as Techtree and Tech2?","How do eCommerce portals such as Flipkart, Snapdeal, Homeshop18, etc. do better at search placement for key keywords than content portals such as Techtree and Tech2?","How do eCommerce portals such as Flipkart, Snapdeal, Homeshop18, etc. execute unspoiled at search placement for key keywords than content portals such as Techtree and Tech2?","How do eCommerce portal site such as Flipkart, Snapdeal, Homeshop18, etc. perform better at explore placement for discover keywords than content portal site such as Techtree and Tech2?"
How do I message someone on Facebook without becoming friends?,How do  message someone on Facebook without becoming friends?,How do I subject matter soul on Facebook without becoming friends?,How do single message individual on Facebook without go friends?
How does language work in the human brain?,How does language body of work in the human brain?,How does linguistic communication work in the human being brain?,How does nomenclature wreak in the man brain?
How does e-marketing companies such as freecharge and paytm  profit despite coupons they give out to customers for promotion ?,How does e-marketing companies such as freecharge and paytm profit despite coupons they give out to customers for forwarding ?,How does e-marketing companies such as freecharge and paytm net income despite coupons they give out to client for promotion ?,How does e-marketing society such as freecharge and paytm profit disdain coupons they dedicate out to customers for promotion ?
"How does the air-conditioner in an air-plane work? Considering that the temperature outside is -30 degrees and below at an altitude of 35,000 feet, how is fresh oxygen provided to the passengers?","How does the air-conditioner in an air-plane work? Considering that the temperature outside is -30 degrees and below at an altitude of 35,000 feet, how is fresh oxygen cater to the passengers?","How does the air-conditioner in an air-plane work? Considering that the temperature external is -30 degrees and below at an altitude of 35,000 feet, how is newly oxygen provided to the passengers?","How does the air-conditioner in an air-plane work? Considering that the temperature outside is -30 degrees and below at an el of 35,000 feet, how is saucy atomic number  provided to the passengers?"
Why is a reagent blank? How is it used?,wherefore is a reagent blank? How is it used?,why is a reagent blank? How is it used?,wherefore is a reagent blank? How is it used?
What is the difference between dividend and growth in mutual funds?,What is the divergence between dividend and growth in mutual funds?,What is the departure between dividend and outgrowth in mutual funds?,What is the conflict between dividend and maturation in reciprocal funds?
Are checks free from Bank of America?,Are tick off free from Bank of America?,Are assure liberal from Bank of America?,embody bridle free from money box of America?
How will the ban of 1000 and 500 rupee notes affect the Indian economy?,How will the ban of 1000 and 500 rupee notes bear upon the Indian economy?,How will the ostracize of 1000 and d rupee notes affect the Indian economy?,How will the bachelor of arts in nursing of thou and 500 rupee notes feign the Indian economy?
"To create 'smart mice' such as 'Doogie', did they genetically engineer on embryo or adult mice?","To create 'smart mice' such as 'Doogie', did they genetically orchestrate on embryo or adult mice?","To make 'smart mice' such as 'Doogie', did they genetically engineer on embryo or grown mice?","To create 'smart mice' such as 'Doogie', did they genetically locomotive engineer on conceptus or grown mice?"
What was the most embarrassing moment of your life as an IITian?,What was the most embarrassing moment of your lifetime as an IITian?,What was the most blockade moment of your sprightliness as an IITian?,What was the most hinder instant of your biography as an IITian?
What purpose does community planning serve in a disaster management?,What purpose does community provision serve in a disaster management?,What purpose does community planning do in a calamity management?,What aim does residential area planning service in a disaster management?
Who are some lesser known important historical figures of Venezuela and what should people know about them?,Who are some lesser known important historical forecast of Venezuela and what should people know about them?,world health organization are some less known important historical figures of Venezuela and what should people know about them?,Who are some lesser known significant historical figures of republic of venezuela and what should people sleep with about them?
What is the best way to learn networking online?,What is the practiced way to learn networking online?,What is the good mode to learn networking online?,What is the scoop way to watch network online?
What would be the best book to begin with for Java?,What would be the best book to lead off with for Java?,What would be the just book to start out with for Java?,What would be the unspoilt quran to commence with for Java?
What is your favorite comic book storyline?,What is your preferred comic book storyline?,What is your preferred comic rule book storyline?,What is your deary laughable word of god storyline?
How can we get rid of the electoral college?,How can we commence rid of the electoral college?,How can we mystify disembarrass of the electoral college?,How can we induce free of the electoral college?
"What are some of the best animated GIFs used for a response, comment or reaction?","What are some of the best animated GIFs utilise for a response, comment or reaction?","What are some of the best exalt GIFs put upon for a response, comment or reaction?","What are some of the best enliven GIFs use for a response, gloss or reaction?"
How can I prove 1/2 > 0?,How can ace prove 1/2 > 0?,How can ane evidence 1/2 > 0?,How can atomic number  evidence 1/2 > 0?
I want to bring my fiancé to the US to marry but he has overstayed his visa in the uk for 7 months. Will we be denied a fiancé visa?,I want to bring my fiancé to the US to splice but he has overstayed his visa in the uk for 7 months. Will we be denied a fiancé visa?,one want to bring my fiancé to the US to get hitched with but he has overstayed his visa in the uk for 7 months. Will we be denied a fiancé visa?,I want to bring my fiancé to the uracil to espouse but he has overstayed his visa in the united kingdom of great britain and northern ireland for 7 months. Will we be denied a fiancé visa?
Does it turn off a guy to drink 2 4lokos in his car before going into a bar?,Does it turn off a guy to drink 2 4lokos in his cable car before going into a bar?,Does it turn off a laugh at to drink deuce 4lokos in his car before going into a bar?,suffice it turn off a guy to tope 2 4lokos in his car before go into a bar?
What is the best way to read a textbook efficiently?,What is the topper way to read a textbook efficiently?,What is the best room to record a textbook efficiently?,What is the full way to take a text efficiently?
Why is Arabic such a difficult language to learn?,wherefore is Arabic such a difficult language to learn?,why is Arabic such a hard language to learn?,why is arabic language such a unmanageable language to learn?
"My boyfriend is a conservative, I'm liberal. He's influenced by conservative talk radio and wants to rant. How do I best shut down these rants?","My boyfriend is a conservative, I'm liberal. He's shape by conservative talk radio and wants to rant. How do I best shut down these rants?","My boyfriend is a conservative, I'm liberal. He's influenced by bourgeois talk radio and wants to rant. How do I just shut down these rants?","My young man is a conservative, I'm liberal. He's influenced by conservative talk radio and wants to rant. How do iodin best shut out down these rants?"
How long does it take for a man's penis to go from flaccid to fully erect?,How long does it take for a man's penis to locomote from flaccid to fully erect?,How retentive does it take for a man's penis to go from flaccid to in full erect?,How long does it take for a man's member to travel from flabby to fully erect?
What are the random facts about yourself?,What are the random fact about yourself?,What are the random fact about yourself?,What are the random fact about yourself?
What online payment methods are most popular in Nepal?,What online payment method acting are most popular in Nepal?,What online payment method acting are most pop in Nepal?,What on line payment method are most democratic in Nepal?
What is the best way to scan a document into a computer?,What is the best way to scan a text file into a computer?,What is the best room to read a document into a computer?,What is the in effect way to glance over a written document into a computer?
Can Donald Trump still win the 2016 U.S. Presidential Election?,Can Donald trump still win the 2016 U.S. Presidential Election?,seat Donald Trump still come through the 2016 U.S. Presidential Election?,Can Donald ruff still win the 2016 usa presidential Election?
Why do some social liberals in the U.S. readily defend Islam given its stances on homosexuality?,Why do some social liberalist in the U.S. readily defend Islam given its stances on homosexuality?,why do some social liberals in the U.S. readily defend Islam given its posture on homosexuality?,wherefore do some social liberals in the U.S. pronto defend Islam apt its stances on homosexuality?
Why do people believe Hillary Clinton is dishonest?,Why do people believe sir edmund hillary Clinton is dishonest?,Why do people believe hillary hilary clinton is dishonest?,Why do citizenry consider sir edmund percival hillary Clinton is dishonest?
What are the effects of viagra?,What are the gist of viagra?,What are the outcome of viagra?,What are the force of viagra?
What are the negative effects of popularity?,What are the negative burden of popularity?,What are the negatively charged effectuate of popularity?,What are the minus outcome of popularity?
How far away is the European Union from creating a United States of Europe (if it ever does)?,How far away is the European Union from creating a United States of Europe (if it eer does)?,How far by is the European Union from creating a United States of european union (if it ever does)?,How alir away is the European Union from produce a connect States of Europe (if it ever does)?
Does drinking lemon salt water help in losing weight?,Does drinking citrus limon salt water help in losing weight?,Does drinking lemon salt weewee avail in losing weight?,Does drinking maize salinity piddle help in losing weight?
What is the best way to minimize Temperature Inversion?,What is the dependable way to minimize Temperature Inversion?,What is the best direction to understate Temperature Inversion?,What is the full agency to minimize temperature Inversion?
What is the use of holy water during a baptism?,What is the use of holy water system during a baptism?,What is the use of sanctum weewee during a baptism?,What is the use of goods and services of sanctum irrigate during a baptism?
"Can anyone provide the link which has a pdf version of this book ""Engineering drawing by n.d.bhatt""?","Can anyone provide the link which has a pdf adaptation of this book ""Engineering drawing by n.d.bhatt""?","Can anyone leave the link which has a pdf edition of this book ""Engineering drawing by n.d.bhatt""?","tin can anyone provide the relate which has a pdf rendering of this book ""Engineering drawing by n.d.bhatt""?"
How do I know if someone unfollowed me on Instagram?,How do I know if individual unfollowed me on Instagram?,How do iodine make out if someone unfollowed me on Instagram?,How do ane bed if person unfollowed me on Instagram?
What are good ways to become more muscular without going to the gym?,What are good path to become more muscular without going to the gym?,What are honest ways to become more muscular without belong to the gym?,What are good means to go more mesomorphic without going to the gym?
What is the reason of the poor performance of India in the Olympics?,What is the rationality of the poor performance of India in the Olympics?,What is the reason of the wretched execution of India in the Olympics?,What is the understanding of the poor carrying into action of republic of india in the Olympics?
What types of technical questions are asked in developer interviews?,What types of expert questions are asked in developer interviews?,What types of technical call into question are take in developer interviews?,What type of technical foul questions are take in developer interviews?
Why will India remain poor forever after the U.S. made & deep wedge between India the world using a fake UN-backed Arbitration?,Why will India remain poor forever after the U.S. made & deep submarine between India the world using a fake UN-backed Arbitration?,Why will India stay poor constantly after the U.S. made & deep wedge between India the world using a fake UN-backed Arbitration?,why will bharat remain pathetic forever after the U.S. made & deep wedge between bharat the world using a fake UN-backed Arbitration?
"What is the best way to understand the terms ""precision"" and ""recall""?","What is the best way to understand the footing ""precision"" and ""recall""?","What is the upright way to understand the condition ""precision"" and ""recall""?","What is the dependable right smart to realize the terms ""precision"" and ""recall""?"
How can I delete an old Facebook account that I forgot it's password?,How can i delete an old Facebook account that i forgot it's password?,How can I delete an quondam Facebook account statement that I forgot it's password?,How can I blue pencil an sometime Facebook account that I leave it's password?
What powers do the president and prime minister of India hold on each other?,What powers do the chairman and prime minister of India hold on each other?,What world power do the chair and prime minister of India hold on each other?,What powers do the chairman and flush minister of India hold up on each other?
Is it better to sleep for an hour or not sleep at all?,Is it better to rest for an hour or not rest at all?,Is it better to kip for an  minutes or not kip at all?,personify it near to sopor for an hour or not sopor at all?
Silicon control rectifier?,atomic number  control rectifier?,silicon control condition rectifier?,silicon manipulate rectifier?
How do fish and deep-sea creatures withstand the pressures deep under the ocean?,How do fish and deep-sea brute withstand the pressures deep under the ocean?,How do fish and deep-sea tool withstand the pressures inscrutable under the ocean?,How do fish and deep sea brute withstand the imperativeness deep under the ocean?
Who are you and what makes you different from others?,Who are you and what brand you different from others?,Who are you and what form you unlike from others?,who are you and what seduce you unlike from others?
Can we weld steel and aluminum together?,Can we weld steel and aluminium together?,pot we weld nerve and aluminum together?,butt we weld sword and atomic number  together?
Mathematics vs literature?,Mathematics pentad literature?,maths fivesome literature?,maths five literature?
What is the one thing you regret doing the most in your life?,What is the one thing you ruefulness doing the most in your life?,What is the one affair you repent doing the most in your life?,What is the unity matter you sorrow doing the most in your life?
What are some things that good cooks know yet others don't?,What are some things that good prepare know yet others don't?,What are some affair that sound cooks know yet others don't?,What are some affair that good cooks make out notwithstanding others don't?
What is graffittibooks.com?,What is graffittibooks.com?,What is graffittibooks.com?,What is graffittibooks.com?
Is light speed actually not the speed limit in the universe?,Is light speed actually not the speed trammel in the universe?,Is fire up speed really not the speed limit in the universe?,live light speed really not the speed trammel in the universe?
Which is the best love stories you ever heard?,Which is the best have intercourse stories you ever heard?,Which is the best make out stories you ever so heard?,Which is the serious fuck stories you always heard?
Can a human outrun an alligator on land?,Can a homo outrun an alligator on land?,hindquarters a human outrun an gator on land?,terminate a homo outrun an gator on land?
Who is Karl Marx?,world health organization is Karl Marx?,world health organization is Karl Marx?,who is Karl Marx?
What is general view about indians?,What is ecumenical view about indians?,What is universal opinion about indians?,What is worldwide thought about indians?
How should I download movies in my phone?,How should one download movies in my phone?,How should single download pic in my phone?,How should  download film in my phone?
Would you be interested in sharing your Amazon wishlist with everyone so we can anonymously do something good for each other?,Would you be interested in apportion your Amazon wishlist with everyone so we can anonymously do something good for each other?,Would you be concerned in sharing your virago wishlist with everyone so we can anonymously do something good for each other?,Would you be concerned in partake your Amazon wishlist with everyone so we can anonymously do something practiced for each other?
Can I use Jio sim in my 3G mobile?,displace I use Jio sim in my 3G mobile?,Can  utilisation Jio sim in my 3G mobile?,behind ace usance Jio sim in my 3G mobile?
How useful is MBA?,How utile is MBA?,How utilitarian is MBA?,How utilitarian is MBA?
What does it mean if a dog vomits white foam?,What does it mean if a dog vomits elwyn brooks white foam?,What does it average if a frump vomits white foam?,What does it have in mind if a dog vomitive edward white foam?
Is my penis small?,personify my penis small?,cost my member small?,be my member small?
Can 148 IQ considered gifted or genius?,Can 148 IQ considered talented or genius?,Can 148 intelligence quotient considered empower or genius?,Can 148 iq consider present or genius?
Which are the safest cities in India?,Which are the safest city in India?,Which are the dependable urban center in India?,Which are the good metropolis in India?
Which is better DMC from sunbeam or DAC from oylther colleges?,Which is better DMC from sunray or DAC from oylther colleges?,Which is expert DMC from sunray or DAC from oylther colleges?,Which is right DMC from sunray or DAC from oylther colleges?
How do I lose weight ayurvedically?,How do iodine lose weight ayurvedically?,How do atomic number  suffer weight ayurvedically?,How do  turn a loss weight unit ayurvedically?
Why can canker sores make your teeth hurt?,Why can canker sores make your dentition hurt?,Why can canker sore make your tooth hurt?,Why can canker sore sore make your dentition hurt?
Can I deposit money in bank?,Can I deposition money in bank?,Can ane depository money in bank?,can buoy atomic number  situate money in bank?
I want to score 340 in the JEE Main this time in my third attempt. Is there any IIT that accepts a two times dropper?,ane want to score 340 in the JEE Main this time in my third attempt. Is there any IIT that accepts a two times dropper?,I want to score 340 in the JEE Main this time in my third attempt. Is there any IIT that accept a two clip dropper?,I want to rack up 340 in the JEE Main this time in my third attempt. Is there any IIT that bear a two multiplication dropper?
What is physical meaning of scalar gradient?,What is physical entail of scalar gradient?,What is forcible significance of scalar gradient?,What is strong arm signify of scalar gradient?
What dumps for 98-364 exam are valid for passing 98-364 exam?,What rubbish dump for 98-364 exam are valid for passing 98-364 exam?,What shit for 98-364 exam are valid for clear 98-364 exam?,What coldcock for 98-364 examination are valid for transitory 98-364 exam?
What's the real thickness of sperm if sperm is really healthy?,What's the real thickness of spermatozoan if spermatozoan is really healthy?,What's the actual heaviness of sperm if sperm is really healthy?,What's the genuine thickness of spermatozoan if spermatozoan is in truth healthy?
Can the portfolio of stocks in a mutual fund change with time?,Can the portfolio of broth in a mutual fund change with time?,Can the portfolio of gunstock in a common fund change with time?,sack the portfolio of stocks in a mutual monetary fund commute with time?
"How a CA final student or a Qualified CA can get job in companies like McKinsey, Bain, BCG and Strategy& (formerly Booz & Co.)?","How a golden state final student or a Qualified golden state can get job in companies like McKinsey, Bain, BCG and Strategy& (formerly Booz & Co.)?","How a CA terminal student or a Qualified CA can get job in companies the like McKinsey, Bain, BCG and Strategy& (formerly Booz & Co.)?","How a CA final exam student or a Qualified CA can get farm out in companies the likes of McKinsey, Bain, BCG and Strategy& (formerly Booz & Co.)?"
What's the most unusual dream you've ever had?,What's the most strange dream you've ever had?,What's the most unusual daydream you've ever so had?,What's the most strange aspiration you've always had?
My 13 year old son is watching inappropriate YouTube videos. What should I do?,My 13 twelvemonth old son is watching inappropriate YouTube videos. What should I do?,My 13 year old son is watching out or keeping YouTube videos. What should unity do?,My 13 year old logos is follow inappropriate YouTube videos. What should iodin do?
What are the top 10 art magazines of India?,What are the top tenner art magazines of India?,What are the top ten art magazine of India?,What are the top  artistic creation cartridge of India?
What is the wierdest question you have ever come across in Quora?,What is the wierdest question you have ever add up across in Quora?,What is the wierdest question you have ever so come crosswise in Quora?,What is the wierdest head you have ever derive crosswise in Quora?
What business can I start with £5000?,What business can single start with £5000?,What job can unity start with £5000?,What byplay can single get go with £5000?
What is an acceptable solution to the conflict between Tamil and Sinhalese of Sri Lanka?,What is an satisfactory solution to the conflict between Tamil and Sinhalese of Sri Lanka?,What is an satisfactory solution to the conflict between tamil and Sinhalese of Sri Lanka?,What is an acceptable resolution to the struggle between tamil and Sinhalese of Sri Lanka?
What is the rule of this sequence: {1-4+9-16+...}?,What is the normal of this sequence: {1-4+9-16+...}?,What is the dominate of this sequence: {1-4+9-16+...}?,What is the prevail of this sequence: {1-4+9-16+...}?
Is it intelligent to own firearms?,Is it levelheaded to own firearms?,embody it healthy to own firearms?,cost it levelheaded to own firearms?
What are some good stocks to invest in right now (September 2013)?,What are some dear stocks to invest in right now (September 2013)?,What are some good caudex to invest in right hand now (September 2013)?,What are some just stockpile to invest in aright now (September 2013)?
What if you find your daydreaming is coming true (sort of)?,What if you retrieve your daydreaming is coming true (sort of)?,What if you find your woolgather is add up true (sort of)?,What if you find your reverie is arrive honest (sort of)?
What is that one decision that changed your life forever?,What is that one decision that exchange your life forever?,What is that matchless determination that changed your life forever?,What is that one conclusion that convert your aliveness forever?
Will I ever be happy?,Will I of all time be happy?,volition I always be happy?,will ane always be happy?
Does my life hold any significance to the world/universe?,set my life hold any significance to the world/universe?,Does my biography deem any significance to the world/universe?,fare my life time lag any implication to the world/universe?
Could the US have relied only on coordinated aerial bombings of military targets instead of dropping two atomic bombs on cities full of civilians?,Could the US have relied only on coordinated aerial bombings of military object instead of dropping two atomic bombs on cities full of civilians?,Could the US have relied only on coordinated aerial bombings of military targets instead of dropping two atomic dud on urban center full of civilians?,Could the US have relied only on coordinated aerial bombing of military targets instead of dropping two atomic flunk on cities broad of civilians?
"Is it safe to eat KFC chicken that was refrigerated over night, and then taken out of the fridge and left on counter for 8 hours?","Is it prophylactic to eat KFC chicken that was refrigerated over night, and then taken out of the fridge and left on counter for 8 hours?","constitute it safe to eat KFC chicken that was refrigerate over night, and then taken out of the fridge and left on counter for 8 hours?","Is it prophylactic to eat KFC chicken that was refrigerated over night, and then consume out of the fridge and remaining on counter for 8 hours?"
What are the things that matter the most in life?,What are the things that thing the most in life?,What are the matter that weigh the most in life?,What are the thing that weigh the most in life?
What is Billy Costa's mailing address?,What is billy Costa's mailing address?,What is billy Costa's send address?,What is truncheon Costa's mail address?
How can a 14-year-old boy get stronger and faster for football?,How can a 14-year-old boy get stronger and riotous for football?,How can a 14-year-old son get unassailable and faster for football?,How can a 14-year-old boy arrest secure and riotous for football?
Do breast implants have a life span?,Do breast implants have a biography span?,make out breast implants have a life sentence span?,Do chest plant have a living span?
What is the process to set up a food truck business in india?,What is the litigate to set up a food truck business in india?,What is the process to set up a food hand truck business concern in india?,What is the outgrowth to situated up a food motortruck business in india?
What company provides the best SEO services in India?,What company provides the best SEO service in India?,What company cater the near SEO services in India?,What caller allow for the best SEO serve in India?
What are some natural remedies for hair thickening?,What are some natural remedies for hairs breadth thickening?,What are some rude remedies for hairs breadth thickening?,What are some innate therapeutic for pilus thickening?
Why do mainland Chinese people who make racially based disparaging comments about non-Chinese think of themselves as not racial bigots?,Why do mainland Chinese people who shuffle racially based disparaging comments about non-Chinese think of themselves as not racial bigots?,Why do mainland formosan people who make racially based disparage comments about non-Chinese think of themselves as not racial bigots?,Why do mainland Chinese people who make racially based disparage input about non-Chinese cerebrate of themselves as not racial bigots?
How do I become an effective blogger?,How do ace become an effective blogger?,How do  go an effective blogger?,How do iodine turn an in force blogger?
What do Americans / Europeans think about Filipinos?,What do Americans / Europeans guess about Filipinos?,What do american / european think about Filipinos?,What do american language / european guess about Filipinos?
What are the layers of atmospheres?,What are the layer of atmospheres?,What are the level of atmospheres?,What are the bed of atmospheres?
"When will the ""parole program"" for foreign entrepreneurs be active? When will the USCIS follow up on Obama's executive order?","When will the ""parole program"" for foreign entrepreneurs be active? When will the USCIS travel along up on Obama's executive order?","When will the ""parole program"" for foreign entrepreneurs be active? When will the USCIS come after up on Obama's executive director order?","When will the ""parole program"" for strange entrepreneurs be active? When will the USCIS trace up on Obama's administrator order?"
Do banks in Dubai offer credit cards on an AED 4500 salary?,Do trust in Dubai offer credit cards on an AED 4500 salary?,Do banks in Dubai crack credit notice on an AED 4500 salary?,Do bank building in dubai offer credit entry cards on an AED 4500 salary?
What's the most embarrassing thing that's happened to you in front of your crush?,What's the most embarrassing affair that's happened to you in front of your crush?,What's the most awkward thing that's materialise to you in front of your crush?,What's the most abash affair that's pass off to you in front of your crush?
What are the chances for Haruki Murakami to win Nobel prize literature?,What are the chances for Haruki Murakami to deliver the goods Nobel prize literature?,What are the chances for Haruki Murakami to winnings Nobel trophy literature?,What are the probability for Haruki Murakami to come through nobel prize literature?
What happens neurologically that causes us to wake up from sleep?,What happens neurologically that causes uranium to wake up from sleep?,What pass neurologically that causes us to ignite up from sleep?,What go on neurologically that case us to stir up up from sleep?
Who will win the 2016 ipl?,Who will get ahead the 2016 ipl?,who will gain ground the 2016 ipl?,who will profits the 2016 ipl?
"How does it feel like to be a gay guy in India, especially in Tamilnadu?","How does it experience like to be a gay guy in India, especially in Tamilnadu?","How does it feel like to be a braw guy in India, peculiarly in Tamilnadu?","How does it feeling like to be a gay hombre in India, particularly in Tamilnadu?"
I attended three bpo job interviews but I didn't crack they rejected me because of buttler English how I improve my speaking skills?,I attended three bpo task interviews but I didn't crack they rejected me because of buttler English how I improve my speaking skills?,iodin attended three bpo line interviews but iodin didn't crack they rejected me because of buttler English how iodin improve my speaking skills?,atomic number  attended trinity bpo book of job interviews but atomic number  didn't crack they rejected me because of buttler English how atomic number  improve my speaking skills?
What are the most authentic books about life of Prophet Muhammad and his family?,What are the most authentic playscript about life of Prophet Muhammad and his family?,What are the most authentic books about liveliness of prophet Muhammad and his family?,What are the most authentic scripture about lifespan of Prophet mohammad and his family?
Is Byju's app good for IIT-JEE preparation?,embody Byju's app good for IIT-JEE preparation?,personify Byju's app dependable for IIT-JEE preparation?,be Byju's app safe for IIT-JEE preparation?
"Why is Oberon mad at Titania in ""A Midsummer Night's Dream""?","Why is Oberon mad at Titania in ""A summer solstice Night's Dream""?","Why is Oberon sick at Titania in ""A june  Night's Dream""?","wherefore is Oberon unhinged at Titania in ""A midsummer Night's Dream""?"
Is reservation necessary in India?,Is reservation essential in India?,personify qualification necessary in India?,cost arriere pensee requisite in India?
How can we image subterranean very small and big objects inside other planets? And know their composition shape and atomic structure?,How can we image subterranean very small and big objects indoors other planets? And know their composition shape and atomic structure?,How can we image ulterior very small and big objects inside other planets? And know their composition physical body and atomic structure?,How can we image subterranean very small and bighearted physical object at bottom other planets? And know their composition shape and atomic structure?
How many questions may I ask on Quora?,How many call into question may I ask on Quora?,How many inquiry crataegus oxycantha I ask on Quora?,How many questions crataegus oxycantha single involve on Quora?
How do I make money in Bangalore?,How do ane make money in Bangalore?,How do  pee pee money in Bangalore?,How do iodin shit money in Bangalore?
"What is the best laptop under INR 30,000?","What is the best laptop computer under INR 30,000?","What is the best laptop computer under inr 30,000?","What is the full laptop computer under bureau of intelligence and research 30,000?"
Do MLB players still share a hotel room with another player on road trips?,Do MLB players still share a hotel elbow room with another player on road trips?,brawl MLB role player still share a hotel room with another player on road trips?,Do MLB players static share a hotel room with another actor on route trips?
How does cigarette smoke affect you?,How does fag smoke affect you?,How does cigarette sens touch on you?,How does coffin nail gage pretend you?
What is the difference betweeen turpentine and paint thinner for use in oil painting?,What is the difference betweeen turpentine and paint lean for use in oil painting?,What is the difference betweeen turpentine and pigment tenuous for use in oil painting?,What is the difference betweeen spirit of turpentine and paint diluent for use in crude oil painting?
"Is it possible to insert a LARGE image into a PowerPoint slide, and use a scroll bar to view it (instead of resizing it)?","Is it possible to insert a LARGE image into a PowerPoint slide, and use a coil bar to view it (instead of resizing it)?","Is it potential to insert a heavy image into a PowerPoint slide, and use a scroll bar to view it (instead of resizing it)?","Is it possible to insert a boastfully figure of speech into a PowerPoint slide, and use a gyre bar to view it (instead of resizing it)?"
I had just bought a Samsung Galaxy J7. I tried connecting it to my home WiFi and it gets connected and disconnected frequently. It works smoothly on other WiFi networks and my home WiFi works well on the devices of other members of my family. What should I do?,I had just bought a Samsung Galaxy J7. I tried connecting it to my home WiFi and it gets connected and disconnected frequently. it works smoothly on other WiFi networks and my home WiFi works well on the devices of other members of my family. What should I do?,I had just bought a Samsung Galaxy J7. I tried connecting it to my home WiFi and it gets tie in and disconnected frequently. It works smoothly on other WiFi networks and my home WiFi works fountainhead on the devices of other members of my family. What should I do?,I had just purchase a Samsung Galaxy J7. I tried connecting it to my home WiFi and it gets connected and disconnected frequently. it works smoothly on other WiFi electronic network and my home WiFi works well on the devices of other members of my family. What should I do?
How do you know your memory is real?,How do you recognise your memory is real?,How do you cognise your remembering is real?,How do you live your retention is real?
Are people notified when you add them on snapchat?,Are hoi polloi notified when you add them on snapchat?,live people apprize when you add them on snapchat?,ar the great unwashed notified when you attention deficit disorder them on snapchat?
Who do you think will win the 2016 Presidential Election?,Who do you suppose will win the 2016 Presidential Election?,who do you opine will win the 2016 Presidential Election?,Who do you recollect will winnings the 2016 presidential Election?
As a 12 year old how do I make myself grow taller naturally?,As a 12 year old how do I make myself acquire taller naturally?,As a 12 year old how do I gain myself uprise taller naturally?,adenine a  year old how do I induce myself grow taller naturally?
Why do people make fun of selfharmers?,Why do multitude make fun of selfharmers?,wherefore do people arrive at fun of selfharmers?,Why do masses constitute merriment of selfharmers?
How do you increasing the light in your body?,How do you increase the light in your body?,How do you increase the twinkle in your body?,How do you increase the luminousness in your body?
"How are Socrates, Plato and Aristotle related?","How are Socrates, Plato and aristotle related?","How are Socrates, plato and aristotle related?","How are Socrates, plato and aristotle related?"
"What is the biological, basic processes, person level and social cultural level in psychology?","What is the biological, basic processes, person raze and social cultural raze in psychology?","What is the biological, basic processes, person horizontal surface and social ethnic horizontal surface in psychology?","What is the biological, canonical processes, person raze and social ethnical raze in psychology?"
Can a dog take baby aspirin?,rear a dog take baby aspirin?,Can a domestic dog take child aspirin?,backside a chase take sister aspirin?
How are the Emergency Alert System tones produced and what do they mean?,How are the emergency Alert System tones produced and what do they mean?,How are the Emergency Alert organization tones bring on and what do they mean?,How are the parking brake brisk system of rules tones produced and what do they mean?
What are the easy ways to earn money online?,What are the well to do ways to earn money online?,What are the prosperous ways to take in money online?,What are the soft slipway to pull in money online?
What are some famous stories about Swami Vivekananda?,What are some famous stories about swami Vivekananda?,What are some famous floor about swami Vivekananda?,What are some famed chronicle about swami Vivekananda?
Why do empty vessels make the most noise?,wherefore do empty vessels make the most noise?,wherefore do vacuous vessels make the most noise?,Why do empty bellied vas progress to the most noise?
Why the seismic static force is considered on the top third of the height of building?,Why the seismic static strength is considered on the top third of the height of building?,wherefore the seismic static force is considered on the top tierce of the height of building?,Why the seismic static force out is considered on the pinnacle third of the altitude of building?
What is the Pacific Ocean?,What is the peaceable Ocean?,What is the pacific ocean Ocean?,What is the pacific ocean Ocean?
How could an English learner speak fluently?,How could an english people learner speak fluently?,How could an English apprentice address fluently?,How could an side apprentice verbalise fluently?
How do I start learning web development?,How do  start learning web development?,How do ace startle learning web development?,How do one pop out ascertain web development?
What colors make gold?,What people of colour make gold?,What tinge bring in gold?,What emblazon work gold?
What would happen if a nuclear or atom bomb exploded underwater?,What would happen if a atomic or atom bomb exploded underwater?,What would occur if a atomic or atom bomb exploded underwater?,What would bump if a atomic or atom bomb detonate underwater?
What is a paradox in figurative speech? What are some examples?,What is a paradox in figural speech? What are some examples?,What is a paradox in figural speech? What are some examples?,What is a paradox in figural speech? What are some examples?
Can you get pregnant with a tampon in?,ass you get pregnant with a tampon in?,Can you fetch fraught with a tampon in?,force out you convey significant with a tampon in?
Do employees at Diodes have a good work-life balance? Does this differ across positions and departments?,Do employees at Diodes have a unspoiled work-life balance? Does this differ across positions and departments?,arrange employees at Diodes have a unspoilt work-life balance? Does this differ across positions and departments?,brawl employees at Diodes have a goodness work-life balance? arrange this differ across positions and departments?
How does Google recover an account?,How does google recover an account?,How does google regain an account?,How does google find an account?
What age should I be letting my kids get into a relationship?,What eld should I be letting my kids get into a relationship?,What mature should I be letting my kids stimulate into a relationship?,What maturate should I be allow my child get into a relationship?
What are the best ways to lose weight fast?,What are the best way to lose weight fast?,What are the best slipway to lose angle fast?,What are the best direction to misplace weight down fast?
Why are people loud?,why are people loud?,why are hoi polloi loud?,why are hoi polloi loud?
What is the chemical formula of ink?,What is the chemic formula of ink?,What is the chemical substance normal of ink?,What is the chemical substance chemical formula of ink?
How do I prepare so as to get into Shri Ram College of Commerce?,How do I organize so as to get into Shri Ram College of Commerce?,How do I organise so as to arrest into Shri Ram College of Commerce?,How do atomic number  set up so as to get into Shri Ram college of Commerce?
What is the best way to improve my questions on Quora?,What is the best style to improve my questions on Quora?,What is the best fashion to improve my wonder on Quora?,What is the respectable style to amend my questions on Quora?
Are nitrogen or helium cylinders regulated in India?,Are nitrogen or he cylinders regulated in India?,exist nitrogen or he cylinders regulated in India?,Are atomic number  or helium cylinder modulate in India?
What are some tips on making it through the job interview process at Time Warner?,What are some topple on making it through the job interview process at Time Warner?,What are some tips on stool it through the occupation interview process at Time Warner?,What are some tips on making it through the chore audience process at clip Warner?
Who is the most inspirational person to you?,who is the most inspirational person to you?,who is the most inspirational someone to you?,who is the most inspirational somebody to you?
Which is a better place to live: Australia or the USA?,Which is a better place to live: australia or the USA?,Which is a respectable place to live: commonwealth of australia or the USA?,Which is a right come out to live: commonwealth of australia or the USA?
What are the biggest Silicon Valley companies?,What are the biggest Silicon valley companies?,What are the biggest silicon vale companies?,What are the big si valley companies?
How have people become millionaires before 25?,How have people suit millionaires before 25?,How have hoi polloi turn millionaires before 25?,How have citizenry suit millionaire before 25?
"If watch movements such as ETA and miyota are so cheap, why are some watches priced so high?","If watch movements such as ETA and miyota are so cheap, why are some determine priced so high?","If watch campaign such as ETA and miyota are so cheap, why are some watches price so high?","If watch over motility such as basque homeland and freedom and miyota are so cheap, why are some watches priced so high?"
Is it good to drink coffee everyday?,Is it beneficial to drink coffee everyday?,Is it undecomposed to drink coffee bean everyday?,follow it thoroughly to drink deep brown everyday?
"What is it like to live in Goa, India?","What is it corresponding to live in Goa, India?","What is it ilk to hot in Goa, India?","What is it same to inhabit in Goa, India?"
To which caste and category does the surname Saini belong to?,To which caste and family does the surname Saini belong to?,To which caste and family does the surname Saini go to?,To which caste and class does the cognomen Saini go to?
Difference between criteria and criterion?,Difference between touchstone and criterion?,deviation between touchstone and criterion?,difference between touchstone and criterion?
Is there a version of the Harry Potter series for younger children?,cost there a version of the Harry Potter series for younger children?,Is there a version of the chivy monkey around series for younger children?,Is there a interpretation of the Harry Potter serial publication for jr children?
How does the HP OfficeJet 4620 Airprint compare to the HP DesignJet T795 44-in Printer?,How does the horsepower OfficeJet 4620 Airprint compare to the horsepower DesignJet T795 44-in Printer?,How does the horsepower OfficeJet 4620 Airprint equate to the horsepower DesignJet T795 44-in Printer?,How does the horsepower OfficeJet 4620 Airprint comparison to the horsepower DesignJet T795 44-in Printer?
Difference between correlation and regression?,Difference between correlational statistics and regression?,remainder between coefficient of correlation and regression?,difference of opinion between coefficient of correlation and regression?
What are the differences between INFJ and INTJ? Which of the two am I?,What are the divergence between INFJ and INTJ? Which of the two am I?,What are the departure between INFJ and INTJ? Which of the deuce am I?,What are the conflict between INFJ and INTJ? Which of the ii am I?
Are there any plot holes/mistakes in the Lord of the Rings books?,represent there any plot holes/mistakes in the Lord of the Rings books?,follow there any plot holes/mistakes in the noble of the Rings books?,follow there any plot holes/mistakes in the divine of the rings books?
What are some of the funniest selfies you have ever seen?,What are some of the comical selfies you have ever seen?,What are some of the laughable selfies you have always seen?,What are some of the fishy selfies you have always seen?
How do I date a friend?,How do I engagement a friend?,How do iodin go steady a friend?,How do  go out a friend?
How can I make my Facebook Timeline visible to the public?,How can ace make my Facebook Timeline visible to the public?,How can I make my Facebook timeline seeable to the public?,How can  make my Facebook timeline seeable to the public?
@Lesbians: How exactly do you have sex?,@Lesbians: How just do you have sex?,@Lesbians: How on the button do you have sex?,@Lesbians: How precisely do you have sex?
What are good examples of an email to send when an IT platform is scheduled to be unavailable because of an update?,What are good examples of an email to send when an information technology platform is scheduled to be unavailable because of an update?,What are good examples of an email to send when an IT chopine is schedule to be unavailable because of an update?,What are good deterrent example of an email to broadcast when an IT chopine is scheduled to be unavailable because of an update?
Do jio sims works in iPhone 5s?,make out jio sims works in iPhone 5s?,get along jio sims body of work in iPhone 5s?,doh jio sims lick in iPhone 5s?
Why has the Modi Government banned the 500 and 1000 rupee notes?,Why has the Modi regime banned the 500 and 1000 rupee notes?,Why has the Modi Government banned the five hundred and k rupee notes?,wherefore has the Modi regime ban the 500 and 1000 rupee notes?
What are the best Nintendo 3DS games so far?,What are the better Nintendo 3DS games so far?,What are the best Nintendo three d punt so far?,What are the sound Nintendo three d plot so far?
My GATE 2016 score in CS is 804. What are the colleges I should apply to?,My GATE 2016 seduce in CS is 804. What are the colleges I should apply to?,My GATE 2016 score in ampere second is 804. What are the colleges I should utilize to?,My logic gate 2016 rack up in CS is 804. What are the colleges I should go for to?
What is the future of the robotics?,What is the futurity of the robotics?,What is the time to come of the robotics?,What is the future tense of the robotics?
What is the current salary of Airmen in Airforce?,What is the current salary of flyer in Airforce?,What is the stream earnings of Airmen in Airforce?,What is the flow pay of airman in Airforce?
What the purpose of life on earth?,What the purpose of life story on earth?,What the use of liveliness on earth?,What the design of lifespan on earth?
How do I identify my talents?,How do I describe my talents?,How do iodine key out my talents?,How do ane describe my talents?
"What's the sexiest language, and why?","What's the aphrodisiac language, and why?","What's the aphrodisiac language, and why?","What's the aphrodisiacal language, and why?"
Are Liberals too sensitive?,ar Liberals too sensitive?,equal liberal too sensitive?,live progressive too sensitive?
What is the best apps for learning how to sing english songs with audio check?,What is the best apps for learning how to sing english song dynasty with audio check?,What is the best apps for get wind how to sing side songs with audio check?,What is the scoop apps for scholarship how to spill the beans english songs with audio check?
How do I become mentally strong?,How do I suit mentally strong?,How do one go mentally strong?,How do one suit mentally strong?
How do I get a girl’s contact number?,How do ane get a girl’s contact number?,How do I drive a girl’s physical contact number?,How do single arrest a girl’s reach number?
How do terrorist organisations get money?,How do terrorist governance get money?,How do terrorist formation baffle money?,How do terrorist governance gravel money?
Which are some of the must watch hollywood movies?,Which are some of the mustiness watch hollywood movies?,Which are some of the mustiness sentinel hollywood movies?,Which are some of the moldiness sentinel hollywood movies?
What are the known causes for depression?,What are the lie with causes for depression?,What are the get laid movement for depression?,What are the live cause for depression?
Why dogs tend to pee on the tyres of the parked vehicles?,why dogs tend to pee on the tyres of the parked vehicles?,Why dogs incline to spend a penny on the tyres of the parked vehicles?,why dogs be given to pee on the tire of the parked vehicles?
What are the pros and cons of moving from Canada to USA?,What are the pros and cons of incite from Canada to USA?,What are the professional and cons of move from Canada to USA?,What are the professional and learn of moving from canada to USA?
What is the the best way to learn programming?,What is the the best way to get wind programming?,What is the the in effect way to instruct programming?,What is the the serious agency to see programming?
Is it actionable defamation to write online that you find someone to be a monster?,Is it actionable defamation to write on line that you find someone to be a monster?,personify it actionable defamation to write on line that you find someone to be a monster?,Is it actionable slander to write online that you retrieve mortal to be a monster?
What are your expectations for Christopher Nolan's Dunkirk?,What are your anticipation for Christopher Nolan's Dunkirk?,What are your prospect for st christopher Nolan's Dunkirk?,What are your first moment for saint christopher Nolan's Dunkirk?
What is a Costume Designer?,What is a costume Designer?,What is a costume Designer?,What is a costume Designer?
How can I have a cute smile?,How can I have a precious smile?,How can unity have a precious smile?,How can ane have a precious smile?
What are the best romantic Hollywood movies to watch?,What are the best amatory Hollywood movies to watch?,What are the best wild eyed hollywood movies to watch?,What are the skillful romanticistic Hollywood picture show to watch?
How can you determine the molarity of concentrated nitric acid?,How can you determine the molarity of rivet nitric acid?,How can you regulate the molarity of concentrated azotic acid?,How can you see the molar concentration of concentrated nitrous acid?
How do you cure a puppy's hiccup?,How do you remedy a puppy's hiccup?,How do you remedy a puppy's hiccup?,How do you bring around a puppy's hiccup?
What is definition of voltage drop?,What is definition of potential difference drop?,What is definition of electric potential drop?,What is definition of electromotive force drop?
What are the pros and cons of being skinny as a guy?,What are the pros and defraud of being skinny as a guy?,What are the professional and gyp of being skinny as a guy?,What are the professional and yard bird of being tightfitting as a guy?
How can I find random people online to Skype with?,How can I find random people on line to Skype with?,How can iodin retrieve random people online to Skype with?,How can one discovery random people on line to Skype with?
Why do you learn foreign languages?,Why do you learn extraneous languages?,why do you learn alien languages?,why do you pick up strange languages?
Why do we have stage fright? How do we overcome it?,Why do we have degree fright? How do we overcome it?,Why do we have level fright? How do we master it?,why do we have microscope stage fright? How do we defeat it?
How long does it take for ear piercings to heal?,How long does it take for capitulum piercings to heal?,How yearn does it take aim for ear piercings to heal?,How long does it take aim for capitulum thrust to heal?
What happens to phlegm when you swallow it?,What go on to phlegm when you swallow it?,What take place to phlegm when you eat up it?,What occur to stolidity when you take back it?
What is a comedy of manners?,What is a clowning of manners?,What is a clowning of manners?,What is a clowning of manners?
Is cheating immoral if you're not in love?,constitute cheating immoral if you're not in love?,Is cheat on base if you're not in love?,comprise shaft base if you're not in love?
How do I save my phone battery power while playing Pokemon Go?,How do I save my phone assault and battery power while playing Pokemon Go?,How do I save my call up barrage power while playing Pokemon Go?,How do I save my earpiece barrage fire power while act Pokemon Go?
Is education a Jewish tradition?,Is didactics a Jewish tradition?,follow education a jewish tradition?,exist instruction a judaic tradition?
How is linear algebra applied in quantitative finance?,How is linear algebra put on in quantitative finance?,How is one dimensional algebra apply in quantitative finance?,How is running algebra apply in quantitative finance?
Could Operation Sea Lion have succeeded if they hadn't concentrated all their resources to Operation Barbarossa?,Could Operation sea Lion have succeeded if they hadn't concentrated all their resources to Operation Barbarossa?,Could surgical procedure ocean Lion have succeeded if they hadn't concentrated all their resources to surgical procedure Barbarossa?,Could surgical procedure ocean Lion have succeeded if they hadn't concentrated all their resource to surgical procedure Barbarossa?
Why India can't ban Chinese products?,Why republic of india can't ban Chinese products?,Why India can't ostracize chinese products?,Why bharat can't blackball chinese products?
How do I use FaceTime on an iPhone?,How do I consumption FaceTime on an iPhone?,How do ane use of goods and services FaceTime on an iPhone?,How do ane utilise FaceTime on an iPhone?
Did Hillary Clinton hire Donald Trump to sabotage the Republican party?,Did Hillary Clinton hire Donald Trump to sabotage the republican party?,Did hillary Clinton engage Donald Trump to sabotage the Republican party?,suffice Hillary Clinton charter Donald trumpet to sabotage the Republican party?
Why MS Dhoni leave captaincy of ODI & T-20?,wherefore MS Dhoni leave captaincy of ODI & T-20?,Why chiliad Dhoni will captaincy of ODI & T-20?,wherefore meter Dhoni impart captaincy of ODI & T-20?
If I turn off notifications on Facebook messenger will messages still show as delivered?,If I turn off notifications on Facebook messenger will messages calm show as delivered?,If I go off notifications on Facebook messenger will messages still exhibit as delivered?,If I routine off notifications on Facebook courier will messages tranquil show as delivered?
Is Bahubali 2 going to be a flop?,Is Bahubali 2 expiration to be a flop?,constitute Bahubali 2 buy the farm to be a flop?,follow Bahubali ii expire to be a flop?
What are some ways to grow taller at the age of 13-14?,What are some way to grow taller at the age of 13-14?,What are some slipway to mature taller at the age of 13-14?,What are some fashion to rise taller at the years of 13-14?
Which company should I join BHEL or IOCL through GATE'16. And why? What is future in BHEL as it's financial performance is degrading year by year.,Which company should I join BHEL or IOCL through GATE'16. And why? What is future in BHEL as it's fiscal performance is degrading year by year.,Which caller should I join BHEL or IOCL through GATE'16. And why? What is next in BHEL as it's financial performance is degrading year by year.,Which keep company should I join BHEL or IOCL through GATE'16. And why? What is future in BHEL as it's fiscal execution is degrading year by year.
Is Reliance Jio Preview Offer truly unlimited?,Is Reliance Jio Preview offer truly unlimited?,follow Reliance Jio trailer Offer truly unlimited?,Is trust Jio Preview proffer genuinely unlimited?
What is tributary?,What is tributary?,What is tributary?,What is tributary?
I have an idea for a website. What should I do to create it and link it with Adsense.?,I have an estimation for a website. What should I do to create it and link it with Adsense.?, have an thought for a website. What should  do to create it and link it with Adsense.?,unity have an idea for a website. What should unity do to produce it and connectedness it with Adsense.?
How can I create website visuals?,How can ane create website visuals?,How can unity make website visuals?,How can atomic number  make internet site visuals?
Why is Donald Trump nasty and why do people actually like him?,Why is Donald Trump nasty and why do people actually similar him?,Why is Donald Trump nasty and why do people really ilk him?,wherefore is Donald trumpet nasty and why do people in reality like him?
"Have you ever gone a long period confident nothing could scare you, then found yourself greatly scared by someone or something?","Have you ever gone a hanker period confident nothing could scare you, then found yourself greatly scared by someone or something?","have you ever gone a long period confident nothing could scare you, then found yourself greatly scared by individual or something?","Have you ever run short a long period confident nothing could scare you, then launch yourself greatly pall by someone or something?"
How do I improve my aptitude and thinking skills?,How do I improve my aptitude and call back skills?,How do ace improve my aptitude and suppose skills?,How do ane meliorate my aptitude and imagine skills?
Which is the best clinic for Orthodontics?,Which is the salutary clinic for Orthodontics?,Which is the advantageously clinic for Orthodontics?,Which is the practiced clinic for Orthodontics?
"What does ""I will do you"" mean?","What does ""I will do you"" mean?","What does ""I will do you"" mean?","What does ""I will do you"" mean?"
How do I lose 25 kg by exercise?,How do I misplace 25 kg by exercise?,How do single lose 25 kilo by exercise?,How do ane lose  kilogram by exercise?
What is the password to open an e-Aadhaar card?,What is the password to opened an e-Aadhaar card?,What is the watchword to afford an e-Aadhaar card?,What is the watchword to undefended an e-Aadhaar card?
How can I undo factory reset on Android phone?,How can I undo factory readjust on Android phone?,How can  undo factory readjust on Android phone?,How can ace loosen factory reset on android phone?
Does prednisone inhibit wound healing?,Does prednisone subdue wound healing?,cause prednisone inhibit lift healing?,Does meticorten conquer scent healing?
How do you mix or group skilled workers in a construction project?,How do you mix or aggroup skilled workers in a construction project?,How do you fuse or group skilled workers in a mental synthesis project?,How do you commixture or mathematical group skilled workers in a building project?
Do astral projection really exist?,Do astral expulsion really exist?,brawl astral expulsion really exist?,suffice stellar project really exist?
"Why do so many countries have ""Guinea"" in their name?","Why do so many nation have ""Guinea"" in their name?","wherefore do so many res publica have ""Guinea"" in their name?","why do so many res publica have ""Guinea"" in their name?"
Why are people depressed?,Why are citizenry depressed?,wherefore are the great unwashed depressed?,why are masses depressed?
"What are the pros and cons of being a driver for Uber or Lyft in New Brunswick, NJ?","What are the pros and cons of being a driver for Uber or Lyft in newfangled Brunswick, NJ?","What are the pro and convict of being a driver for Uber or Lyft in New Brunswick, NJ?","What are the professional and cons of being a number one wood for Uber or Lyft in new Brunswick, NJ?"
Why does voltage of a battery decrease?,wherefore does voltage of a battery decrease?,why does voltage of a electric battery decrease?,wherefore does electromotive force of a electric battery decrease?
How do I download (OS X El Capitan) on PC (Iso)?,How do I download (OS X El Capitan) on personal computer (Iso)?,How do I download (OS hug drug El Capitan) on microcomputer (Iso)?,How do single download (OS  El Capitan) on microcomputer (Iso)?
Where can I get some high quality weed (marijuana) in Kerala?,Where can I buzz off some high quality weed (marijuana) in Kerala?,Where can I take some high quality locoweed (marijuana) in Kerala?,Where can I have some high timber dope (marijuana) in Kerala?
How do I get a lesbian to fall in love with me (a straight male)?,How do i get a lesbian to fall in love with me (a straight male)?,How do I get a tribade to fall in love life with me (a straight male)?,How do unity develop a lesbian to fall in love with me (a unbowed male)?
Why does it feel like TV ad sales/marketing control professional sports?,Why does it feel like TV advertizing sales/marketing control professional sports?,wherefore does it feel like TV anno domini sales/marketing control professional sports?,wherefore does it tone like TV anno domini sales/marketing control professional sports?
How do I delete my website from search engines like Google?,How do I delete my internet site from search engines like Google?,How do I blue pencil my website from search engine like Google?,How do atomic number  erase my website from search locomotive like Google?
How do I find investors for my startup?,How do iodin find investors for my startup?,How do ane find investor for my startup?,How do atomic number  notice investor for my startup?
I go to an all-boys school. How can I ask a girl out to a dance if there is no way to do it in person? (See Details),iodin go to an all-boys school. How can iodin ask a girl out to a dance if there is no way to do it in person? (See Details),I go to an all-boys school. How can I inquire a girl out to a dance if there is no fashion to do it in person? (See Details),one go to an all-boys school. How can one ask a female child out to a trip the light fantastic toe if there is no way to do it in person? (See Details)
What is it like to be a student at the University of Washington in the Master in Human Computer Interaction and Design program?,What is it like to be a student at the University of Washington in the Master in Human reckoner Interaction and Design program?,What is it like to be a student at the University of Washington in the master copy in Human Computer Interaction and innovation program?,What is it like to be a student at the University of booker t washington in the Master in human being data processor Interaction and Design program?
What is the worst thing that has happened to you in 2014?,What is the worst matter that has happened to you in 2014?,What is the rack up affair that has happened to you in 2014?,What is the uncollectible affair that has find to you in 2014?
How can I control my emotions and actions?,How can one control my emotions and actions?,How can ace hold in my emotions and actions?,How can ace curb my emotion and actions?
"In Korean, what is the meaning of ""jagi""?","inch Korean, what is the meaning of ""jagi""?","inward Korean, what is the significant of ""jagi""?","hoosier state Korean, what is the substance of ""jagi""?"
How do I design an algorithm state machine for a microwave oven controller using VHDL?,How do I design an algorithm state machine for a microwave oven accountant using VHDL?,How do I design an algorithm land car for a microwave oven controller using VHDL?,How do I design an algorithm state machine for a zap oven accountant victimisation VHDL?
"Who is the successor of Nasser, in the International scene, Qaddafi or Boumediene ?","who is the successor of Nasser, in the International scene, Qaddafi or Boumediene ?","Who is the replacement of Nasser, in the International scene, qaddafi or Boumediene ?","world health organization is the successor of Nasser, in the outside scene, khadafy or Boumediene ?"
How can I hack my phone?,How can atomic number  hack my phone?,How can  machine politician my phone?,How can  ward heeler my phone?
Does green tea really help in losing weight?,Does green tea real help in losing weight?,doe green tea really help in suffer weight?,Does green camellia sinensis really service in suffer weight?
"Cute girl looked and smiled me for entire time as I walked by the hallway, what does that mean?","Cute girl looked and smiled me for entire time as I take the air by the hallway, what does that mean?","Cute girl calculate and smiled me for entire time as iodin walked by the hallway, what does that mean?","Cute girl looked and smile me for stallion clip as I walked by the hallway, what does that mean?"
Why the thermal conductivity of water increases with increasing temperature?,Why the thermal conductivity of water growth with increasing temperature?,why the thermic conductivity of water increases with increasing temperature?,Why the caloric conductivity of irrigate increases with increase temperature?
Where can I track successful products for amazon fba?,Where can I track successful products for amazon river fba?,Where can I racetrack successful product for amazon fba?,Where can single tail successful products for virago fba?
How can you find the purpose of human life?,How can you see the purpose of human life?,How can you see the purpose of man life?,How can you incur the role of homo life?
How do I upload/deploy laravel project to Google App Engine?,How do I upload/deploy laravel contrive to Google App Engine?,How do I upload/deploy laravel externalize to google App Engine?,How do one upload/deploy laravel stick out to google App Engine?
What is the chemical formula of nitrogen?,What is the chemic formula of nitrogen?,What is the chemical substance pattern of nitrogen?,What is the chemic rule of nitrogen?
Where can I find lanyard for my office?,Where can I determine lanyard for my office?,Where can ace encounter lanyard for my office?,Where can  discover laniard for my office?
I am a Software Er. earning 4 Lpa with 1 yr work ex. Should I go for MBA from a private college given I'll get the complete fees loaned?,I am a Software Er. pull in 4 Lpa with 1 yr work ex. Should I go for MBA from a private college given I'll get the complete fees loaned?,I am a Software Er. earning 4 Lpa with 1 yr function ex. Should I go for MBA from a private college given I'll get the complete tip loaned?,I am a package Er. earning 4 Lpa with ane yr work ex. Should I go for MBA from a private college hold I'll get the complete fees loaned?
How can I stop mouth breathing while sleeping at night?,How can I stop mouth external respiration while sleeping at night?,How can one discontinue mouth breathing while sleeping at night?,How can i stop mouth ventilation while log zs at night?
What is a professional way to send an email to ask for project update?,What is a professional way to institutionalize an email to ask for project update?,What is a professional mode to send an e mail to ask for project update?,What is a professional direction to send out an email to involve for project update?
Who is your favourite person in your family and why?,Who is your favourite person in your folk and why?,who is your favourite person in your phratry and why?,who is your best loved person in your mob and why?
What are homologous chromosomes? What are some examples?,What are homologous chromosomes? What are some examples?,What are homologous chromosomes? What are some examples?,What are homologous chromosomes? What are some examples?
What can hard working and successful American business people be doing now to defeat legislated wealth re-distribution?,What can hard working and successful American line of work people be doing now to defeat legislated wealth re-distribution?,What can hard go and successful american business people be doing now to defeat legislated wealth re-distribution?,What can hard working and successful American occupation mass be doing now to shoot down legislated wealth re-distribution?
How hard Cristiano work?,How heavily Cristiano work?,How firmly Cristiano work?,How backbreaking Cristiano work?
What are some examples of materials that can be magnetized?,What are some instance of materials that can be magnetized?,What are some exercise of fabric that can be magnetized?,What are some good example of cloth that can be magnetized?
How to integrate rolify to devise?,How to desegregate rolify to devise?,How to desegregate rolify to devise?,How to incorporate rolify to devise?
What are some good ideas for a bachelor party done in Orlando?,What are some good ideas for a bachelor party through in Orlando?,What are some good ideas for a bachelor at arms company done in Orlando?,What are some undecomposed theme for a bachelor party manage in Orlando?
"Does ureaplasma, a fungus, live in symbiosis with a kind of bacteria or fungus which produces its necessary food source, urea?","Does ureaplasma, a fungus, live in symbiosis with a kind of bacteria or fungus which produces its necessary nutrient source, urea?","Does ureaplasma, a fungus, live in mutualism with a form of bacteria or fungus which produces its necessary food source, urea?","Does ureaplasma, a fungus, live in symbiosis with a variety of bacterium or fungus which garden truck its necessary food source, urea?"
Why Donald Trump's proposed ban on Muslims helping ISIS?,Why Donald Trump's proposed ban on muslim helping ISIS?,Why Donald Trump's proposed ban on moslem help oneself ISIS?,wherefore Donald Trump's offer ban on muslim helping ISIS?
Why was Chicken considered taboo for orthodox upper-caste Hindus in Bengal but mutton and fish were not?,Why was poulet considered taboo for orthodox upper-caste Hindus in Bengal but mutton and fish were not?,Why was volaille considered taboo for orthodox upper-caste hindoo in Bengal but mutton and fish were not?,Why was Chicken considered taboo for orthodox upper-caste hindustani in bengal but mouton and fish were not?
How is a UFC fighter different from a boxer?,How is a UFC fighter dissimilar from a boxer?,How is a UFC belligerent dissimilar from a boxer?,How is a UFC battler unlike from a boxer?
What are the necessary components for starting your own business?,What are the necessary components for commence your own business?,What are the necessary ingredient for part your own business?,What are the essential component part for take off your own business?
Why the mortal remains of Kuamari Jayalalithaa is being buried and not cremated?,Why the mortal remains of Kuamari Jayalalithaa is being entomb and not cremated?,Why the someone remains of Kuamari Jayalalithaa is being swallow up and not cremated?,wherefore the somebody cadaver of Kuamari Jayalalithaa is being buried and not cremated?
She suddenly stopped responding. Any witty line to get her to reply again?,She suddenly stopped responding. Any witty line to get her to respond again?,She short stopped responding. whatsoever witty line to get her to reply again?,She suddenly bar responding. Any witty line to develop her to respond again?
What Factors decide Google place Ranking?,What Factors decide google place Ranking?,What Factors adjudicate Google post Ranking?,What cistron decide google set Ranking?
Who is the best interior designer in lucknow?,Who is the better interior designer in lucknow?,Who is the best home clothes designer in lucknow?,who is the adept interior intriguer in lucknow?
Did Trump win the election?,Did Trump acquire the election?,come Trump pull ahead the election?,practice outflank pull ahead the election?
What is the best free online dating site?,What is the best free online go steady site?,What is the best exempt on line dating site?,What is the in effect free people on line dating site?
"Is there any evidence to ""Being unable to get someone off of your mind indicates that you are also on that person's mind?""","Is there any evidence to ""Being unable to get person off of your mind indicates that you are also on that person's mind?""","Is there any evidence to ""Being unable to stupefy someone off of your creative thinker indicates that you are also on that person's mind?""","Is there any evidence to ""Being unable to get under ones skin someone off of your judgement designate that you are also on that person's mind?"""
Why do people here write long stories instead of directly answering the questions?,Why do people here write foresighted stories instead of directly answering the questions?,why do people here write long stories rather of directly answering the questions?,Why do mass here publish long stories instead of like a shot answering the questions?
Why am I angry with everyone?,Why am I wild with everyone?,Why am atomic number  wild with everyone?,wherefore am unity tempestuous with everyone?
My urine smells of whatever I eat. Is this normal? Does it indicate that im drinking less water? What can be done to solve this?,My urine olfactory modality of whatever I eat. Is this normal? Does it indicate that im drinking less water? What can be done to solve this?,My weewee smells of whatever I eat. be this normal? Does it indicate that im drinking less water? What can be done to solve this?,My urine smells of whatever i eat. follow this normal? Does it indicate that im booze less water? What can be done to solve this?
What do you think of the decision by the Indian Government to demonetize 500 and 1000 rupee notes?,What do you think of the decision by the Indian Government to demonetize 500 and chiliad rupee notes?,What do you reckon of the decision by the Indian Government to demonetize d and 1000 rupee notes?,What do you think of the decisiveness by the Indian Government to demonetise 500 and 1000 mauritian rupee notes?
Who makes the best long range ptz cooled mwir thermal imaging FLIR camera?,Who makes the best long drift ptz cooled mwir thermal imaging FLIR camera?,Who makes the best farseeing run ptz cooled mwir thermal imaging FLIR camera?,Who makes the comfortably long range ptz cool mwir thermal imagination FLIR camera?
Method to find separation of slits using fresnel biprism?,method to find separation of slits using fresnel biprism?,Method to find separation of slits habituate augustin jean fresnel biprism?,method acting to rule detachment of slits using fresnel biprism?
How do I concentrate better in my studies?,How do I concentrate meliorate in my studies?,How do I boil down substantially in my studies?,How do  centralise considerably in my studies?
What created energy? Or was it always there already? Did it create or cause space time and dimensions?,What created energy? Or was it always there already? Did it produce or cause space time and dimensions?,What created energy? Or was it always there already? Did it produce or cause space prison term and dimensions?,What created energy? Or was it always there already? come it produce or cause distance time and dimensions?
How should I watch the entire Star Wars?,How should I watch the entire wiz Wars?,How should atomic number  ascertain the entire Star Wars?,How should I ticker the intact virtuoso Wars?
What are some unusual aspects about politics and government in Myanmar?,What are some unusual aspects about politics and authorities in Myanmar?,What are some unusual expression about political sympathies and government in Myanmar?,What are some strange look about political sympathies and government in Myanmar?
What are some countries that were democracies but became dictatorships? Why did it happen?,What are some countries that were democracies but became dictatorships? why did it happen?,What are some countries that were commonwealth but go dictatorships? Why did it happen?,What are some state that were commonwealth but turn dictatorships? Why did it happen?
What is the advantage of brands for using media buyers to purchase advertising space for them?,What is the advantage of brands for using media buyers to purchase advertizing space for them?,What is the advantage of brands for using media buyers to buy promote space for them?,What is the advantage of brands for using metier emptor to purchase advertisement space for them?
Will India ever become a superpower?,Will India ever get a superpower?,will India ever go a superpower?,Will india ever so get a superpower?
"I have to take anti-rabies injections on days 0, 3, 7, 14 and 28. But I missed the 3rd dose on day 7, should I take the remaining doses or repeat?","I have to take anti-rabies injections on days 0, 3, 7, 14 and 28. But I overlook the 3rd dose on day 7, should I take the remaining doses or repeat?","I have to withdraw anti-rabies injections on days 0, 3, 7, 14 and 28. But I missed the 3rd dose on day 7, should I withdraw the remaining dot or repeat?","I have to take anti-rabies injections on days 0, 3, 7, xiv and 28. But I missed the 3rd zen on clarence shepard day jr 7, should I take the remaining doses or repeat?"
What are the best blog site?,What are the full blog site?,What are the c h best web log site?,What are the expert web log site?
"In Chinese, how do you say ""have a great day""?","inch Chinese, how do you say ""have a great day""?","indiana Chinese, how do you say ""have a swell day""?","inward Chinese, how do you pronounce ""have a swell day""?"
What would it take for the Serbia women's national basketball team to improve their international FIBA ranking?,What would it occupy for the Serbia women's national basketball team to improve their international FIBA ranking?,What would it take for the srbija women's national basketball team up to improve their international FIBA ranking?,What would it take for the Serbia women's national basketball game team up to meliorate their international FIBA ranking?
"Amd a8 (7gen) vs intel i5 which is better for simple programming nd coding (java, c,c++) etc?","Amd a8 (7gen) vs intel i5 which is estimable for simple programming nd coding (java, c,c++) etc?","Amd a8 (7gen) v intel i5 which is better for simple program nd coding (java, c,c++) etc?","age related macular degeneration a8 (7gen) vs intel i5 which is skilful for simple programming nd cipher (java, c,c++) etc?"
Do you know good quotes about the beauty of an accident?,exercise you know good quotes about the beauty of an accident?,practise you know soundly quotes about the beauty of an accident?,Do you know dependable quote about the lulu of an accident?
Can I use a Fitbit bracelet out of range from a Bluetooth device and then sync my workouts when I get in range?,Can I use a Fitbit bracelet out of range from a Bluetooth device and then sync my exercising when I get in range?,Can I use a Fitbit bracelet out of range from a Bluetooth twist and then sync my exercising when I get in range?,Can I practice a Fitbit bracelet out of range from a Bluetooth gimmick and then sync my workouts when I set about in range?
How I prepare for civil services in one year?,How I set for civil services in one year?,How I prepare for polite help in one year?,How I prepare for civic inspection and repair in  year?
How do you know whether it's time to continue holding on or time to let go?,How do you know whether it's time to continue holding on or time to lashkar e taiba go?,How do you know whether it's time to bear on nurse on or time to let go?,How do you jazz whether it's clock time to continue have got on or clock time to let go?
How long does it take drugs to get out of your system for a urine test?,How long does it engage drugs to get out of your system for a urine test?,How long does it take drug to get out of your scheme for a urine test?,How long does it take dose to get out of your organisation for a weewee test?
Why was it impossible to rescue Omayra Sánchez?,Why was it impossible to delivery Omayra Sánchez?,wherefore was it impossible to deliver Omayra Sánchez?,wherefore was it inconceivable to saving Omayra Sánchez?
What is Evaporative Cooling?,What is evaporative Cooling?,What is evaporative Cooling?,What is evaporative Cooling?
What is your favourite operating system for your workstation?,What is your best loved operating system for your workstation?,What is your darling operating organization for your workstation?,What is your ducky manoeuvre organization for your workstation?
What are the achievements of a multiparty democracy in Kenya?,What are the achievement of a multiparty democracy in Kenya?,What are the achievement of a multiparty republic in Kenya?,What are the accomplishment of a multiparty majority rule in Kenya?
What are the advantages and disadvantages of HND marine engineering?,What are the advantages and disfavor of HND marine engineering?,What are the advantages and disfavor of HND nautical engineering?,What are the vantage and disadvantage of hnd marine engineering?
Can I jailbreak iPhone 6 if it is iCloud locked?,Can atomic number  jailbreak iPhone 6 if it is iCloud locked?,Can I break iPhone half dozen if it is iCloud locked?,john unity gaolbreak iPhone 6 if it is iCloud locked?
Why did the USA and their allies plan to assassinate President Bashar al-Assad of Syria for a pipeline deal and the West Bank?,Why did the USA and their allies plan to assassinate President Bashar al-Assad of Syria for a pipeline allot and the West Bank?,Why did the USA and their allies be after to assassinate President Bashar al-Assad of Syria for a pipeline deal and the benjamin west Bank?,why did the united states of america and their allies plan to assassinate chief executive Bashar al-Assad of Syria for a pipeline deal and the West Bank?
Where can I find the Arctic Zero / Halo Top creamery equivalents in Canada? Are there any?,Where can I find the Arctic Zero / Halo top side creamery equivalents in Canada? Are there any?,Where can I find the Arctic null / Halo Top creamery combining weight in Canada? Are there any?,Where can one discover the Arctic Zero / Halo whirligig creamery equivalents in Canada? Are there any?
Does sciatica ever heal fully?,execute sciatica ever heal fully?,Does sciatica of all time mend fully?,practise sciatica always mend fully?
Can a human survive a nuclear blast by getting into a refrigerator?,Can a human survive a nuclear fire by getting into a refrigerator?,bottom a human hold up a nuclear blast by getting into a refrigerator?,ass a human being survive a atomic blast by getting into a refrigerator?
Is it not true that Kejriwal too started to play dirty politics?,Is it not true that Kejriwal too started to play marked up politics?,constitute it not admittedly that Kejriwal too started to play dirty politics?,live it not confessedly that Kejriwal too started to make for dirty politics?
How does the economy of India work?,How does the thriftiness of India work?,How does the thriftiness of republic of india work?,How does the saving of india work?
What are the top classifieds sites?,What are the top out classifieds sites?,What are the pinnacle classified sites?,What are the crest classified sites?
Why do most Indian men hate the modern day feminism?,Why do most Indian men hate the modern twenty four hour period feminism?,Why do most Indian men hate the forward looking twenty four hours feminism?,why do most amerindian language men hate the modern mean solar day feminism?
One of the best movies you have ever seen?,One of the best moving picture you have ever seen?,one of the best movies you have of all time seen?,unrivaled of the proficient movie you have ever seen?
My preboards are starting from 12 January 2017and I have prepared nothing.so what can I do to score more than 90% in preboards?,My preboards are starting from dozen January 2017and I have prepared nothing.so what can I do to score more than 90% in preboards?,My preboards are start out from 12 january 2017and I have prepared nothing.so what can I do to score more than 90% in preboards?,My preboards are starting from xii january 2017and I have organise nothing.so what can I do to score more than 90% in preboards?
Can non-iPhone users see emoji?,Can non-iPhone substance abuser see emoji?,give notice non-iPhone user see emoji?,privy non-iPhone substance abuser ascertain emoji?
Fighting: What is the quickest way to kill a person with your bare hands?,Fighting: What is the quickest way to stamp out a person with your bare hands?,Fighting: What is the ready way to kill a mortal with your bare hands?,Fighting: What is the quickest room to putting to death a person with your unfinished hands?
Relative difference and similarities in business organisation that has separate legal entity?,Relative difference and similarities in business sector organisation that has separate legal entity?,proportional difference and similarities in business constitution that has separate legal entity?,relation difference and similarities in business formation that has discriminate legal entity?
Why Electron affinity of Fluorine is less than Chlorine?,why Electron affinity of Fluorine is less than Chlorine?,wherefore Electron affinity of f is less than Chlorine?,wherefore Electron phylogenetic relation of f is less than Chlorine?
What is the difference between opc and ppc cement?,What is the conflict between opc and ppc cement?,What is the remainder between opc and ppc cement?,What is the divergence between opc and ppc cement?
What is mit like?,What is massachusetts institute of technology like?,What is massachusetts institute of technology like?,What is massachusetts institute of technology like?
How are a bullet train's wheels assembled?,How are a smoke train's wheels assembled?,How are a smoke train's bicycle assembled?,How are a bullet train train's bike assembled?
Why do people ask questions on Quora that are easily to find answers too on Google?,Why do people ask questions on Quora that are easily to retrieve answers too on Google?,Why do people call for call into question on Quora that are easily to find answers too on Google?,Why do people necessitate doubtfulness on Quora that are well to find answers too on Google?
What is the study of hacking?,What is the canvas of hacking?,What is the written report of hacking?,What is the learn of hacking?
What is the best book for practicing Gre verbal?,What is the best book for practise Gre verbal?,What is the intimately ledger for practicing Gre verbal?,What is the unspoilt bible for apply Gre verbal?
What Is the Holy Spirit?,What Is the holy place Spirit?,What represent the sanctum Spirit?,What constitute the sanctum Spirit?
How is the height of a place measured above sea level? How accurate is that measurement?,How is the height of a aim measured above sea level? How accurate is that measurement?,How is the height of a place deliberate above sea level? How precise is that measurement?,How is the elevation of a set measured above sea level? How exact is that measurement?
How can I pass the 70-410 exam?,How can unity pass the 70-410 exam?,How can single extend the 70-410 exam?,How can  perish the 70-410 exam?
What are the websites I should use daily to gather new information?,What are the websites  should use daily to gather new information?,What are the websites iodin should use daily to gather unexampled information?,What are the websites I should function everyday to conglomerate new information?
What is story behind the war between Lord Ram and Hanuman?,What is story behind the war between Lord pound and Hanuman?,What is story tail end the war between master Ram and Hanuman?,What is story fundament the warfare between almighty Ram and Hanuman?
"I,23 year old,want to be an entreprenure from my college days.Now I'm working in PSU Steel sector.Want to quit job.How should I go ahead?","I,23 year old,want to be an entreprenure from my college days.Now I'm working in PSU blade sector.Want to quit job.How should I go ahead?","I,23 year old,want to be an entreprenure from my college days.Now I'm work in PSU Steel sector.Want to quit job.How should unity go ahead?","I,23 twelvemonth old,want to be an entreprenure from my college days.Now I'm working in PSU sword sector.Want to chuck up the sponge job.How should I go ahead?"
Who does he like?,world health organization does he like?,who does he like?,world health organization does he like?
Has anyone on the birth control nexplanon gotten pregnant while taking the medication Modafinil or similar meds?,induce anyone on the birth control nexplanon gotten pregnant while taking the medication Modafinil or similar meds?,Has anyone on the birth see to it nexplanon gotten pregnant while taking the medicinal drug Modafinil or similar meds?,deliver anyone on the birth control nexplanon gotten significant while taking the medication Modafinil or exchangeable meds?
Which is the best site to learn German?,Which is the best situation to learn German?,Which is the easily locate to learn German?,Which is the right place to hear German?
What is a kite's tessellation? Why do polygons tessellate?,What is a kite's tessellation? Why do polygon tessellate?,What is a kite's tessellation? wherefore do polygonal shape tessellate?,What is a kite's tessellation? why do polygon tessellate?
How complicated would it be to code an app like wish?,How elaborate would it be to code an app like wish?,How complicated would it be to codification an app same wish?,How refine would it be to inscribe an app wish wish?
How can I increase traffic on my blog?,How can I increase dealings on my blog?,How can ace addition traffic on my blog?,How can one addition dealings on my blog?
Who is the most honest Game of Thrones character?,Who is the most true Game of Thrones character?,who is the most honest crippled of Thrones character?,who is the most reliable bet on of Thrones character?
How can I get some information about the best faculty members for JEE maths in Lucknow?,How can I get some information about the best faculty members for JEE math in Lucknow?,How can I get some selective information about the best mental faculty members for JEE maths in Lucknow?,How can I get some information about the respectable staff members for JEE math in Lucknow?
How much would it cost to make an iPhone app like Uber?,How much would it be to make an iPhone app like Uber?,How much would it cost to hit an iPhone app the likes of Uber?,How lots would it monetary value to make an iPhone app corresponding Uber?
What is the GDP of China?,What is the gdp of China?,What is the gdp of China?,What is the gdp of China?
What is the responsibility of a boater to protect the shoreline?,What is the responsibility of a waterman to protect the shoreline?,What is the province of a waterman to protect the shoreline?,What is the duty of a waterman to protect the shoreline?
What should I do to overcome my anger?,What should unity do to overcome my anger?,What should ane do to get the better of my anger?,What should single do to sweep over my anger?
Is it against the law to upload a video of a fight on my social media?,Is it against the police to upload a video of a fight on my social media?,personify it against the jurisprudence to upload a video of a fight on my social media?,Is it against the law to upload a video recording of a combat on my societal media?
What's The best way to stay healthy?,What's The salutary way to stay healthy?,What's The comfortably way of life to stay healthy?,What's The ripe mode to persist healthy?
Why did you choice to become a doctor?,Why did you choice to go a doctor?,wherefore did you prime to become a doctor?,why did you option to get a doctor?
Is the new 2000 Rupee note really implementing NGC (Nano GPS Chip)?,Is the modern 2000 Rupee note really implementing NGC (Nano GPS Chip)?,represent the new 2000 Rupee note really carry out NGC (Nano GPS Chip)?,Is the young 2000 Rupee preeminence genuinely implementing NGC (Nano GPS Chip)?
How do I survive the competition in online food ordering (middleman) business?,How do I survive the competition in on line food ordering (middleman) business?,How do iodin live the competition in online food ordering (middleman) business?,How do I survive the contest in on line food order (middleman) business?
Which book I should prefer for physics problems to crack Jee advanced?,Which book ace should prefer for physics problems to crack Jee advanced?,Which quran ane should prefer for physics problems to crack Jee advanced?,Which bible I should favour for physics trouble to crack Jee advanced?
What is your review of buildthecareer.com?,What is your review article of buildthecareer.com?,What is your follow up of buildthecareer.com?,What is your reexamine of buildthecareer.com?
Is it possible to gave a good product but fail because nobody knew about it?,Is it possible to gave a good product but run out because nobody knew about it?,Is it possible to pass a good product but fail because nobody have it off about it?,Is it possible to gave a effective cartesian product but give way because nobody knew about it?
Why do I feel slightly ill after drinking coffee?,Why do ace feel slightly ill after drinking coffee?,Why do I tone more or less ill after drinking coffee?,why do single feel slightly ailment after drinking coffee?
Do LLB is considered to be a degree?,Do LLB is look at to be a degree?,coiffe llb is considered to be a degree?,do llb is consider to be a degree?
Why is it so impossible to get reliable WiFi on the NYC Subway system?,Why is it so impossible to get reliable wireless fidelity on the NYC Subway system?,Why is it so insufferable to get reliable wireless local area network on the NYC Subway system?,why is it so impossible to contract reliable wlan on the NYC Subway system?
"How does Cognizant manage to send more folks to onsite esp with H1B as compared to its peers like TCS, Accenture, Infy etc?","How does Cognizant manage to send more folks to onsite extrasensory perception with H1B as compared to its peers like TCS, Accenture, Infy etc?","How does Cognizant oversee to send more folks to onsite esp with H1B as compared to its match like TCS, Accenture, Infy etc?","How does Cognizant care to send more folks to onsite second sight with H1B as compare to its peers like TCS, Accenture, Infy etc?"
What should I do if I just got my period?,What should one do if one just got my period?,What should ane do if ane just gravel my period?,What should single do if single just fuck off my period?
Why am I feeling so down everyday?,why am I feeling so down everyday?,wherefore am ane feeling so down everyday?,why am one smell so down everyday?
"Is Kolkata the worst city to work in India, due to the tremendous organizational politics and amateurish attitude of its employees?","cost Kolkata the worst city to work in India, due to the tremendous organizational politics and amateurish attitude of its employees?","Is Kolkata the worst city to work in India, due to the fantastic organizational politics and amateur attitude of its employees?","Is Kolkata the worst city to work in India, referable to the tremendous organisational politics and amateur attitude of its employees?"
What are Bayesian models?,What are bayesian models?,What are bayesian models?,What are bayesian models?
How does a topic trend on Twitter?,How does a topic cut on Twitter?,How does a issue swerve on Twitter?,How does a matter style on Twitter?
What jobs can you get with a BS in Neuroscience?,What jobs can you catch with a BS in Neuroscience?,What jobs can you pose with a b in Neuroscience?,What subcontract can you stimulate with a bs in Neuroscience?
Why are Pakistani intellectuals silent on Uri terror attack?,Why are pakistani intellectuals silent on Uri terror attack?,Why are Pakistani intellect silent on Uri affright attack?,why are Pakistani intellect silent on Uri scourge attack?
Which is the best scooter in india under 60000?,Which is the best scooter in republic of india under 60000?,Which is the full scooter in republic of india under 60000?,Which is the salutary iceboat in bharat under 60000?
How much is known about the release date of the new Apple MacBook Pro?,How lots is known about the release date of the new Apple MacBook Pro?,How much is known about the liberate appointment of the new Apple MacBook Pro?,How much is known about the release appointment of the modern orchard apple tree MacBook Pro?
What is the difference between network architecture and application architecture?,What is the divergence between network architecture and application architecture?,What is the dispute between net architecture and application architecture?,What is the difference between meshing computer architecture and practical application architecture?
How can I edit a question on Quora?,How can  edit a question on Quora?,How can I redact a doubtfulness on Quora?,How can iodin delete a doubt on Quora?
What should you do if your parents want to know your Facebook password?,What should you do if your parents deficiency to know your Facebook password?,What should you do if your parent want to recognise your Facebook password?,What should you do if your parent require to screw your Facebook password?
Could helium 3 be used for rocket fuel?,Could he 3 be used for rocket fuel?,Could helium troika be used for rocket salad fuel?,Could atomic number  3 be secondhand for skyrocket fuel?
Is there any app on Android platform that tells you which particular medicine you should take when you have a particular illness?,Is there any app on Android platform that tells you which particular proposition medicine you should take when you have a particular proposition illness?,Is there any app on Android platform that tells you which especial practice of medicine you should take when you have a especial illness?,live there any app on Android platform that narrate you which particular medicinal drug you should take when you have a particular illness?
What is the difference between electrical devices and electronic devices?,What is the difference between electrical device and electronic devices?,What is the conflict between electrical device and electronic devices?,What is the dispute between electric twist and electronic devices?
What is it like to survive a school shooting?,What is it same to survive a school shooting?,What is it like to outlast a school day shooting?,What is it corresponding to hold out a schooltime shooting?
How fair is the tax system in India?,How fair is the tax arrangement in India?,How average is the tax organization in India?,How clean is the assess organisation in India?
Which test series is best made easy or ace for gate(civil) 2017?,Which mental test series is best made easy or ace for gate(civil) 2017?,Which mental testing series is best made prosperous or ace for gate(civil) 2017?,Which mental test series is best arrive at well situated or ace for gate(civil) 2017?
Can we message anyone on Quora?,terminate we message anyone on Quora?,butt we subject matter anyone on Quora?,give the axe we content anyone on Quora?
Do employees at Sun National Bank have a good work-life balance? Does this differ across positions and departments?,Do employees at Sun National Bank have a good work-life balance? Does this differ crossways positions and departments?,Do employees at Sun National Bank have a good work-life balance? Does this dissent across location and departments?,Do employee at lords day national Bank have a good work-life balance? Does this differ across positions and departments?
How would I convert a binary number to a decimal number in the least time complexity?,How would I convert a binary star number to a decimal number in the least time complexity?,How would I convert a double star come to a decimal come in the least time complexity?,How would unity convert a binary come to a denary come in the least time complexity?
What are the best smartphones under 15K in 2016?,What are the outflank smartphones under 15K in 2016?,What are the outdo smartphones under 15K in 2016?,What are the salutary smartphones under 15K in 2016?
How can I learn to build a compiler?,How can atomic number  learn to build a compiler?,How can iodin learn to chassis a compiler?,How can ane discover to progress a compiler?
Why do so many people ask questions on Quora.com when they could easily find the answers themselves online?,Why do so many people ask questions on Quora.com when they could easy find the answers themselves online?,Why do so many people ask question on Quora.com when they could easily find the result themselves online?,Why do so many people inquire questions on Quora.com when they could well recover the answers themselves online?
What is the protein with the least number of amino acids?,What is the protein with the to the lowest degree number of amino acids?,What is the protein with the least identification number of aminic acids?,What is the protein with the to the lowest degree figure of aminic acids?
Is bet365 legal in India?,Is bet365 effectual in India?,exist bet365 effectual in India?,constitute bet365 effectual in India?
What do you do to help yourself fall asleep?,What do you do to serve yourself fall asleep?,What do you do to help oneself yourself evenfall asleep?,What do you do to supporter yourself twilight asleep?
What is pre placement offer?,What is pre location offer?,What is pre arrangement offer?,What is pre position offer?
How can I stay fit without going to a gym?,How can I stay fit without operate to a gym?,How can i stay suit without going to a gym?,How can single stay outfit without hold out to a gym?
What are important things for people intending to major in archaeology to know about?,What are significant things for people intending to major in archaeology to know about?,What are important things for people designate to john r major in archaeology to know about?,What are important matter for mass intending to major in archeology to know about?
Why do people do an MBA course after engineering?,Why do people do an MBA track after engineering?,Why do citizenry do an MBA course of study after engineering?,Why do hoi polloi do an master in business administration of course after engineering?
Why does India feel insecure with CPEC?,Why does republic of india feel insecure with CPEC?,why does India feel unsafe with CPEC?,wherefore does India flavour unsafe with CPEC?
Where do people go when they die?,Where do people run when they die?,Where do masses cristal when they die?,Where do the great unwashed croak when they die?
Will kindle screen harm my eyes while reading from it? Just like any other LED screens?,Will kindle screen trauma my eyes while reading from it? Just like any other LED screens?,Will kindle screen harm my middle while recital from it? Just like any other LED screens?,bequeath kindle filmdom harm my eyes while reading from it? Just like any other moderate screens?
What is the best web scraping tutorial with Python?,What is the best world wide web scraping tutorial with Python?,What is the advantageously web quarrel tutorial with Python?,What is the just world wide web scrap tutorial with Python?
"What are the differences between porcelain, ceramics and China?","What are the differences between porcelain, ceramic and China?","What are the difference between porcelain, ceramic and China?","What are the departure between porcelain, ceramic and China?"
What are some great movies to watch?,What are some expectant movies to watch?,What are some cracking film to watch?,What are some corking pic to watch?
How can one get more likes on Facebook pictures? Is there an app or a link to do so?,How can one get more likes on Facebook pictures? be there an app or a link to do so?,How can one get more the like on Facebook pictures? Is there an app or a connect to do so?,How can unrivalled develop more likes on Facebook pictures? Is there an app or a tie in to do so?
How much money can I make in a month in day trading?,How much money can I make in a month in twenty four hour period trading?,How much money can iodine make in a calendar month in day trading?,How much money can I ca ca in a calendar month in  hour interval trading?
How do you treat numbness on the tongue?,How do you treat spiritlessness on the tongue?,How do you handle spiritlessness on the tongue?,How do you care for apathy on the tongue?
How do I design an Android app using NetBeans IDE?,How do I design an humanoid app using NetBeans IDE?,How do ane design an Android app apply NetBeans IDE?,How do i plan an android app using NetBeans IDE?
Federal reserve?,federal soldier reserve?,union soldier reserve?,fed reserve?
"I am expecting 240 marks in the JEE Mains paper, 2 B.Arch. and 59% in 12th boards. What is the best college that I can get for architecture?","I am expecting 240 marks in the JEE Mains paper, 2 B.Arch. and 59% in th boards. What is the best college that I can get for architecture?","I am have a bun in the oven 240 marks in the JEE main paper, 2 B.Arch. and 59% in 12th boards. What is the best college that I can get for architecture?","atomic number  am expecting 240 chump in the JEE Mains paper,  B.Arch. and 59% in 12th boards. What is the best college that atomic number  can get for architecture?"
Which type of motor is used in washing machines?,Which type of motor is secondhand in washing machines?,Which type of drive is apply in washing machines?,Which type of drive is victimized in lavation machines?
What is the best smartphone in the price range 7000-9000?,What is the best smartphone in the damage range 7000-9000?,What is the unspoiled smartphone in the mary leontyne price range 7000-9000?,What is the secure smartphone in the leontyne price image 7000-9000?
What’s the funniest picture ever taken?,What’s the funniest picture always taken?,What’s the odd flick ever taken?,What’s the funny pic always taken?
How can we differentiate leadership change news from general business news?,How can we tell apart leadership change news from general business news?,How can we differentiate leaders change tidings from general business news?,How can we differentiate leaders transfer news from worldwide business news?
Why should I not do a job in TCS?,Why should I not do a farm out in TCS?,Why should iodin not do a book of job in TCS?,wherefore should unity not do a speculate in TCS?
Why do girls like bad boys?,Why do young lady like bad boys?,Why do girls care badly boys?,wherefore do young lady like badly boys?
Is sleeping wasted time?,Is sleeping neutralize time?,follow sleeping squandered time?,personify dormancy skeletal time?
Where can I found best concrete polishing experts in Epping?,Where can ane found best concrete polishing experts in Epping?,Where can iodine obtain best concrete polishing experts in Epping?,Where can ace found expert concrete polish up experts in Epping?
What is it like living in South Africa? How are the people? Is it safe?,What is it like populate in South Africa? How are the people? Is it safe?,What is it similar living in to the south Africa? How are the people? Is it safe?,What is it alike surviving in South Africa? How are the people? constitute it safe?
How long does it take for meth to not show in a UA if smoked?,How long does it take for chalk to not show in a UA if smoked?,How long does it take aim for meth to not bear witness in a UA if smoked?,How longsighted does it look at for meth to not point in a UA if smoked?
What death on Supernatural made you the most angry?,What death on supernatural made you the most angry?,What demise on Supernatural throw you the most angry?,What decease on supernatural take a shit you the most angry?
Is masturbation for a boy harmful?,exist masturbation for a boy harmful?,comprise onanism for a boy harmful?,represent onanism for a male child harmful?
How do I block messages from my school?,How do atomic number  block messages from my school?,How do I city block content from my school?,How do  kibosh substance from my school?
How can I read all the messages in my device inbox using Cordova?,How can I read all the messages in my device inbox victimisation Cordova?,How can one record all the messages in my device inbox using Cordova?,How can atomic number  register all the messages in my gimmick inbox using Cordova?
Why do transgender people undergo gender reassignment surgery?,Why do transgender people undergo sexuality reassignment surgery?,Why do transgender the great unwashed undergo sexuality reassignment surgery?,wherefore do transgendered the great unwashed undergo gender reassignment surgery?
"By Registering and paying for XAT 2017, am I eligible for XLRI and other Associate Member Institutes?","By Registering and paying for XAT 2017, am I eligible for XLRI and other Associate phallus Institutes?","By Registering and paying for XAT 2017, am ane eligible for XLRI and other Associate appendage Institutes?","By show and give for XAT 2017, am I eligible for XLRI and other fellow Member Institutes?"
What individuals and events in history are a source of pride for Italy?,What individuals and events in chronicle are a source of pride for Italy?,What individual and events in history are a source of pridefulness for Italy?,What mortal and case in account are a source of pride for Italy?
How long does meth stay in a persons blood?,How long does meth abide in a persons blood?,How long does methedrine continue in a persons blood?,How foresighted does crank last out in a persons blood?
What should the introverts do to survive in work environment?,What should the introverts do to survive in act upon environment?,What should the introvert do to last in work environment?,What should the invaginate do to pull round in work out environment?
What are some good cigars for me?,What are some near cigars for me?,What are some near cigar for me?,What are some expert cigar for me?
How can we improve mathematics for MCA?,How can we improve math for MCA?,How can we better math for MCA?,How can we amend math for MCA?
Did Modi took 25 crores bribe from Aditya Birla Group in 2012?,serve Modi took 25 crores bribe from Aditya Birla Group in 2012?,Did Modi took 25 crore bribe from aditya Birla Group in 2012?,serve Modi engage 25 crores bribe from Aditya Birla mathematical group in 2012?
What’s the best way to learn Japanese?,What’s the full way to learn Japanese?,What’s the in effect way of life to learn Japanese?,What’s the comfortably way of life to get a line Japanese?
"What is the next number in the sequence: 1, 2, 3, 4?","What is the future number in the sequence: 1, 2, 3, 4?","What is the adjacent list in the sequence: 1, 2, 3, 4?","What is the following numerate in the sequence: 1, 2, 3, 4?"
How does Jimmy Wales get the money from Wikipedia?,How does Jimmy weal get the money from Wikipedia?,How does jimmy Wales stick the money from Wikipedia?,How does prize wheal beget the money from Wikipedia?
How credible is the National Enquirer when it comes to the Ted Cruz Affair story?,How credible is the national Enquirer when it comes to the Ted Cruz Affair story?,How believable is the National Enquirer when it comes to the Ted Cruz social occasion story?,How believable is the subject Enquirer when it come to the Ted Cruz Affair story?
What is the salary of new grads starting at eBay in 2016?,What is the salary of raw grads starting at eBay in 2016?,What is the salary of new alumnus startle at eBay in 2016?,What is the wage of novel grade starting at eBay in 2016?
How do you paint over acrylic paint? What is the best paint to use?,How do you paint over acrylic paint? What is the trump paint to use?,How do you pigment over acrylate resin paint? What is the best pigment to use?,How do you pigment over acrylic resin paint? What is the ripe pigment to use?
Is coaching necessary for cracking the GATE?,Is coaching necessary for swell the GATE?,personify coaching requisite for cracking the GATE?,equal coaching job essential for cracking the GATE?
Will there be any protest against cast reservation or protest for reservation based on economic situation of individuals in India any time soon?,Will there be any protest against cast reservation or protest for reservation based on economic situation of person in India any time soon?,Will there be any protest against cat reservation or protest for reservation based on economical situation of individuals in India any time soon?,Will there be any protest against cast of characters mental reservation or protest for mental reservation found on economic situation of individuals in India any time soon?
What's the best cell phone carrier in Prague?,What's the secure cell phone carrier in Prague?,What's the safe cell phone postman in Prague?,What's the unspoilt cadre phone mailman in Prague?
Why do we park on driveways and drive on parkways?,Why do we park on driveway and drive on parkways?,wherefore do we park on driveways and push on parkways?,wherefore do we parkland on driveways and take on parkways?
How do I convince my wife that I love her?,How do one convince my wife that one love her?,How do unity convince my married woman that unity love her?,How do i convince my married woman that i hump her?
What is the best one liner for a WhatsApp status?,What is the best one ocean liner for a WhatsApp status?,What is the best  ocean liner for a WhatsApp status?,What is the topper ane lining for a WhatsApp status?
Is it that the EM drive works because the top disc is smaller than the bottom disc?,Is it that the EM crusade works because the top disc is smaller than the bottom disc?,Is it that the em drive works because the top disc is pocket size than the bottom disc?,personify it that the em quad beat back works because the top disc is smaller than the bottom disc?
What books should entrepreneurs read on entrepreneurship?,What books should entrepreneurs say on entrepreneurship?,What record should enterpriser read on entrepreneurship?,What volume should entrepreneur show on entrepreneurship?
"As a legitimate massage therapist, how often does a client indicate they would like a ""happy ending""?","As a licit massage therapist, how often does a client indicate they would like a ""happy ending""?","As a legitimate massage therapist, how often does a client show they would care a ""happy ending""?","vitamin a a legitimate rub down therapist, how often does a client indicate they would corresponding a ""happy ending""?"
How is the chemical formula for photosynthesis determined?,How is the chemic formula for photosynthesis determined?,How is the chemical substance recipe for photosynthesis determined?,How is the chemic chemical formula for photosynthesis determined?
Where can I get the Lollipop update for a Moto E?,Where can I mystify the Lollipop update for a Moto E?,Where can unity get under ones skin the Lollipop update for a Moto E?,Where can i scram the ice lolly update for a Moto E?
What creative things one can do on a daily basis?,What creative things one and only can do on a daily basis?,What creative affair unmatched can do on a daily basis?,What originative things peerless can do on a casual basis?
"How does it feel to fly on the Airbus A380, especially when it comes to super long international flights?","How does it feel to fly on the Airbus A380, particularly when it comes to super long international flights?","How does it finger to fly on the Airbus A380, specially when it comes to super long international flights?","How does it tactile property to fly on the Airbus A380, especially when it comes to crack foresightful international flights?"
What is the best link to download movies?,What is the best connexion to download movies?,What is the estimable join to download movies?,What is the topper yoke to download movies?
What is the best brand of mozzarella cheese to use on a pizza that will give it an amazing flavor?,What is the best brand of mozzarella cheese to use on a pizza that will give it an amaze flavor?,What is the expert brand of mozzarella cheese to apply on a pizza that will give it an amazing flavor?,What is the considerably brand of mozzarella cheese to use on a pizza pie that will give it an perplex flavor?
Are Ray William Johnson jokes anti-feminism?,Are Ray William Johnson joke anti-feminism?,Are Ray William lyndon johnson antic anti-feminism?,embody shaft William Johnson gag anti-feminism?
"I have read a sentence""I, fugi, sed poteras tutior esse domi."" which kind of language it is and what's the meaning in English?","ace have read a sentence""I, fugi, sed poteras tutior esse domi."" which kind of language it is and what's the meaning in English?","one have read a sentence""I, fugi, sed poteras tutior esse domi."" which kind of lyric it is and what's the meaning in English?","I have read a sentence""I, fugi, sed poteras tutior esse domi."" which sort of nomenclature it is and what's the signification in English?"
Which type of people are choose to become Yampurshas by Yamraj?,Which type of people are take to become Yampurshas by Yamraj?,Which eccentric of people are prefer to become Yampurshas by Yamraj?,Which character of mass are choose to turn Yampurshas by Yamraj?
How do married couples stay married yet live on different continents?,How do married span stay married yet live on different continents?,How do splice couples stay splice yet springy on different continents?,How do tie couples stay tie yet hot on dissimilar continents?
How do I get over my ex's past?,How do I begin over my ex's past?,How do iodine mystify over my ex's past?,How do ace obtain over my ex's past?
How many start-ups are there in the Gurgaon?,How many start-ups are there in the Gurgaon?,How many start-ups are there in the Gurgaon?,How many start-ups are there in the Gurgaon?
"I would like to pivot my career from Sales to Big Data, where do I start?","I would like to pivot my vocation from Sales to Big Data, where do I start?","I would like to pivot man my career from Sales to grown Data, where do I start?","ace would like to pivot my career from sales event to freehanded Data, where do ace start?"
How many employees does each Fortune 1000 company have?,How many employees does each hazard 1000 company have?,How many employee does each lot 1000 company have?,How many employee does each luck grand company have?
What's the grass for in Pokémon GO?,What's the rat for in Pokémon GO?,What's the sess for in Pokémon GO?,What's the green goddess for in Pokémon GO?
What caused African enslavement?,What induce African enslavement?,What make african enslavement?,What induce african enslavement?
What is the Bootstrap theory?,What is the bootstrap theory?,What is the bootstrap theory?,What is the bootstrap theory?
Why won't my Instagram suggestions (search history) go away even after I deleted them?,Why won't my Instagram suggestions (search history) locomote away even after I deleted them?,Why won't my Instagram suggestions (search history) pass away away even after I edit them?,wherefore won't my Instagram suggestions (search history) go by even after one deleted them?
"If gawker had its assets protected in a different business structure, would it have saved itself from a lawsuit?","If gawker had its assets protected in a dissimilar business structure, would it have saved itself from a lawsuit?","If gawker had its plus protected in a different business structure, would it have keep open itself from a lawsuit?","If gawker had its asset saved in a different business structure, would it have save itself from a lawsuit?"
How do you get an erection on command?,How do you suffer an erection on command?,How do you mystify an hard on on command?,How do you grow an erecting on command?
Is it possible to lose 40 pounds in one month?,exist it possible to lose 40 pounds in one month?,Is it potential to lose xl pounds in one month?,Is it potential to misplace 40 irish pound in one month?
What is the reaction between sodium hydroxide and water?,What is the reaction between sodium hydrated oxide and water?,What is the response between sodium hydrated oxide and water?,What is the response between atomic number  hydrated oxide and water?
Why do Indian Muslims hate Modi?,Why do Indian muslim hate Modi?,Why do indian muslim hate Modi?,Why do amerindian language muslim hatred Modi?
What's the best app to see if my phone is being tapped?,What's the best app to examine if my phone is being tapped?,What's the best app to attend if my ring is being tapped?,What's the in effect app to go out if my call up is being tapped?
"Which is Best buy out of all Jionet mobiles, budget can be managable?","Which is unspoiled buy out of all Jionet mobiles, budget can be managable?","Which is skilful bribe out of all Jionet mobiles, budget can be managable?","Which is serious corrupt out of all Jionet mobiles, budget can be managable?"
Why do people become famous?,Why do mass become famous?,why do hoi polloi become famous?,wherefore do hoi polloi go famous?
What can I learn for free on the internet that will be useful for the rest of my life?,What can I learn for free on the cyberspace that will be useful for the rest of my life?,What can I see for loose on the internet that will be useful for the rest of my life?,What can iodine learn for unloosen on the internet that will be useful for the breathe of my life?
What are the best free Python IDEs on PC for a beginner?,What are the best free Python IDEs on microcomputer for a beginner?,What are the easily complimentary Python IDEs on PC for a beginner?,What are the best dislodge Python ides on microcomputer for a beginner?
What will happen if Donald Trump wins?,What will chance if Donald Trump wins?,What will befall if Donald outflank wins?,What will come about if Donald horn wins?
Have you been noticing an attempt to lay the blame on Trump's election on minorities?,Have you been noticing an attempt to put down the blame on Trump's election on minorities?,Have you been detect an attempt to lay the pick on Trump's election on minorities?,Have you been noticing an attack to ballad the infernal on Trump's election on minorities?
What do teachers talk about in the Teachers Room of a school?,What do instructor talk about in the Teachers Room of a school?,What do teachers babble out about in the Teachers room of a school?,What do teachers let the cat out of the bag about in the instructor elbow room of a school?
What price should charge a patient against biomimetic aura airlines eluting coronary stent system if the mrp of the product is Rs 100000/-?,What price should tutelage a patient against biomimetic aura airlines eluting coronary stent system if the mrp of the product is Rs 100000/-?,What price should charge a patient against biomimetic nimbus airlines elute coronary stent system if the mrp of the product is Rs 100000/-?,What price should charge a patient against biomimetic glory airlines elute coronary stent system if the mrp of the intersection is Rs 100000/-?
Where can I find a good bar furniture?,Where can I find a good measure furniture?,Where can I notice a good exclude furniture?,Where can ane find oneself a good relegate furniture?
Which quality of men attracts the women most?,Which quality of gentleman attracts the women most?,Which prize of men attracts the charwoman most?,Which prize of serviceman draw the women most?
"What are the main advantages and disadvantages of AC and DC motors, which are majorly used in the industries and why?","What are the main advantages and disadvantages of AC and DC motors, which are majorly used in the industriousness and why?","What are the main advantages and disadvantages of AC and district of columbia motors, which are majorly habituate in the industries and why?","What are the master advantages and disadvantages of AC and direct electric current motors, which are majorly ill used in the industries and why?"
Should the drinking age be lowered?,Should the drinking geezerhood be lowered?,Should the wassail years be lowered?,Should the drunkenness get on be lowered?
"What was the surname of ""Kauravas"" (or ""Pandavas"")?","What was the last name of ""Kauravas"" (or ""Pandavas"")?","What was the cognomen of ""Kauravas"" (or ""Pandavas"")?","What was the cognomen of ""Kauravas"" (or ""Pandavas"")?"
What are some great optical illusions?,What are some bully optical illusions?,What are some with child opthalmic illusions?,What are some gravid ocular illusions?
Is 12 Mbps a good internet speed for streaming and gaming?,Is 12 Mbps a good cyberspace speed for streaming and gaming?,Is 12 Mbps a goodness internet velocity for streaming and gaming?,Is 12 Mbps a good net swiftness for pour and gaming?
What is the best movie you have seen recently?,What is the best picture show you have seen recently?,What is the outdo film you have seen recently?,What is the undecomposed motion picture you have get word recently?
What are some insane locker room stories?,What are some insane locker elbow room stories?,What are some insane cabinet way stories?,What are some harebrained storage locker way stories?
What are the different career scopes for a mechanical engineer after completion of B Tech?,What are the different calling scopes for a mechanical engineer after completion of B Tech?,What are the different career scopes for a mechanical engineer after pass completion of b complex Tech?,What are the different calling scopes for a mechanical engineer after pass completion of type b Tech?
What happens to your stock options if you decide to leave a company?,What happens to your stock options if you settle to leave a company?,What materialize to your stock pick if you decide to leave a company?,What bump to your stock alternative if you decide to get out a company?
Can Donald Trump be punished for his 'jokes' about second amendment supporters assassinating Hillary/her supreme court picks?,Can Donald Trump be penalize for his 'jokes' about second amendment supporters assassinating Hillary/her supreme court picks?,Can Donald Trump be punished for his 'jokes' about d amendment suspensor assassinating Hillary/her supreme court picks?,posterior Donald Trump be punish for his 'jokes' about second amendment supporters assassinate Hillary/her supreme court picks?
What stickers are on the Clemson's football helmets?,What stickers are on the Clemson's football game helmets?,What spikelet are on the Clemson's football game helmets?,What dagger are on the Clemson's football game helmets?
Which are the best books for CAT 2017?,Which are the best books for computed tomography 2017?,Which are the best holy scripture for puke 2017?,Which are the honorable record for computed tomography 2017?
What's the best way to learn English?,What's the practiced way to learn English?,What's the easily way to find out English?,What's the safe agency to discover English?
Could someone describe possible future scenario when Germany will regret blurring of Google Street View in detail?,Could individual describe possible future scenario when Germany will regret blurring of Google Street View in detail?,Could someone describe possible future scenario when Germany will regret dim of Google Street take in in detail?,Could someone describe possible future scenario when Germany will regret blurring of google street see in detail?
Can I write any of the Olympiads whilst studying in Class 12?,Can I write any of the olympiad whilst studying in Class 12?,tin I write any of the olympiad whilst studying in Class 12?,Can I indite any of the Olympiads whilst canvass in classify 12?
How can I reset my Gmail password if I don't remember my recovery Email and current password?,How can I reset my Gmail password if I don't remember my recovery electronic mail and current password?,How can iodine reset my Gmail password if iodine don't think my recovery Email and current password?,How can I reset my Gmail password if I don't commend my convalescence Email and electric current password?
What are the risks associated with investing in parking lots/garages/structures/etc?,What are the risks associated with investing in park lots/garages/structures/etc?,What are the risks tie in with investing in park lots/garages/structures/etc?,What are the run a risk associated with gift in park lots/garages/structures/etc?
"If I take too long to think upon a problem or to answer a question, being afraid of mistakes, does that make me slower or retarded compared to others?","If I contain too long to think upon a problem or to answer a question, being afraid of mistakes, does that make me slower or retarded compared to others?","If I take too foresightful to think upon a problem or to respond a question, being afraid of mistakes, does that make me slower or retarded compared to others?","If I take too retentive to think upon a problem or to answer a question, being afraid of mistakes, does that realise me slower or retarded equate to others?"
"Where can I find some good, advanced JFreeChart examples for data visualization?","Where can one find some good, advanced JFreeChart examples for data visualization?","Where can I find some good, advanced JFreeChart representative for datum visualization?","Where can unity get some good, advanced JFreeChart examples for data point visualization?"
What are the applications of turbulent flow?,What are the applications of churning flow?,What are the diligence of tumultuous flow?,What are the practical application of troubled flow?
What is the reason behind human existence on earth?,What is the reason behind human being existence on earth?,What is the reason behind man universe on earth?,What is the ground behind homo world on earth?
"Do many Mexican women like East Asian men (Korean, Japanese, Chinese)?","Do many Mexican women like East Asian human (Korean, Japanese, Chinese)?","Do many mexican women the like East Asian men (Korean, Japanese, Chinese)?","Do many Mexican cleaning lady like orient asiatic men (Korean, Japanese, Chinese)?"
Can students leave after MS in direct PhD programs at IIT's?,Can students leave after k in direct PhD programs at IIT's?,Can students leave after MS in direct phd broadcast at IIT's?,keister educatee leave after MS in place PhD programs at IIT's?
What did you wear to your prom?,What did you tire to your prom?,What did you tire out to your prom?,What did you wear out to your prom?
Why are airplanes so slow?,Why are airplane so slow?,why are plane so slow?,why are aeroplane so slow?
Why are Lithuanians so good at basketball compared to Russians?,Why are Lithuanians so good at basketball compare to Russians?,Why are Lithuanians so good at hoops compare to Russians?,Why are Lithuanians so respectable at hoops compare to Russians?
Why the month February has only 29 days?,Why the month february has only 29 days?,why the month february has only 29 days?,wherefore the calendar month feb has only 29 days?
How can i earn through youtube?,How can i garner through youtube?,How can i clear through youtube?,How can i bring in through youtube?
How do I refreshen my brain for my junior year of high school?,How do I refreshen my brain for my jr year of high school?,How do I refreshen my brain for my jr class of high school?,How do ane refreshen my brain for my junior class of eminent school?
What are some books which will help me in understanding machine learning mathematical concepts?,What are some books which will help me in understanding machine learning numerical concepts?,What are some books which will facilitate me in realize machine learning mathematical concepts?,What are some bible which will help me in understanding simple machine teach mathematical concepts?
How is a image formed by a plane mirror? What are some examples?,How is a image work by a plane mirror? What are some examples?,How is a image organise by a flat mirror? What are some examples?,How is a see organize by a woodworking plane mirror? What are some examples?
What is the difference between Chinese food available in Japan and authentic Chinese food?,What is the difference between Chinese food available in japan and authentic Chinese food?,What is the departure between chinese food available in Japan and authentic chinese food?,What is the difference between Chinese food useable in nihon and veritable Chinese food?
From which episode is the One Piece anime in 720p and 1080p?,From which episode is the One piece of music anime in 720p and 1080p?,From which sequence is the One assemble anime in 720p and 1080p?,From which episode is the i assemble zanzibar copal in 720p and 1080p?
How do I participate or contribute in open source projects?,How do I participate or contribute in spread source projects?,How do single participate or contribute in spread source projects?,How do ane enter or contribute in open reference projects?
Construction of Arduino?,building of Arduino?,mental synthesis of Arduino?,expression of Arduino?
Why is Donald Trump winning the election not a trending topic on Quora?,wherefore is Donald Trump winning the election not a trending topic on Quora?,Why is Donald trump card winning the election not a trending theme on Quora?,wherefore is Donald scoop winning the election not a trending theme on Quora?
Why should a company use or invest in a Master Data Management product?,Why should a company use or invest in a Master information Management product?,Why should a company utilisation or seat in a Master Data Management product?,wherefore should a company purpose or invest in a maestro Data Management product?
What are some tips for becoming pretty?,What are some slant for becoming pretty?,What are some lead for go pretty?,What are some tiptoe for become pretty?
How can I read someone whatsapp messages on my computer?,How can iodin read someone whatsapp messages on my computer?,How can I read soul whatsapp content on my computer?,How can I translate somebody whatsapp subject matter on my computer?
I forgot my MI Account username and password. How to delete that account in Xiaomi Redmi Note 3?,I forgot my MI Account username and password. How to blue pencil that account in Xiaomi Redmi Note 3?,I forgot my military intelligence section  Account username and password. How to delete that report in Xiaomi Redmi Note 3?,I forgot my MI Account username and password. How to cancel that report in Xiaomi Redmi short letter 3?
How do I get brighter skin for dusky skin?,How do I start out brighter skin for dusky skin?,How do single get brighter shinny for dusky skin?,How do i get brilliant skin for dark skinned skin?
Are there the energy levels in atoms?,equal there the energy levels in atoms?,are there the energy dismantle in atoms?,cost there the energy department charge in atoms?
Screenshots: What do people think of Gyazo?,Screenshots: What do people cogitate of Gyazo?,Screenshots: What do masses retrieve of Gyazo?,Screenshots: What do hoi polloi mean of Gyazo?
How do I know what martial art is right for me?,How do unity know what martial art is right for me?,How do I have it away what soldierlike art is right for me?,How do I lie with what soldierlike art is decently for me?
Is timetravel possible?,exist timetravel possible?,cost timetravel possible?,make up timetravel possible?
What is it like to live in a rainforest?,What is it comparable to live in a rainforest?,What is it the like to resilient in a rainforest?,What is it same to hold out in a rainforest?
"I am in love with my classmate, I am gay and he's straight, what should I do?","I am in erotic love with my classmate, I am gay and he's straight, what should I do?","ace am in love with my classmate, ace am mirthful and he's straight, what should ace do?","unity am in know with my classmate, unity am homosexual and he's straight, what should unity do?"
What's the difference between a TF card and a Micro SD card?,What's the difference between a TF identity card and a Micro SD card?,What's the difference between a TF card and a micro sd card?,What's the conflict between a TF menu and a Micro south dakota card?
What industry-friendly policies Punjab government has introduced?,What industry-friendly policies Punjab governing has introduced?,What industry-friendly insurance punjab government has introduced?,What industry-friendly insurance policy punjab government activity has introduced?
How do I prepare for gate EE?,How do i prepare for gate EE?,How do I organise for logic gate EE?,How do ace set for logic gate EE?
Why is Saltwater taffy candy imported in China?,Why is Saltwater taffy glaze imported in China?,wherefore is Saltwater taffy glaze imported in China?,why is Saltwater taffy sugarcoat import in China?
What are some of the best snack hacks?,What are some of the best nosh hacks?,What are some of the effective nosh hacks?,What are some of the topper nosh hacks?
How can I reduce my body weight without doing workout?,How can I abbreviate my body weight without doing workout?,How can i reduce my body weight unit without doing workout?,How can  trim back my soundbox weight without doing workout?
Do air ionizers work?,coiffure air ionizers work?,coiffe tune ionizers work?,get along atmosphere ionizers work?
How do I transfer WhatsApp messages from Android to iOS?,How do I transfer WhatsApp messages from mechanical man to iOS?,How do I carry over WhatsApp substance from Android to iOS?,How do i transferee WhatsApp subject matter from Android to iOS?
What are some suggestions for a New Year card with a theme based on Astronomy?,What are some suggestions for a New class card with a theme based on Astronomy?,What are some proffer for a New Year card with a theme base on Astronomy?,What are some suggestions for a raw Year card with a topic found on Astronomy?
Where can I get high quality commercial pressure washing in Australia?,Where can I get high choice commercial pressure washing in Australia?,Where can I get high calibre commercial pressure lap in Australia?,Where can I get high quality commercial message air pressure moisten in Australia?
How do I learn probability in a day?,How do I read probability in a day?,How do one watch probability in a day?,How do iodine study chance in a day?
What is the reason behind the self energizing action of drum brakes?,What is the reason behind the ego energizing action of drum brakes?,What is the understanding behind the self energising action of drum brakes?,What is the grounds behind the self kinetic action of get up brakes?
Is there a shampoo that will help my hair to grow faster?,equal there a shampoo that will help my hair to grow faster?,Is there a shampoo that will assistance my hair to uprise faster?,live there a shampoo that will help my haircloth to uprise faster?
What are the best excuses to reset a time for a job interview?,What are the best excuses to reset a time for a farm out interview?,What are the just excuses to reset a clock time for a job interview?,What are the better excuses to reset a sentence for a book of job interview?
How can I reduce my belly without doing exercise?,How can I reduce my belly out without doing exercise?,How can  lose weight my belly without doing exercise?,How can one tighten my venter without doing exercise?
How can we arrange a get together for fathers-in-law and mothers-in-law of both sides of the family?,How can we arrange a get together for fathers-in-law and mother in law of both sides of the family?,How can we arrange a get together for father in law and mothers-in-law of both side of the family?,How can we put a get together for father in law and mothers-in-law of both face of the family?
What is the hardest thing(s) about raising children in Australia?,What is the hardest thing(s) about raising small fry in Australia?,What is the hardest thing(s) about promote kid in Australia?,What is the arduous thing(s) about upraise fry in Australia?
What are the best books that can improve our English grammar a lot?,What are the in effect books that can improve our English grammar a lot?,What are the better books that can amend our English grammar a lot?,What are the near word of god that can ameliorate our English grammar a lot?
How will the ban of old 500 and 1000 rs notes help in bringing out the black money?,How will the ban of old five hundred and 1000 rs notes help in bringing out the black money?,How will the ban of old 500 and 1000 rs notes avail in get out the black money?,How will the ban of old  and thou rs notes helper in bringing out the black money?
How hard is it to convince an Indian girl to have sex?,How hard is it to convert an Indian girl to have sex?,How hard is it to convince an amerindian language miss to have sex?,How arduous is it to win over an red indian girl to have sex?
How can I watch game of thrones season 6 online?,How can I watch game of thrones season sextuplet online?,How can I watch gritty of thrones season sise online?,How can I sentinel gritty of thrones season sise online?
Do male professional swimmers/divers ever feel awkward wearing those tiny speedos in front of so many people at an event?,Do manly professional swimmers/divers ever feel awkward wearing those tiny speedos in front of so many people at an event?,Do male professional swimmers/divers ever feel awkward wearing those midget speedos in face of so many people at an event?,Do manful professional swimmers/divers ever feel awkward wearing those tiny speedos in front line of so many hoi polloi at an event?
Is there any difference between cupcake and muffin?,make up there any difference between cupcake and muffin?,constitute there any divergence between cupcake and muffin?,constitute there any divergence between cupcake and muffin?
Is Modi's decision on demonetization of 500 and 1000 notes welcomed by public?,Is Modi's decision on demonetization of 500 and chiliad notes welcomed by public?,Is Modi's decision on demonetization of  and k notes welcomed by public?,represent Modi's decision on demonetisation of five hundred and 1000 notes welcomed by public?
How do we read Kundli?,How do we scan Kundli?,How do we show Kundli?,How do we interpret Kundli?
Which is the best place to prepare for the IELTS?,Which is the easily place to prepare for the IELTS?,Which is the ripe place to organize for the IELTS?,Which is the ripe rank to train for the IELTS?
"how do people send 10,000 following/likes/views to instagram post in short time?","how do people institutionalise 10,000 following/likes/views to instagram post in short time?","how do people send 10,000 following/likes/views to instagram emily post in little time?","how do the great unwashed place 10,000 following/likes/views to instagram office in short time?"
How do I generate the unittest_results.xml file in Jenkins from a Python script (unit tests) without installing the plugin like xmlrunner?,How do I generate the unittest_results.xml file in Jenkins from a python script (unit tests) without installing the plugin like xmlrunner?,How do ane generate the unittest_results.xml file in Jenkins from a python script (unit tests) without installing the plugin like xmlrunner?,How do I return the unittest_results.xml filing cabinet in Jenkins from a python script (unit tests) without installing the plugin like xmlrunner?
How is Micromax p680 tablet?,How is Micromax p680 tablet?,How is Micromax p680 tablet?,How is Micromax p680 tablet?
What does a Physical Therapist do?,What does a Physical healer do?,What does a forcible therapist do?,What does a forcible healer do?
How would people buy things online without net neutrality?,How would multitude buy things online without net neutrality?,How would people buy matter online without network neutrality?,How would multitude buy affair on line without net neutrality?
How does it feel to be homosexual in India?,How does it feel to be homophile in India?,How does it find to be homo in India?,How does it feeling to be homo in India?
How much can I earn by organizing a TEDx event?,How much can I earn by mastermind a TEDx event?,How a good deal can I earn by unionize a TEDx event?,How practically can one take in by organizing a TEDx event?
How does demonetization of the 500 and 1000 notes bring down the real estate price?,How does demonetization of the 500 and 1000 notice bring down the real estate price?,How does demonetization of the 500 and thou bankers bill bring down the real estate price?,How does demonetization of the 500 and yard short letter bring down the real estate of the realm price?
How do I apply for an internship at Amazon (India)?,How do I hold for an internship at Amazon (India)?,How do I utilize for an internship at virago (India)?,How do i hold for an internship at amazon river (India)?
What is a muscle car?,What is a sinew car?,What is a muscleman car?,What is a brawniness car?
What is difference between variance and standard deviation?,What is difference between variability and standard deviation?,What is difference between disagreement and criterion deviation?,What is divergence between discrepancy and touchstone deviation?
What is wrong with my hand?,What is wrongfulness with my hand?,What is haywire with my hand?,What is improper with my hand?
What are some good and appreciative qualities of Hillary Clinton?,What are some good and appreciative calibre of Hillary Clinton?,What are some good and appreciative timber of sir edmund hillary Clinton?,What are some salutary and appreciative caliber of hillary Clinton?
Why is Elon Musk getting so fat?,Why is Elon musk getting so fat?,why is Elon Musk mother so fat?,why is Elon musk fuck off so fat?
Does Bernie Sanders want to make universities tuition-free?,Does Bernie Sanders want to make university tuition-free?,Does Bernie Sanders want to get university tuition-free?,Does Bernie Sanders desire to produce university tuition-free?
How do I improve my credit score?,How do ane improve my credit score?,How do I ameliorate my deferred payment score?,How do single ameliorate my acknowledgment score?
What process in operating system?,What operation in operating system?,What serve in operate system?,What action in run system?
What is the difference between demonetization in India and Venezuela?,What is the divergence between demonetization in India and Venezuela?,What is the conflict between demonetisation in India and Venezuela?,What is the conflict between demonetisation in republic of india and Venezuela?
Why do people think that American founding fathers were not religous if they started meetings with prayer?,Why do people think that American founding fathers were not religous if they take up meetings with prayer?,Why do masses think that American founding male parent were not religous if they started meetings with prayer?,Why do people think that American instauration founding father were not religous if they depart meetings with prayer?
How can I invent?,How can iodine invent?,How can ane invent?,How can i invent?
How did you learn to speak English?,How did you take to speak English?,How did you get word to mouth English?,How did you see to address English?
How can I unfriend someone on Facebook without them knowing?,How can I unfriend mortal on Facebook without them knowing?,How can atomic number  unfriend somebody on Facebook without them knowing?,How can iodine unfriend individual on Facebook without them knowing?
Do I need a powerful computer for web development and design?,Do I involve a powerful computer for web development and design?,fare I pauperism a powerful computer for web development and design?,Do I need a powerful computing device for www growing and design?
Which universities for MS in CS should I apply to?,Which universities for MS in CS should i apply to?,Which universities for MS in vitamin c should I give to?,Which universities for MS in hundred should iodine use to?
Does masturbation cause hair fall?,Does onanism cause hair fall?,practice masturbation cause pilus fall?,fare masturbation crusade pilus fall?
What is the QuickBooks installation support phone number?,What is the QuickBooks installation patronage phone number?,What is the QuickBooks installation fend for speech sound number?,What is the QuickBooks induction backing earpiece number?
Which is the best Indian stock market app?,Which is the upright Indian stock market app?,Which is the best american indian stock commercialise app?,Which is the unspoiled amerindian language stock marketplace app?
"In spite of the Equal Pay Act 1963, why do we still have a gender wage gap in the US? How can we change this?","inch spite of the Equal Pay Act 1963, why do we still have a gender wage gap in the US? How can we change this?","In spite of the compeer Pay Act 1963, why do we still have a gender wage crack in the US? How can we change this?","hoosier state spite of the compeer Pay Act 1963, why do we still have a gender pay gap in the US? How can we change this?"
Why do we need new quantum mechanics?,why do we need new quantum mechanics?,Why do we motivation raw quantum mechanics?,wherefore do we take young quantum mechanics?
Why did Nike drop Greg Rutherford?,why did Nike drop Greg Rutherford?,Why did nike drop down Greg Rutherford?,wherefore did nike bead Greg Rutherford?
Is love marriage good?,Is love wedlock good?,be love man and wife good?,make up sexual love wedding good?
Who are Mona Punjabi?,world health organization are Mona Punjabi?,world health organization are mona Punjabi?,world health organization are anglesey Punjabi?
What is the nutritional value of tonic water?,What is the nutritional time value of tonic water?,What is the nutritionary esteem of tonic water?,What is the nutritionary time value of quinine water water?
Which U.S. state has the best environmental protection policies?,Which U.S. state has the advantageously environmental protection policies?,Which U.S. land has the skilful environmental protection policies?,Which U.S. country has the substantially environmental trade protection policies?
What are some things that come in groups of 5?,What are some things that make out in groups of 5?,What are some thing that arrive in groups of 5?,What are some thing that descend in aggroup of 5?
What are the safety precautions on handling shotguns proposed by the NRA in South Carolina?,What are the safety precautions on handling shotguns proposed by the NRA in dixieland Carolina?,What are the safety precautions on handling shotgun proposed by the NRA in dixie Carolina?,What are the condom precautions on plow shotgun proposed by the NRA in South Carolina?
How should I start the preparation of IAS exam from my graduation level?,How should I originate the preparation of IAS exam from my graduation level?,How should single start the preparation of hawkeye state exam from my graduation level?,How should iodine start the cooking of IAS examination from my graduation level?
What is the revenue model of Airbnb?,What is the tax income model of Airbnb?,What is the gross mould of Airbnb?,What is the gross fashion model of Airbnb?
Which are the best men's colognes to attract women?,Which are the honest men's colognes to attract women?,Which are the best mens colognes to draw women?,Which are the near mens cologne to attract women?
How do TV set top boxes work and display channels?,How do TV coif top boxes work and display channels?,How do TV set upside boxes exercise and display channels?,How do TV set teetotum box seat work and presentation channels?
How good was Steven Gerrard?,How just was Steven Gerrard?,How full was Steven Gerrard?,How commodity was Steven Gerrard?
What's the ultimate goal in life which must be achieved?,What's the ultimate goal in life which mustiness be achieved?,What's the ultimate goal in spirit which mustiness be achieved?,What's the ultimate end in animation which mustiness be achieved?
What is like to meet Alia Bhatt?,What is care to meet Alia Bhatt?,What is the like to run across Alia Bhatt?,What is alike to gather Alia Bhatt?
What was the most stupid thing/s you've ever seen others do?,What was the most stupe thing/s you've ever seen others do?,What was the most unintelligent thing/s you've ever so seen others do?,What was the most dolt thing/s you've of all time construe others do?
Is there an easy way to remember squares from 1 to 100?,Is there an tardily way to remember squares from 1 to 100?,cost there an easy way to remember square toes from 1 to 100?,be there an easy way to call up squares from one to 100?
How can India become a manufacturing hub?,How can india become a manufacturing hub?,How can bharat suit a manufacturing hub?,How can bharat turn a make up hub?
What is ACM-ICPC? How should I prepare for it in a year. from scratch?,What is ACM-ICPC? How should  prepare for it in a year. from scratch?,What is ACM-ICPC? How should iodin ready for it in a year. from scratch?,What is ACM-ICPC? How should ace fix for it in a year. from scratch?
What was the most embarrassing moment in front of your school?,What was the most embarrassing instant in front of your school?,What was the most embarrassing instant in movement of your school?,What was the most stymie import in presence of your school?
What are some home remedies for a dry throat?,What are some home repair for a dry throat?,What are some house remedies for a juiceless throat?,What are some domicile therapeutic for a juiceless throat?
How do I sell celebrity domain name?,How do I sell famous person domain name?,How do I deal celebrity knowledge base name?,How do ane betray celebrity domain of a function name?
What is some advice on a barbecue?,What is some advice on a barbecue?,What is some advice on a barbecue?,What is some advice on a barbecue?
Will taxis survive in SF?,Will taxis outlast in SF?,testament taxicab survive in SF?,volition taxi hold out in SF?
How do women experience orgasm?,How do women feel orgasm?,How do char have orgasm?,How do cleaning lady have orgasm?
How do I bypass torrent in firewall?,How do ane bypass torrent in firewall?,How do I short circuit waterspout in firewall?,How do ane beltway downpour in firewall?
Is there is any connection of our dreams to our lives?,Is there is any connection of our daydream to our lives?,Is there is any connector of our stargaze to our lives?,represent there is any connectedness of our aspiration to our lives?
I'm an average person throughout my life in terms of academics. I've just started writing on Quora. Is it not possible to be a Top Writer unless you're are very good in your academics?,I'm an average person throughout my life in terms of academics. I've just started writing on Quora. equal it not possible to be a Top Writer unless you're are very good in your academics?,I'm an average person throughout my life in terminus of academics. I've just started pen on Quora. Is it not possible to be a Top Writer unless you're are very good in your academics?,I'm an ordinary person throughout my life in terms of academics. I've just started writing on Quora. Is it not possible to be a Top writer unless you're are very in force in your academics?
"What is the difference between saying ""I love you"" and ""love you""?","What is the departure between saying ""I love you"" and ""love you""?","What is the departure between aver ""I love you"" and ""love you""?","What is the remainder between say ""I have a go at it you"" and ""love you""?"
Where can I find web developers?,Where can I find net developers?,Where can iodin find vane developers?,Where can unity line up vane developers?
How do I going to prevent dengue fever?,How do I going to forestall dengue fever?,How do iodin going to keep dengue fever?,How do atomic number  give out to preclude dengue fever?
Is M. A. Economics necessary qualification for getting into EXIM bank?,personify M. A. Economics necessary qualification for getting into EXIM bank?,Is M. A. economics necessary qualification for aim into EXIM bank?,Is M. A. economic science necessary reservation for catch into EXIM bank?
What does Jimmy Wales think of Quora?,What does Jimmy Wales cerebrate of Quora?,What does Jimmy cambria reckon of Quora?,What does lever wheal guess of Quora?
Is Michelle Obama's hair natural?,exist Michelle Obama's hair natural?,make up Michelle Obama's haircloth natural?,embody Michelle Obama's fuzz natural?
How do you stop your cat from spraying?,How do you stop your chuck from spraying?,How do you lay off your kat from spraying?,How do you full point your chuck from spraying?
How do gay men react to yaoi manga which are usually popular with straight women?,How do queer men react to yaoi manga which are usually popular with straight women?,How do jolly men react to yaoi manga which are ordinarily popular with straight women?,How do brave military personnel react to yaoi manga which are usually democratic with straight women?
Why we remove spiders from our houses?,wherefore we remove spiders from our houses?,why we take away spiders from our houses?,why we transfer wanderer from our houses?
How is the word 'taciturn' used in a sentence?,How is the give voice 'taciturn' used in a sentence?,How is the give and take 'taciturn' employ in a sentence?,How is the logos 'taciturn' use in a sentence?
How do I stop smoking cigarettes?,How do I stop fume cigarettes?,How do iodine stop smoke cigarettes?,How do iodine break smoke cigarettes?
What is Vehicle S?,What is vehicle S?,What is fomite S?,What is fomite S?
"I am 22 want to learn about investing in stock market, so from where do I start?","I am 22 want to con about investing in stock market, so from where do I start?","I am twenty two deprivation to learn about investing in stock market, so from where do I start?","iodine am  want to learn about investing in malcolm stock market, so from where do iodine start?"
How do I look up my pay stubs for McDonald's?,How do I look up my pay off stubs for McDonald's?,How do unity look up my make up stubs for McDonald's?,How do  look up my yield nub for McDonald's?
Will upgrading to the 2016 MacBook Pro be worth it?,Will upgrading to the 2016 MacBook Pro be charles frederick worth it?,Will kick upstairs to the 2016 MacBook Pro be deserving it?,testament upgrading to the 2016 MacBook pro be deserving it?
What are the bitter truths about doing MBA in the US for an Indian?,What are the bitterly truths about doing MBA in the US for an Indian?,What are the bitter accuracy about doing MBA in the america for an Indian?,What are the bitter accuracy about doing master in business in the u for an Indian?
What is a real time system?,What is a real clip system?,What is a substantial metre system?,What is a very sentence system?
Can a Brahmin girl marry a non-Brahmin boy ?,Can a Brahmin young woman marry a non-Brahmin boy ?,bottom a Brahmin girl marry a non-Brahmin son ?,Can a brahman young woman hook up with a non-Brahmin boy ?
Why is the moon red in color sometimes?,wherefore is the moon red in color sometimes?,Why is the moonlight red in colourise sometimes?,wherefore is the lunar month red faced in color sometimes?
Which is the worst Tamil movie you have seen and why?,Which is the worst tamil movie you have seen and why?,Which is the worst tamil movie you have take care and why?,Which is the unfit tamil moving picture you have seen and why?
Are you suffering from PTSD too?,represent you suffering from PTSD too?,equal you suffering from ptsd too?,comprise you stand from ptsd too?
What common harmless foods are poisonous in large quantities?,What common harmless foods are venomous in large quantities?,What common harmless food for thought are poisonous in tumid quantities?,What plebeian harmless food for thought are poisonous in turgid quantities?
Do I need to be interested in aviation and take an aviation related course at university to join NASA as an astronaut?,Do I need to be interested in airmanship and take an airmanship related course at university to join NASA as an astronaut?,fare atomic number  need to be interested in aviation and take an aviation related course at university to join NASA as an astronaut?,Do I motivation to be concerned in aviation and necessitate an aviation related course at university to join NASA as an astronaut?
What are some alternatives to yelp in India?,What are some alternative to yelp in India?,What are some alternative to yap in India?,What are some alternative to yap in India?
How do I get rid of the pain of unrequited love?,How do I get disembarrass of the pain of unrequited love?,How do ane get disembarrass of the pain of unrequited love?,How do iodine get free of the pain in the ass of unrequited love?
What are some things new employees should know going into their first day at CommunityOne Bank?,What are some things raw employees should know going into their first day at CommunityOne Bank?,What are some things new employee should know going into their first off day at CommunityOne Bank?,What are some thing modern employees should have sex going into their first day at CommunityOne Bank?
"Why are Indians so influenced by the Western culture, when the Indian tradition has so much to give?","Why are Indians so influenced by the Western culture, when the Indian tradition has so very much to give?","Why are Indians so regulate by the Western culture, when the Indian tradition has so a great deal to give?","Why are amerind so influenced by the western culture, when the Indian custom has so much to give?"
"Did Lil Wayne invent the word ""bling""?","serve Lil Wayne invent the word ""bling""?","Did Lil mad anthony wayne invent the password ""bling""?","set Lil Wayne contrive the christian bible ""bling""?"
Is it still accepted manners for men to stand up when a woman arrives at or gets up from a table?,Is it still accepted manners for men to stand up when a womanhood arrives at or gets up from a table?,Is it silent accepted personal manner for men to stand up when a woman arrives at or gets up from a table?,follow it still accepted manners for gentlemans gentleman to stand up when a woman arrives at or vex up from a table?
Is it true AAP MLA Amanatullah Khan has been arrested in sexual harassment case?,Is it truthful AAP MLA Amanatullah Khan has been arrested in sexual harassment case?,Is it true up AAP MLA Amanatullah Khan has been arrested in intimate harassment case?,be it genuine AAP MLA Amanatullah Khan has been arrested in sexual molestation case?
What were the positive and negative effects of the Cuban Revolution?,What were the positive and negative effects of the cuban Revolution?,What were the positive and veto essence of the Cuban Revolution?,What were the positive and veto outcome of the cuban Revolution?
What can I do to improve my physics. I am a medical aspirant and I am facing a lot of problem in doing physics?,What can I do to improve my physics. I am a medical aspirer and I am facing a lot of problem in doing physics?,What can I do to improve my physics. I am a medical checkup aspirant and I am facing a lot of job in doing physics?,What can I do to improve my physics. I am a aesculapian aspirant and I am lining a good deal of problem in doing physics?
What does Quora mean?,What does Quora mean?,What does Quora mean?,What does Quora mean?
What is the best way to avoid procrastination?,What is the best direction to avoid procrastination?,What is the full way to fend off procrastination?,What is the charles herbert best means to obviate procrastination?
Before you devote your life to the bible remember it was written by people who thought the earth was flat?,Before you devote your life to the bible remember it was written by people who thought the dry land was flat?,Before you devote your life to the christian bible remember it was written by people who thought the solid ground was flat?,Before you devote your life to the word of god think back it was written by people who thought the globe was flat?
What's the best method for learning Java for Android?,What's the best method for eruditeness Java for Android?,What's the best method for get word java for Android?,What's the upright method acting for learning coffee for Android?
Did Pakistan actually kill 3 million Bengalis in 1971?,behave Pakistan actually kill 3 million Bengalis in 1971?,Did Pakistan really kill 3 meg Bengalis in 1971?,manage west pakistan actually stamp out 3 million Bengalis in 1971?
What do you think about Sufism?,What do you cerebrate about Sufism?,What do you believe about Sufism?,What do you retrieve about Sufism?
What's happening to Hong Kong?,What's come about to Hong Kong?,What's come about to Hong Kong?,What's bechance to Hong Kong?
What is the best programming language I should learn as a beginner?,What is the best programming language I should con as a beginner?,What is the ripe computer programming language I should learn as a beginner?,What is the dear computer programming language iodine should learn as a beginner?
Hdb rent cost singapore?,Hdb rip cost singapore?,Hdb lease monetary value singapore?,Hdb take be singapore?
How do I add pictures to Quora questions?,How do I add photograph to Quora questions?,How do i add project to Quora questions?,How do unity adhd photo to Quora questions?
Do distance relationships work? How can you make it work?,Do aloofness relationships work? How can you make it work?,brawl distance relationship work? How can you make it work?,serve distance relationship work? How can you progress to it work?
Which is the most reliable agency that offers money exchange services in Melbourne?,Which is the most reliable agency that offers money exchange table service in Melbourne?,Which is the most authentic agency that offers money convert services in Melbourne?,Which is the most true bureau that offers money exchange robert william service in Melbourne?
How many users does hitrecord have?,How many user does hitrecord have?,How many user does hitrecord have?,How many substance abuser does hitrecord have?
What are some interesting facts about NASA?,What are some interesting fact about NASA?,What are some interest fact about NASA?,What are some interest fact about NASA?
What is the best travel health insurance for my parents (Non-US citizens) who are visiting the States?,What is the best journey health insurance for my parents (Non-US citizens) who are visiting the States?,What is the undecomposed travel health insurance policy for my parents (Non-US citizens) who are visiting the States?,What is the best travel wellness insurance for my parent (Non-US citizens) who are shoot the breeze the States?
How have mainstream standards of feminine beauty changed over the last century?,How have mainstream standards of feminine beauty changed over the hold up century?,How have mainstream standards of feminine smasher transfer over the last century?,How have mainstream criterion of feminine smasher shift over the last century?
How do I improve my English with creative writing skills?,How do single improve my English with creative writing skills?,How do I amend my side with creative writing skills?,How do I amend my side with originative writing skills?
Where in the world are the most technologically advanced places?,Where in the public are the most technologically advanced places?,Where in the existence are the most technologically supercharge places?,Where in the creation are the most technologically forward looking places?
How do a junior high school students make money by theirselves?,How do a junior high educate students make money by theirselves?,How do a junior high schooltime students brand money by theirselves?,How do a jnr highschool schoolhouse students make money by theirselves?
What are the most modern forms of promotion used in integrated marketing communication?,What are the most bodoni forms of promotion used in integrated marketing communication?,What are the most new forms of promotion used in incorporate marketing communication?,What are the most modern take shape of promotion apply in integrated commercialize communication?
Is an opossum a rodent?,follow an opossum a rodent?,comprise an phalanger a rodent?,constitute an phalanger a rodent?
How do I know a typed Wi-Fi password in my mobile?,How do I make love a typed Wi-Fi password in my mobile?,How do I make love a typewrite Wi-Fi password in my mobile?,How do i make out a typed Wi-Fi countersign in my mobile?
How can I start a BPO from home with 2 or three members?,How can I start a BPO from home with 2 or trio members?,How can I start a BPO from home with two or iii members?,How can unity startle a BPO from home with 2 or terzetto members?
What do you think about vegetarians?,What do you recall about vegetarians?,What do you cerebrate about vegetarians?,What do you suppose about vegetarians?
Why does my urine stink when I take meth?,Why does my urine stink when ane take meth?,why does my pee stink when I take meth?,Why does my piddle malodour when I film meth?
"As a programmer, should I get a laptop with a dull 1080p screen or another one with a good 1366 screen if they both have the same specs?","As a programmer, should I get a laptop with a dull 1080p screen or another one with a ripe 1366 screen if they both have the same specs?","As a programmer, should I get a laptop with a mute 1080p covert or another one with a good 1366 covert if they both have the same specs?","atomic number  a programmer, should ane get a laptop computer with a dull 1080p screen or another one with a good 1366 screen if they both have the same specs?"
What are the best examples of websites or web based products that have been VC backed heavily as a marketable business concept or a product?,What are the best examples of websites or web based products that have been VC backed heavily as a marketable business conception or a product?,What are the best examples of websites or web based products that have been VC backed hard as a marketable job concept or a product?,What are the best examples of web site or entanglement free base products that have been VC backed heavily as a marketable business concept or a product?
What is the difference between fat and calories?,What is the conflict between fat and calories?,What is the difference of opinion between blubber and calories?,What is the remainder between rich and calories?
What happens when cancers metastasize?,What happens when cancer the crab metastasize?,What encounter when cancer metastasize?,What befall when cancer metastasize?
"What drives Virat Kohli, Aamir Khan,Narendra Modi in their respective field to do remarkable works?","What drives Virat Kohli, Aamir Khan,Narendra Modi in their respective field of operation to do remarkable works?","What drives Virat Kohli, Aamir Khan,Narendra Modi in their several field to do singular works?","What beat back Virat Kohli, Aamir Khan,Narendra Modi in their several field of force to do remarkable works?"
What is the future of Oracle PL/SQL developers?,What is the future of prophesier PL/SQL developers?,What is the succeeding of vaticinator PL/SQL developers?,What is the hereafter of oracle PL/SQL developers?
What are the wrong beliefs of atheists?,What are the wrong impression of atheists?,What are the improper feeling of atheists?,What are the awry opinion of atheists?
What is the total investment in polyhouse farming and what is the profit in it?,What is the total investment funds in polyhouse farming and what is the profit in it?,What is the tally investment in polyhouse farming and what is the net profit in it?,What is the total investment funds in polyhouse raise and what is the benefit in it?
"To what extent is the Democritus quote ""Nothing exists except atoms and empty space; everything else is opinion” true?","To what extent is the democritus quote ""Nothing exists except atoms and empty space; everything else is opinion” true?","To what extent is the democritus citation ""Nothing exists except atoms and empty space; everything else is opinion” true?","To what extent is the Democritus quote ""Nothing exists leave out molecule and vacuous space; everything else is opinion” true?"
What are the strengths and weaknesses of the advising system at Central Connecticut State?,What are the strengths and weaknesses of the advising organisation at Central Connecticut State?,What are the intensity level and weaknesses of the advising system at Central ct State?,What are the strengths and impuissance of the advising arrangement at Central connecticut State?
How many Number of classes and packages used in Android SDK?,How many Number of classes and packages used in android SDK?,How many Number of assort and packet used in Android SDK?,How many Number of classify and packages utilise in mechanical man SDK?
What are advantages of Myriad Pro as body copy?,What are advantages of Myriad pro as body copy?,What are advantages of multitudinous professional as body copy?,What are reward of innumerable professional as body copy?
What do I talk about at a 1-hour meeting with the CEO and leadership of a $1 billion company?,What do one talk about at a 1-hour meeting with the CEO and leadership of a $1 billion company?,What do I verbalize about at a 1-hour meeting with the CEO and leading of a $1 billion company?,What do atomic number  peach about at a 1-hour meeting with the CEO and leading of a $1 billion company?
What is the best travel hacks? Please comment.,What is the best locomotion hacks? Please comment.,What is the ripe travelling hacks? Please comment.,What is the skillful traveling hacks? delight comment.
What does 'when the feelings are mutual' really mean?,What does 'when the feelings are mutual' in truth mean?,What does 'when the feel are mutual' rattling mean?,What does 'when the touch sensation are mutual' very mean?
What is the difference between electric and magnetic fields?,What is the difference between electric and magnetised fields?,What is the remainder between electric and charismatic fields?,What is the difference of opinion between galvanising and magnetized fields?
What are the nutritive values of oats?,What are the nutritive rate of oats?,What are the nourishing value of oats?,What are the nutrient prise of oats?
How do I upgrade my Samsung Grand Prime to the Lollipop version without using a computer?,How do I elevate my Samsung Grand Prime to the Lollipop version without using a computer?,How do i upgrade my Samsung Grand flush to the Lollipop version without using a computer?,How do iodin advance my Samsung Grand meridian to the Lollipop version without using a computer?
What is your review of Deadpool (2016 movie)?,What is your reappraisal of Deadpool (2016 movie)?,What is your reexamine of Deadpool (2016 movie)?,What is your review article of Deadpool (2016 movie)?
What are some things new employees should know going into their first day at Cyberonics?,What are some things new employees should bang going into their first day at Cyberonics?,What are some things new employees should screw going into their first clarence day at Cyberonics?,What are some matter new employee should know die into their first day at Cyberonics?
Why is it easier to walk down stairs than up stairs?,Why is it easygoing to walk down stairs than up stairs?,Why is it easier to take the air down step than up stairs?,wherefore is it easier to paseo down steps than up stairs?
What's the best business model for a recruitment platform dedicated to early stage entreprise?,What's the best business model for a recruitment platform consecrate to early stage entreprise?,What's the best business model for a recruitment political program dedicated to ahead of time stage entreprise?,What's the best business model for a recruitment weapons platform consecrated to early level entreprise?
Can I drop out of high school and go to college?,Can I put down out of high school and go to college?,stern I drop out of high train and go to college?,nates I drop off out of high school school and go to college?
"Why did ""The Bremen Avenue Experience"" cartoon never air in America?","Why did ""The Bremen avenue Experience"" cartoon never air in America?","Why did ""The bremen Avenue Experience"" cartoon never atmosphere in America?","Why did ""The bremen Avenue Experience"" sketch neer air in America?"
What are some good songs to make a texting lyric prank?,What are some good sung to make a texting lyric prank?,What are some well birdsong to make a texting lyric prank?,What are some good song dynasty to draw a texting lyrical prank?
What are the most difficult questions that you have been asked?,What are the most hard questions that you have been asked?,What are the most unmanageable query that you have been asked?,What are the most hard wonder that you have been asked?
How can I increase the page rank of my website?,How can I growth the page rank of my website?,How can ace step up the page rank of my website?,How can atomic number  increase the pageboy outrank of my website?
What topics of mathematics do i need to study to start with Competitive Programming?,What topics of mathematics do i involve to study to start with Competitive Programming?,What topics of mathematics do i motivation to study to pop with Competitive Programming?,What theme of maths do i need to study to start with competitive Programming?
What is the easiest way to hack a database?,What is the easiest direction to hack a database?,What is the well heeled right smart to hack a database?,What is the comfortable means to plug a database?
How do I fix iron base from sticking?,How do I limit iron base from sticking?,How do ane fix iron radical from sticking?,How do  furbish up branding iron base from sticking?
Why was Alexander the Great so great?,Why was Alexander the nifty so great?,why was Alexander the keen so great?,wherefore was horse parsley the heavy so great?
We built a website to let teachers give private lesson to our users. But where do I find now available teachers to register?,We built a website to let teachers give private lesson to our users. But where do I find now uncommitted teachers to register?,We built a site to let teachers give secret lesson to our users. But where do I find now available teachers to register?,We built a website to army of the pure teacher devote private lesson to our users. But where do I find now available teacher to register?
Why wasn't the advent of carbon dating the most detrimental discovery to the argument for Christianity?,Why wasn't the second coming of carbon dating the most detrimental discovery to the argument for Christianity?,why wasn't the advent of carbon go steady the most detrimental discovery to the argument for Christianity?,Why wasn't the advent of atomic number  dating the most prejudicial breakthrough to the argument for Christianity?
Is is apple service appilcable for online buyed mobiles?,equal is apple service appilcable for online buyed mobiles?,equal is apple service appilcable for online buy mobiles?,Is is malus pumila service appilcable for on line corrupt mobiles?
What is the scope of digital marketing?,What is the setting of digital marketing?,What is the cathode ray oscilloscope of digital marketing?,What is the ambit of digital marketing?
What's it like to work at Express for your first job?,What's it same to work at Express for your first job?,What's it corresponding to ferment at Express for your first job?,What's it comparable to ferment at extract for your first job?
I am in a relationship but I always dream a unknown guy that always there for me when I cry?,I am in a relationship but I always dreaming a unknown guy that always there for me when I cry?,I am in a relationship but I perpetually woolgather a unknown guy that perpetually there for me when I cry?,I am in a family relationship but I incessantly dream a unknown poke fun that incessantly there for me when I cry?
Why is life so unfair & unjust?,Why is life so unjust & unjust?,wherefore is life history so unfair & unjust?,wherefore is biography so unjust & unjust?
How many years Britain ruled India?,How many years uk ruled India?,How many years britain reign India?,How many old age britain rule India?
Why do all my questions need improving on quora?,Why do all my questions need meliorate on quora?,wherefore do all my questions need up on quora?,wherefore do all my interrogative need amend on quora?
Can I see who viewed my profile on WhatsApp?,Can I see who catch my profile on WhatsApp?,pot I see who consider my profile on WhatsApp?,behind atomic number  see who view my profile on WhatsApp?
How can I find out what I really want to do with my life?,How can I find out what I really wish to do with my life?,How can I notice out what I really require to do with my life?,How can one come up out what one really desire to do with my life?
What is a black hat hacker?,What is a black lid hacker?,What is a total darkness chapeau hacker?,What is a pitch dark lid hacker?
Does smoking weed cause cancer?,Does fume weed cause cancer?,Does fume weed do cancer?,get along smoking green goddess suit cancer?
What are the coolest facts about black holes?,What are the nerveless facts about black holes?,What are the coolheaded facts about inglorious holes?,What are the cool fact about disastrous holes?
How does Quora recruit experts?,How does Quora inscribe experts?,How does Quora levy experts?,How does Quora enlistee experts?
What was happening in rome during mahabharat kaal?,What was materialise in rome during mahabharat kaal?,What was materialize in roma during mahabharat kaal?,What was pass off in roma during mahabharat kaal?
What is the font used in this ad?,What is the font practice in this ad?,What is the baptistry victimized in this ad?,What is the baptistry utilize in this ad?
"What is the best way for a single woman to find a single, wealthy man that will marry her and take care of her financially (this also includes other parts of a relationship like love, trust and companionship)?","What is the best way for a single woman to find a single, wealthy man that will marry her and take upkeep of her financially (this also includes other parts of a relationship like love, trust and companionship)?","What is the considerably way for a i woman to find a single, wealthy man that will marry her and take care of her financially (this also includes other parts of a relationship like love, trust and companionship)?","What is the best way for a  woman to find a single, wealthy man that will espouse her and take care of her financially (this also includes other parts of a relationship the likes of love, trust and companionship)?"
What is the 2nd law of thermodynamics?,What is the second law of thermodynamics?,What is the d police force of thermodynamics?,What is the second natural law of thermodynamics?
Is there any endothermic precipitation reaction?,Is there any heat absorbing precipitation reaction?,personify there any heat absorbing precipitation reaction?,make up there any endothermal hurriedness reaction?
What kind of flowers grow on trees?,What form of flowers grow on trees?,What tolerant of heyday grow on trees?,What genial of efflorescence uprise on trees?
What is the likelihood of Donald Trump becoming a Republican President of the United States Of America?,What is the likelihood of Donald Trump becoming a Republican chief executive of the United States Of America?,What is the likelihood of Donald ruff becoming a republican river President of the United States Of America?,What is the likelihood of Donald Trump go a republican chair of the United States Of America?
What's the recipe for the most delicious thing you've ever cooked?,What's the formula for the most delicious thing you've ever cooked?,What's the formula for the most delicious matter you've ever cooked?,What's the formula for the most yummy thing you've always cooked?
Which clarinet mouthpiece should I get?,Which clarinet mouthpiece should iodine get?,Which clarinet gumshield should ane get?,Which clarinet gumshield should unity get?
How do I close a pvt ltd company in India?,How do I close a pvt ltd ships company in India?,How do  close a pvt ltd ships company in India?,How do atomic number  snug a pvt ltd caller in India?
How do you finger a girl?,How do you fingers breadth a girl?,How do you fingers breadth a girl?,How do you fingers breadth a girl?
What is the most perverted film that you have ever seen?,What is the most perverted film that you have ever so seen?,What is the most demoralize film that you have eer seen?,What is the most kinky take that you have always seen?
What does hh4u mean?,What does hh4u mean?,What does hh4u mean?,What does hh4u mean?
What do the graphs of [math]y =x^{(x-1)}[/math] and [math]y=(x-1)^x[/math] look like?,What do the graph of [math]y =x^{(x-1)}[/math] and [math]y=(x-1)^x[/math] look like?,What do the graphical record of [math]y =x^{(x-1)}[/math] and [math]y=(x-1)^x[/math] looking like?,What do the graph of [math]y =x^{(x-1)}[/math] and [math]y=(x-1)^x[/math] expect like?
How do you fix a Dewalt battery by yourself?,How do you fix a Dewalt barrage fire by yourself?,How do you determine a Dewalt barrage fire by yourself?,How do you fixing a Dewalt bombardment by yourself?
What is your best relationship advice?,What is your best family relationship advice?,What is your skilful human relationship advice?,What is your scoop human relationship advice?
How can you remove permanent marker from plastic?,How can you remove perm marker from plastic?,How can you take lasting marker from plastic?,How can you slay lasting mark from plastic?
Why are aliens in films depicted as humanoids?,Why are aliens in films picture as humanoids?,Why are aliens in plastic film describe as humanoids?,wherefore are stranger in motion picture show depicted as humanoids?
Are Apple watches worth it?,Are orchard apple tree watches worth it?,Are Apple check charles frederick worth it?,ar malus pumila watches deserving it?
"How far in advance are Jeopardy! Shows taped, and how many are taped in one session?","How far in advance are Jeopardy! Shows taped, and how many are taped in nonpareil session?","How alir in raise are Jeopardy! Shows taped, and how many are taped in one session?","How far in pull ahead are Jeopardy! Shows taped, and how many are videotape in unmatched session?"
Didn't the Polish crack the Enigma code a few years before Alan Turing?,Didn't the Polish crack the Enigma code a few old age before Alan Turing?,Didn't the fine tune crack the brain teaser code a few years before Alan Turing?,Didn't the refinement crack the conundrum code a few geezerhood before Alan Turing?
"I've fallen in love with my friend of 3 years. I told her about my feelings, but she turned me down. She now avoids me completely. I'm trying to get over her, but I can't seem to. Her avoiding me makes me feel even worse. What do I do?","I've fallen in love with my ally of 3 years. I told her about my feelings, but she turned me down. She now avoids me completely. I'm trying to get over her, but I can't seem to. Her avoiding me makes me feel even worse. What do I do?","I've fallen in love with my protagonist of 3 years. I told her about my feelings, but she turn me down. She now avoids me completely. I'm trying to get over her, but I can't seem to. Her avoiding me makes me feel even worse. What do I do?","I've fallen in love with my friend of 3 years. I severalize her about my feelings, but she turned me down. She now avoids me completely. I'm essay to get over her, but I can't seem to. Her avoiding me makes me flavour even worse. What do I do?"
Daniel Ek: Why hasn't Spotify come to India yet? When is it launching in India?,book of daniel Ek: Why hasn't Spotify come to India yet? When is it launching in India?,Daniel Ek: Why hasn't Spotify come to india yet? When is it unveiling in India?,daniel Ek: Why hasn't Spotify make out to bharat yet? When is it launching in India?
What are some of the best part time jobs to do from home?,What are some of the best part meter jobs to do from home?,What are some of the intimately part sentence jobs to do from home?,What are some of the respectable part clock time farm out to do from home?
What are the best places to move in India with the onset of climate change?,What are the dependable places to move in India with the onset of climate change?,What are the substantially places to move in India with the onset of mood change?,What are the considerably places to relocation in India with the attack of climate change?
Why do some people worship the devil?,wherefore do some people worship the devil?,wherefore do some hoi polloi worship the devil?,why do some multitude idolise the devil?
What skills are useful to have for hackathons?,What accomplishment are useful to have for hackathons?,What acquisition are utilitarian to have for hackathons?,What acquisition are utile to have for hackathons?
How long can I keep my instagram account deactivated for before it gets deleted?,How foresightful can I keep my instagram account deactivated for before it gets deleted?,How tenacious can I keep my instagram explanation deactivated for before it gets deleted?,How foresightful can ane keep my instagram account deactivate for before it gets deleted?
How do I become rich?,How do unity become rich?,How do atomic number  suit rich?,How do i go rich?
What is front end developer?,What is front terminal developer?,What is strawman final stage developer?,What is front line remainder developer?
What is standard deviation?,What is stock deviation?,What is received deviation?,What is touchstone deviation?
Who is the most beautiful woman on Game of Thrones?,world health organization is the most beautiful woman on Game of Thrones?,world health organization is the most beautiful char on Game of Thrones?,world health organization is the most beautiful char on halting of Thrones?
"Boxing (sport): Who would win in a fight (to the death) between a professional UFC fighter, a pro heavyweight boxer (Mike Tyson at his best) and a Navy Seal?","Boxing (sport): Who would win in a fight (to the death) between a professional UFC fighter, a pro heavyweight packer (Mike Tyson at his best) and a Navy Seal?","box (sport): Who would win in a fight (to the death) between a professional UFC fighter, a pro heavyweight bagger (Mike Tyson at his best) and a Navy Seal?","Boxing (sport): Who would pull ahead in a fight (to the death) between a professional UFC fighter, a pro heavyweight packer (Mike Tyson at his best) and a navy Seal?"
How do people deal with malignant narcissists?,How do people address with malignant narcissists?,How do masses muckle with malignant narcissists?,How do multitude raft with malignant narcissists?
What is city compensatory allowance? Is it taxable or not?,What is city compensatory allowance? Is it nonexempt or not?,What is city compensatory allowance? be it nonexempt or not?,What is urban center compensatory allowance? follow it nonexempt or not?
Is it possible that Baltic Sea anomaly and the dark knight satellite have similar architecture/design?,Is it possible that Baltic Sea anomalousness and the dark knight satellite have similar architecture/design?,Is it possible that Baltic ocean anomaly and the dark dub satellite have similar architecture/design?,Is it possible that Baltic ocean anomalousness and the dark horse satellite have similar architecture/design?
What are some great opening lines for conversations?,What are some great opening agate line for conversations?,What are some great scuttle blood for conversations?,What are some enceinte orifice occupation for conversations?
How can I impress my crush?,How can I yarn dye my crush?,How can single move my crush?,How can one imprint my crush?
What would happen to the ISS when it is decommissioned?,What would happen to the ace when it is decommissioned?,What would materialise to the iodine when it is decommissioned?,What would occur to the ace when it is decommissioned?
"If the harry potter was made into a Bollywood series, what could have been the ideal cast?","If the harry potter was made into a Bollywood series, what could have been the saint cast?","If the harry potter was made into a bollywood series, what could have been the nonsuch cast?","If the molest potter around was made into a bollywood series, what could have been the ideal cast?"
How likely is that humans have evolved elsewhere in our galaxy?,How likely is that man have evolved elsewhere in our galaxy?,How probably is that humans have develop elsewhere in our galaxy?,How probable is that homo have germinate elsewhere in our galaxy?
What will the next generation of American parenting be like?,What will the next genesis of American parenting be like?,What will the next multiplication of american parenting be like?,What will the following contemporaries of American parent be like?
How can I learn econometrics?,How can  learn econometrics?,How can iodine take econometrics?,How can one memorize econometrics?
What is a bad debt expense?,What is a badly debt expense?,What is a tough debt expense?,What is a speculative debt expense?
"What is meant by ""golden joints""?","What is intend by ""golden joints""?","What is intend by ""golden joints""?","What is think by ""golden joints""?"
What makes a piano accompanist good for a singer?,What makes a piano accompanyist good for a singer?,What makes a soft accompanyist good for a singer?,What fix a piano accompanyist dear for a singer?
What is the typical URL structure of a phpBB site?,What is the typical url structure of a phpBB site?,What is the typical universal resource locator social system of a phpBB site?,What is the distinctive universal resource locator bodily structure of a phpBB site?
What were the Civil Rights Movement?,What were the Civil redress Movement?,What were the civic right hand Movement?,What were the civil right Movement?
What did Europeans eat before the discovery of America?,What did european eat before the discovery of America?,What did european eat before the breakthrough of America?,What did european consume before the breakthrough of America?
What items were in an older man's bedroom circa 1980?,What items were in an one time man's bedroom circa 1980?,What point were in an older man's chamber circa 1980?,What particular were in an honest to goodness man's chamber circa 1980?
Is it true that an increase in working capital can be brought about by an increase in inventory? And why?,Is it lawful that an increase in working capital can be brought about by an increase in inventory? And why?,Is it true that an addition in working capital can be work about by an addition in inventory? And why?,be it dead on target that an gain in working capital can be brought about by an gain in inventory? And why?
Which is the cheapest place to stay in India?,Which is the cheapest rate to stay in India?,Which is the cheapest localize to ride out in India?,Which is the crummy plaza to hitch in India?
Why do I dream every single time I sleep?,wherefore do I dream every single time I sleep?,Why do atomic number  dream every exclusive time atomic number  sleep?,Why do atomic number  daydream every single clip atomic number  sleep?
What is the best way to start conversation with an unknown girl in Mumbai?,What is the just way to start conversation with an unknown girl in Mumbai?,What is the best way to begin conversation with an unidentified girl in Mumbai?,What is the respectable elbow room to start conversation with an unknown quantity girl in Mumbai?
Where can I get a fake medical certificate in Chennai?,Where can I get a fake medical credentials in Chennai?,Where can I gravel a fake medical certification in Chennai?,Where can atomic number  contract a fake checkup certificate in Chennai?
What is the penultimate purpose of life?,What is the next to last purpose of life?,What is the next to last design of life?,What is the penult role of life?
Can I play Google play games on my laptop?,Can I play google play games on my laptop?,butt I play Google play plot on my laptop?,buttocks ace frolic Google frolic games on my laptop?
What is the meaning of name ‘Safinaz’?,What is the have in mind of name ‘Safinaz’?,What is the mean of identify ‘Safinaz’?,What is the stand for of key out ‘Safinaz’?
What is engineering managment?,What is engine room managment?,What is organise managment?,What is engineering science managment?
What are some tips about buying a used car from Enterprise Rent A Car?,What are some tips about buying a used car from Enterprise Rent angstrom unit Car?,What are some tips about bribe a used railcar from Enterprise Rent A Car?,What are some lean about buying a utilise car from Enterprise Rent vitamin a Car?
How can one understand oneself?,How can one and only understand oneself?,How can unitary interpret oneself?,How can single empathise oneself?
Would a black hole be the exit of this universe?,Would a negro hole be the exit of this universe?,Would a smuggled hole be the way out of this universe?,Would a dim muddle be the outlet of this universe?
How can I purchase Marijuana in Sydney?,How can iodin purchase Marijuana in Sydney?,How can  buy Marijuana in Sydney?,How can ace buy cannabis sativa in Sydney?
What are the conversation between Krishna and Arjun in Bhagbat Gita?,What are the conversation between krishna and Arjun in Bhagbat Gita?,What are the conversation between krishna and Arjun in Bhagbat Gita?,What are the conversation between krishna and Arjun in Bhagbat Gita?
How do I start preparation of ias (in detail)?,How do I protrude preparation of ias (in detail)?,How do single start cooking of ias (in detail)?,How do atomic number  starting homework of ias (in detail)?
Where was this photograph taken?,Where was this exposure taken?,Where was this picture taken?,Where was this pic taken?
How can I stop being so lonely?,How can I hold on being so lonely?,How can iodine diaphragm being so lonely?,How can ane layover being so lonely?
The Bhagavad Gita says that love and affection are the root causes of sorrow. What does that mean?,The Bhagavad Gita says that love and affection are the stem causes of sorrow. What does that mean?,The Bhagavad bhagavadgita says that eff and affection are the root causes of sorrow. What does that mean?,The Bhagavad bhagavadgita order that love and affection are the root induce of sorrow. What does that mean?
Can I make 30 million on Amazon selling?,can I make 30 million on Amazon selling?,Can single gain 30 million on Amazon selling?,lav I make thirty million on virago selling?
How do I get over your crush?,How do iodine get over your crush?,How do iodine experience over your crush?,How do ace go over your crush?
How do you write a letter to your child's school to excuse an absence?,How do you drop a line a letter to your child's school to excuse an absence?,How do you drop a line a missive to your child's school to excuse an absence?,How do you pen a letter to your child's civilise to condone an absence?
How can I fit in Germany?,How can I agree in Germany?,How can ace match in Germany?,How can i primed in Germany?
What is your New Year Resolution?,What is your unexampled Year Resolution?,What is your novel year Resolution?,What is your raw year Resolution?
How do I get money from saudi arabia for start up business and the name of company which provide funds?,How do I get money from saudi arabian peninsula for start up business and the name of company which provide funds?,How do I fetch money from saudi arabian arabia for start up business and the name of company which provide funds?,How do ane get money from saudi arabia for startle up job and the name of company which provide funds?
What are the best phones to buy under 25k?,What are the best phones to purchase under 25k?,What are the best earphone to steal under 25k?,What are the honorable phone to bargain under 25k?
How many times should I meditate?,How many prison term should I meditate?,How many clock time should ane meditate?,How many multiplication should ane meditate?
What are some of the famous conspiracy theories that came true?,What are some of the famous confederacy theories that came true?,What are some of the famous conspiracy possibility that issue forth true?,What are some of the renowned cabal theories that do true?
Which laptops can play Blu-Ray discs?,Which laptop can play Blu-Ray discs?,Which laptop can manoeuvre Blu-Ray discs?,Which laptop can shimmer Blu-Ray discs?
Which porn star has the hottest body?,Which porn star has the spicy body?,Which pornography star has the live body?,Which smut prima has the spicy body?
How do you bounce back after hitting rock bottom?,How do you bounce punt after hitting rock bottom?,How do you bounce rachis after polish off rock bottom?,How do you bounciness punt after hitting rock n roll bottom?
What is unusual or different about the food and cuisine in Fiji?,What is unusual or different about the nutrient and cuisine in Fiji?,What is strange or different about the food and culinary art in Fiji?,What is strange or unlike about the food and culinary art in Fiji?
Who was the first Prime Minister of India who died in his prime ministerial period?,Who was the first Prime Minister of india who died in his prime ministerial period?,Who was the first Prime diplomatic minister of India who kick the bucket in his prime ministerial period?,world health organization was the world class Prime Minister of India who snuff it in his prime ministerial period?
What is the best way to potty train a deaf puppy?,What is the dear way to potty train a deaf puppy?,What is the honorable way to thunder mug train a deaf puppy?,What is the skilful style to potty train a indifferent puppy?
"Is the fact that history majors believe the holocaust, a refutation?","constitute the fact that history majors believe the holocaust, a refutation?","Is the fact that chronicle majors trust the holocaust, a refutation?","constitute the fact that account big league believe the holocaust, a refutation?"
Why Cyrus Mistry has been removed from Tata Group?,Why Cyrus Mistry has been murder from Tata Group?,why Cyrus Mistry has been hit from Tata Group?,why cyrus the younger Mistry has been off from Tata Group?
"Do many Mexican women like East Asian men (Korean, Japanese, Chinese)?","Do many Mexican women like East asiatic men (Korean, Japanese, Chinese)?","cause many Mexican women same East Asian men (Korean, Japanese, Chinese)?","Do many Mexican woman the like East Asian man (Korean, Japanese, Chinese)?"
"Is Amazon, India planning to start a new development center in Pune?","Is Amazon, India planning to start a new ontogenesis center in Pune?","represent Amazon, India planning to embark on a new development center in Pune?","Is Amazon, india planning to start a raw development substance in Pune?"
How can I increase my typing speed fast?,How can I increase my typewriting speed fast?,How can I increase my typewriting f number fast?,How can ane gain my typewriting speed fast?
"What does "" "", "" "" mean in Excel?","What does "" "", "" "" hateful in Excel?","What does "" "", "" "" think of in Excel?","What does "" "", "" "" meanspirited in Excel?"
What is the difference between a tablet and an iPad?,What is the difference between a pad and an iPad?,What is the divergence between a pad of paper and an iPad?,What is the remainder between a pill and an iPad?
What are the safety precautions on handling shotguns proposed by the NRA in the entire U.S. including it’s territories and possessions? 3,What are the safety safeguard on handling shotguns proposed by the NRA in the entire U.S. including it’s territories and possessions? 3,What are the safety precautions on handling shotguns aim by the nra in the entire U.S. including it’s territories and possessions? 3,What are the safety forethought on manipulation shotguns proposed by the NRA in the entire U.S. include it’s territories and possessions? 3
How do the tourist attractions on the Scandinavian Highlands compare to attractions in Cyprus?,How do the tourist attractions on the Scandinavian Highlands liken to attractions in Cyprus?,How do the tourist attractive force on the Scandinavian highland compare to attractive force in Cyprus?,How do the tourer attractions on the north germanic upland compare to attractions in Cyprus?
What is the typical home buyer closing cost in the Bay area?,What is the typical home buyer closedown cost in the Bay area?,What is the typical home buyer come together be in the Bay area?,What is the typical home base buyer closing be in the quest area?
Are ionic compounds soluble in oil?,Are ionic chemical compound soluble in oil?,Are ionic dialect combine soluble in oil?,equal ionic dialect compound soluble in oil?
"How cold can the Gobi Desert get, and how do its average temperatures compare to the ones in the Great Sandy Desert?","How cold can the Gobi Desert get, and how do its average temperatures compare to the ones in the gravid Sandy Desert?","How cold can the gobi desert Desert get, and how do its average temperatures compare to the ones in the great Sandy Desert?","How insensate can the Gobi abandon get, and how do its average out temperatures compare to the ones in the Great Sandy Desert?"
What is this cake called?,What is this bar called?,What is this coat called?,What is this patty called?
How strong is a chimp?,How unassailable is a chimp?,How inviolable is a chimp?,How hard is a chimp?
How do I stop giving a fuck about what others think of me?,How do single stop giving a fuck about what others think of me?,How do iodin stop giving a fuck about what others reckon of me?,How do ace hold on hold a fuck about what others think of me?
"When a Mexican citizen becomes a US citizen, how long do they have to wait to sponsor their spouse to become a US citizen?","When a mexican citizen becomes a US citizen, how long do they have to wait to sponsor their spouse to become a US citizen?","When a mexican citizen becomes a US citizen, how long do they have to wait to supporter their spouse to become a US citizen?","When a mexican citizen becomes a US citizen, how long do they have to wait to frequent their partner to become a US citizen?"
What is the best strategy for the Netherlands to defeat Argentina in the 2014 World Cup semifinal match?,What is the best scheme for the Netherlands to defeat Argentina in the 2014 World Cup semifinal match?,What is the best strategy for the kingdom of the netherlands to defeat Argentina in the 2014 World Cup semi match?,What is the best scheme for the Netherlands to overcome Argentina in the 2014 existence Cup semifinal match?
How does a Trump Presidency affect Canada?,How does a Trump presidential term affect Canada?,How does a cornet presidential term affect Canada?,How does a outflank presidentship move Canada?
Can anyone become a physicist?,Can anyone go a physicist?,posterior anyone suit a physicist?,fundament anyone go a physicist?
"Any one any Idea about ""Micron Robotics "" Human Resource Department Micron Robotics www.micronrobotics.com B-5, Sector-64,Noida.?","Any one any Idea about ""Micron Robotics "" Human Resource Department micrometer Robotics www.micronrobotics.com B-5, Sector-64,Noida.?","Any one any Idea about ""Micron robotics "" Human Resource Department micrometer robotics www.micronrobotics.com B-5, Sector-64,Noida.?","Any single any Idea about ""Micron Robotics "" Human resource Department micron Robotics www.micronrobotics.com B-5, Sector-64,Noida.?"
"Does the MacBook Air come with Adobe Flash pre-installed, and if not, where can it be obtained?","Does the MacBook Air derive with Adobe Flash pre-installed, and if not, where can it be obtained?","Does the MacBook Air come with adobe fanfare pre-installed, and if not, where can it be obtained?","answer the MacBook Air come up with Adobe flashy pre-installed, and if not, where can it be obtained?"
"I get jealous when my crush is talking or chatting to other boys. After seeing her talking to other boys, I don't like to talk to her, even when she comes to talk to me. What should I do?","I get jealous when my crush is verbalise or chatting to other boys. After seeing her verbalise to other boys, I don't like to talk to her, even when she comes to talk to me. What should I do?","I get jealous when my crushed leather is talking or chatting to other boys. After seeing her talking to other boys, I don't like to talk to her, even when she hail to talk to me. What should I do?","I get jealous when my calf love is talking or chatting to other boys. later on consider her talking to other boys, I don't like to talk to her, even when she comes to talk to me. What should I do?"
What does a man look for in a woman?,What does a valet de chambre look for in a woman?,What does a gentlemans gentleman spirit for in a woman?,What does a isle of man see for in a woman?
What are some of the good institutes offering courses for mountaineering in India?,What are some of the good institutes tender courses for mountaineering in India?,What are some of the good constitute offering courses for mountain climbing in India?,What are some of the upright bring offering courses for mountaineer in India?
How many keywords are there in the PROLOG programming language in the latest version?,How many keywords are there in the prolog programming language in the latest version?,How many keywords are there in the prolog programming language in the late version?,How many keywords are there in the logic programing programming spoken language in the later version?
Does anybody feel like they're a starchild/indigo/ or an empath?,Does anybody find like they're a starchild/indigo/ or an empath?,Does anybody look same they're a starchild/indigo/ or an empath?,exercise anybody tone similar they're a starchild/indigo/ or an empath?
Can your personality change?,derriere your personality change?,tail end your personality change?,hind end your personality change?
Why does quora mark my questions as needing improvement?,Why does quora mark my questions as ask improvement?,wherefore does quora mark my questions as take improvement?,why does quora brand my enquiry as needing improvement?
"How do Pacific Islanders (Polynesians, Samoans, etc..) feel about others from other races copying their tribal tattoos?","How do Pacific Islanders (Polynesians, Samoans, etc..) feel about others from other hasten copying their tribal tattoos?","How do pacific Islanders (Polynesians, Samoans, etc..) look about others from other races copying their tribal tattoos?","How do pacific islander (Polynesians, Samoans, etc..) feel about others from other races re create their tribal tattoos?"
"What was the significance of the battle of Somme, and how did this battle compare and contrast to the Battle of Dunkirk?","What was the implication of the battle of Somme, and how did this battle compare and contrast to the Battle of Dunkirk?","What was the significance of the conflict of Somme, and how did this conflict equivalence and contrast to the Battle of Dunkirk?","What was the signification of the conflict of Somme, and how did this conflict equivalence and contrast to the Battle of Dunkirk?"
How can you delete your Yahoo Mail ID?,How can you delete your yokel Mail ID?,How can you delete your rube ring armor ID?,How can you cancel your rube ring armour ID?
What is patriotism?,What is patriotism?,What is patriotism?,What is patriotism?
Is there any other way to curate content in my Quora feed other than downvoting questions I'm not interested in?,Is there any other way to curate content in my Quora feed other than downvoting interrogative sentence I'm not interested in?,Is there any other room to rector content in my Quora feed other than downvoting questions I'm not interested in?,Is there any other way to curate content in my Quora fertilise other than downvoting interrogative I'm not matter to in?
Can I ask question in Quora with a link?,Can unity ask question in Quora with a link?,bottom one ask question in Quora with a link?,give the sack  call for question in Quora with a link?
Bicycle Mechanics & Maintenance: What is the best way to fix a bike?,Bicycle Mechanics & Maintenance: What is the best mode to fix a bike?,pedal Mechanics & Maintenance: What is the outflank way to fix a bike?,wheel car mechanic & Maintenance: What is the best room to fix a bike?
Can you make money in Amway?,tail you make money in Amway?,rear you hit money in Amway?,tail you piddle money in Amway?
What is the longest roller coaster in the United Kingdom and how does it compare to the longest roller coaster in Norway?,What is the longest tumbler coaster in the United Kingdom and how does it compare to the longest tumbler coaster in Norway?,What is the longest curler coaster in the united Kingdom and how does it compare to the longest curler coaster in Norway?,What is the long roller coaster in the unite land and how does it compare to the long roller coaster in Norway?
Is secularism dead in Turkey?,Is secularism all in in Turkey?,embody secularism stagnant in Turkey?,embody secularism stagnant in Turkey?
Why is the northeast part of India called Seven Sisters?,Why is the northeast part of India predict Seven Sisters?,Why is the northeast partially of India called  Sisters?,Why is the northeast part of bharat phone septet Sisters?
Can you help me improve this writing?,Can you aid me improve this writing?,rump you facilitate me improve this writing?,bum you helper me meliorate this writing?
What's your regular morning routine?,What's your regular daybreak routine?,What's your steady aurora routine?,What's your unconstipated cockcrow routine?
What is the formula for cobalt (III) oxide?,What is the normal for cobalt (III) oxide?,What is the convention for atomic number  (III) oxide?,What is the rule for co (III) oxide?
What are some mind-blowing vehicles tools that exist that most people don't know about?,What are some mind-blowing vehicles tools that exist that most people don't have it off about?,What are some mind-blowing vehicle tools that subsist that most people don't know about?,What are some mind bending vehicles tools that exist that most mass don't get laid about?
"Is there a platform, where I can interact with people of my age from other countries, talk about there teenage life, their culture.?","Is there a platform, where I can interact with people of my historic period from other countries, talk about there teenage life, their culture.?","Is there a platform, where iodin can interact with people of my age from other countries, talk about there teen life, their culture.?","Is there a platform, where I can interact with multitude of my senesce from other countries, talk about there adolescent life, their culture.?"
How do I get meth out of my system in 2 days?,How do I get meth out of my system in  days?,How do iodin get meth out of my system in deuce days?,How do I scram meth out of my scheme in deuce days?
Why are so many Quora users posting questions that are readily answered on Google?,Why are so many Quora users posting questions that are readily respond on Google?,why are so many Quora substance abuser posting questions that are readily answered on Google?,Why are so many Quora drug user poster questions that are readily reply on Google?
"If I could only replace 2 out of 4 tyres in a front-wheel drive car, where would be best to put them on, front or back?","If I could only replace 2 out of 4 tyres in a front-wheel drive car, where would be best to put them on, social movement or back?","If I could only replace 2 out of  tyres in a front-wheel drive car, where would be best to frame them on, front or back?","If i could only replace  out of 4 tyres in a front-wheel drive car, where would be best to lay them on, front or back?"
What is the best flavour of condom?,What is the effective flavour of condom?,What is the upright tang of condom?,What is the trump tang of condom?
Is it bad for your health to not have sex?,Is it bad for your wellness to not have sex?,equal it forged for your health to not have sex?,be it sorry for your wellness to not have sex?
What should I do to beat boredom?,What should I do to outwit boredom?,What should i do to ticktock boredom?,What should ace do to amaze boredom?
Is it easy to learn C?,Is it easy to instruct C?,Is it slow to discover C?,personify it well situated to con C?
What does bright yellow vomit mean?,What does bright yellow disgorgement mean?,What does promising jaundiced vomit mean?,What does hopeful yellow bellied sick mean?
What is the lifestyle of the British royal family?,What is the modus vivendi of the British royal family?,What is the life style of the British imperial family?,What is the modus vivendi of the british regal family?
Did Daenerys call Drogon at the end of the episode or was it coincidence?,Did Daenerys call Drogon at the ending of the episode or was it coincidence?,dress Daenerys call Drogon at the goal of the episode or was it coincidence?,Did Daenerys holler Drogon at the oddment of the installment or was it coincidence?
What are free tools for HDL development for FPGA?,What are free tool for HDL development for FPGA?,What are detached tools for HDL ontogenesis for FPGA?,What are resign instrument for alpha lipoprotein development for FPGA?
"If you watch an Apple store getting robbed, do you become the iWitness? :D","If you watch an Apple store come robbed, do you become the iWitness? :D","If you watch an orchard apple tree computer storage getting robbed, do you become the iWitness? :D","If you lookout an Apple shop getting robbed, do you go the iWitness? :D"
Can life really exist beyond Earth?,Can life history really exist beyond Earth?,send away life rattling exist beyond Earth?,Can sprightliness rattling live beyond Earth?
Does magic really exist in the world?,Does magic very exist in the world?,Does thaumaturgy really be in the world?,manage magic rattling survive in the world?
Why don't people stop eating gluten?,Why don't people stop rust gluten?,wherefore don't people stop wipe out gluten?,why don't masses give up eating gluten?
Did fantasy writers draw their inspiration from East Asian culture when they created elves?,Did fantasy writers draw their inspiration from East asiatic culture when they created elves?,Did fantasy writers draw their inspiration from eastern united states asian culture when they created elves?,Did fantasy writer draw their stirring from eastern united states Asian culture when they created elves?
"How can I convert to Buddhism in India? Will the government recognize me as a Buddhist, and what benefits and reservations will I be entitled to?","How can one convert to Buddhism in India? Will the government recognize me as a Buddhist, and what benefits and reservations will one be entitled to?","How can atomic number  convert to Buddhism in India? Will the government recognize me as a Buddhist, and what benefits and reservations will atomic number  be ennoble to?","How can I convert to Buddhism in India? Will the government recognize me as a Buddhist, and what profit and mental reservation will I be entitle to?"
What can I do to get a flat tummy?,What can I do to get a unconditional tummy?,What can iodin do to get a unconditional tummy?,What can ane do to stick a monotone tummy?
What makes a person a good problem solver?,What makes a person a good trouble solver?,What makes a soul a right problem solver?,What makes a mortal a near trouble solver?
Was Hillary disbarred?,follow Hillary disbarred?,be edmund hillary disbarred?,exist edmund hillary disbarred?
How do you know if someone blocked you on whatsapp or it's just privacy?,How do you know if person blocked you on whatsapp or it's just privacy?,How do you know if mortal immobilise you on whatsapp or it's just privacy?,How do you bonk if somebody block off you on whatsapp or it's just privacy?
What are the best mobile apps for learning to program?,What are the best mobile apps for encyclopaedism to program?,What are the charles herbert best mobile river apps for learning to program?,What are the outdo wandering apps for scholarship to program?
What is the best baseball team?,What is the sound baseball team?,What is the better baseball game team?,What is the sound baseball game team?
What is ultimate purpose of life?,What is ultimate aim of life?,What is ultimate propose of life?,What is ultimate intention of life?
I liked and then unliked an Instagram photo. Will other people see it in the friends' activity page even though I unliked it?,I liked and then unliked an Instagram photo. testament other people see it in the friends' activity page even though I unliked it?,single liked and then unliked an Instagram photo. Will other people see it in the friends' bodily process page even though single unliked it?,I like and then unliked an Instagram photo. Will other citizenry see it in the friends' bodily process page even though I unliked it?
What is a composite game?,What is a composite plant game?,What is a composite plant game?,What is a complex game?
Is 9 mbps a good internet speed for streaming?,Is 9 mbps a proficient internet speed for streaming?,Is ennead mbps a good internet hotfoot for streaming?,Is ennead mbps a estimable cyberspace speed for streaming?
Where can I get best assistance in Sydney for buying property?,Where can I get in force assistance in Sydney for buying property?,Where can ane get best assistance in sydney for buying property?,Where can I get expert help in sydney for buying property?
What heavy metal songs use violin music?,What heavy metallic songs use violin music?,What heavy metal sung apply violin music?,What heavily metal songs economic consumption fiddle music?
How do I improve my calculus skills?,How do I improve my infinitesimal calculus skills?,How do  better my calculus skills?,How do single better my tophus skills?
Which is the best outdoor RC helicopter within 4000 Rs in India?,Which is the secure outdoor RC helicopter within 4000 Rs in India?,Which is the outflank outdoor RC eggbeater within 4000 Rs in India?,Which is the undecomposed outside RC helicopter within 4000 radius in India?
How can I become a better problem solver? What mindset should I cultivate?,How can atomic number  become a better problem solver? What mindset should atomic number  cultivate?,How can I turn a better trouble solver? What mindset should I cultivate?,How can i go a better problem solver? What mind set should i cultivate?
Is it official that boards marks will not be included in JEE Mains 2017?,Is it prescribed that boards marks will not be included in JEE Mains 2017?,Is it functionary that boards marks will not be admit in JEE Mains 2017?,Is it functionary that card fool will not be included in JEE Mains 2017?
Does money has more importance in life?,do money has more importance in life?,get along money has more grandness in life?,energy department money has more grandness in life?
What are the hot research topics in wireless communications in demand by top R&D companies like Qualcomm?,What are the hot explore topics in wireless communications in demand by top R&D companies like Qualcomm?,What are the red hot research topics in wireless communications in take by top R&D companies like Qualcomm?,What are the raging explore topics in radiocommunication communications in demand by top R&D companies like Qualcomm?
Where and how do the crop circles get generated?,Where and how do the crop circles have generated?,Where and how do the crop roofy beat generated?,Where and how do the craw traffic circle baffle generated?
How do I improve my pronunciation of English?,How do iodin improve my pronunciation of English?,How do ace meliorate my pronunciation of English?,How do iodine better my orthoepy of English?
Are Ramdev's Patanjali products genuine?,be Ramdev's Patanjali products genuine?,exist Ramdev's Patanjali mathematical product genuine?,constitute Ramdev's Patanjali cartesian product genuine?
What led to Cyrus Mistry ouster from TATA GROUP?,What led to cyrus Mistry ouster from TATA GROUP?,What leave to Cyrus Mistry ousting from TATA GROUP?,What run to cyrus Mistry ejector from TATA GROUP?
"If your partner just need a hardcore sex from you, then what will you suggest to continue or to end?","If your partner just motive a hardcore sex from you, then what will you suggest to continue or to end?","If your partner just need a hard core sex from you, then what will you evoke to continue or to end?","If your partner just need a hard core sexual urge from you, then what will you paint a picture to continue or to end?"
Can income tax officer can get how many accounts are attached to pan card?,Can income tax officer can get how many accounts are attached to cooking pan card?,Can income task policeman can get how many accounts are attached to pan card?,lav income assess officer can baffle how many accounts are attached to pan card?
What is Hillary Clinton's plan for ISIS?,What is sir edmund percival hillary Clinton's plan for ISIS?,What is sir edmund percival hillary Clinton's architectural plan for ISIS?,What is sir edmund hillary Clinton's architectural plan for ISIS?
What are the benefits of qualifying UGC NET exam?,What are the profit of qualifying UGC NET exam?,What are the benefits of qualify UGC cyberspace exam?,What are the profit of qualify UGC web exam?
What are common nouns? What are examples of this?,What are common nouns? What are representative of this?,What are mutual nouns? What are deterrent example of this?,What are mutual nouns? What are representative of this?
Question what is string theory?,doubtfulness what is string theory?,interrogative what is thread theory?,dubiousness what is thread theory?
Which is best gaming PC under 50000?,Which is best gambling PC under 50000?,Which is best back microcomputer under 50000?,Which is right bet on microcomputer under 50000?
Which is the best way to control anger?,Which is the best way to check anger?,Which is the best manner to ascertain anger?,Which is the secure room to moderate anger?
Achievements: What have you learned by being part of The Apex Society or being chosen as one of its Power 30 Under 30 nominations?,Achievements: What have you learned by being part of The Apex Society or being chosen as one of its Power 30 under 30 nominations?,Achievements: What have you read by being part of The Apex Society or being chosen as one of its Power  Under  nominations?,Achievements: What have you learned by being part of The Apex Society or being chosen as one of its might xxx under xxx nominations?
What are the best books which tells us the importance of numbers?,What are the best books which tells usa the importance of numbers?,What are the best books which tell us the grandness of numbers?,What are the best book of account which recite u the importance of numbers?
"What are some mind-blowing facts that sound like 'BS', but are actually true?","What are some mind bending facts that sound like 'BS', but are actually true?","What are some mind-blowing facts that vocalize corresponding 'BS', but are actually true?","What are some mind bending facts that heavy like 'BS', but are really true?"
How can I become as good an orator as Barack Obama?,How can I suit as good an orator as Barack Obama?,How can ane turn as good an orator as Barack Obama?,How can i suit as good an speechmaker as Barack Obama?
What are some good mff threesome sex positions?,What are some trade good mff threesome sex positions?,What are some good mff deuce ace sexual practice positions?,What are some full mff tercet arouse positions?
What are the best tech startups to intern at?,What are the best technical school startups to intern at?,What are the best technical school inauguration to intern at?,What are the outflank technical school startups to houseman at?
Is long distance relationship works?,Is long outdistance relationship works?,Is foresighted aloofness relationship works?,Is recollective aloofness human relationship works?
How can I get my account banned for life from Quora? I want to go out with a bang.,How can I get my account ostracise for life from Quora? I want to go out with a bang.,How can I get my account banned for life history from Quora? I deficiency to go out with a bang.,How can  get my account censor for life from Quora?  want to kick the bucket out with a bang.
How do I lose weight through diet only?,How do I lose system of weights through diet only?,How do I misplace weight through dieting only?,How do ane lose weightiness through dieting only?
What are ways to make money online at home?,What are way of life to make money online at home?,What are shipway to make money on line at home?,What are mode to name money on line at home?
How can I write in a college SOP in Australia?,How can I pen in a college SOP in Australia?,How can atomic number  write in a college standard procedure in Australia?,How can i compose in a college drench in Australia?
How to control anger in a relationship? One slip of a word in spur of a moment spoils the entire day as it results in more arguments,How to control see red in a relationship? One slip of a word in spur of a moment spoils the entire day as it results in more arguments,How to control wrath in a relationship? One slip of a word in spur of a moment spoils the entire clarence shepard day jr as it results in more arguments,How to insure ire in a relationship? nonpareil slip of a word in spur of a moment spoils the entire day as it results in more arguments
What universities does Winnebago Industries recruit new grads from? What majors are they looking for?,What universities does Winnebago Industries raise new grads from? What majors are they looking for?,What universities does Winnebago industry enroll new grads from? What majors are they looking for?,What university does Winnebago Industries raise new grads from? What big league are they looking for?
What is a extreme sport?,What is a extremum sport?,What is a extreme point sport?,What is a uttermost sport?
Why doesn't Australia seem to have large animals like other continents?,Why doesn't Australia seem to have large animals alike other continents?,wherefore doesn't Australia seem to have large animals comparable other continents?,Why doesn't Australia seem to have expectant animate being wish other continents?
What are the top 10 websites you visit everyday and why?,What are the top of the inning 10 websites you visit everyday and why?,What are the top 10 websites you gossip casual and why?,What are the top tenner site you travel to everyday and why?
"Are peanuts healthy, especially to eat every day?","Are peanuts healthy, particularly to eat every day?","Are peanuts healthy, specially to feed every day?","are peanut healthy, especially to corrode every day?"
Why should I choose marketing?,wherefore should I choose marketing?,wherefore should one choose marketing?,why should ace select marketing?
What is the best way to propose to a girl?,What is the best agency to propose to a girl?,What is the sound manner to propose to a girl?,What is the right right smart to nominate to a girl?
Why Microsoft Onedrive cannot handle long file paths?,Why Microsoft Onedrive cannot handgrip long file paths?,Why Microsoft Onedrive cannot handle prospicient single file paths?,Why Microsoft Onedrive cannot wield foresighted single file paths?
Does Google hire data analysts?,perform Google hire data analysts?,act google hire data analysts?,arrange Google rent information analysts?
How can one make money online?,How can one brand money online?,How can one and only puddle money online?,How can unmatched make up money online?
Is marketing a good career choice after engineering?,Is marketing a good career pick after engineering?,Is merchandising a trade good career choice after engineering?,represent marketing a in effect calling choice after engineering?
"What is the penalty for driving without a license in Alabama, how do they compare to the penalties in Ariozona?","What is the penalty for driving without a license in Alabama, how do they compare to the penalty in Ariozona?","What is the punishment for driving without a licence in Alabama, how do they compare to the penalties in Ariozona?","What is the penalty for repel without a permit in Alabama, how do they compare to the penalty in Ariozona?"
How are the provisions of the First Amendment of the United States Constitution different from the ones in the Seventh Amendment?,How are the provisions of the First amendment of the United States Constitution different from the ones in the Seventh Amendment?,How are the provisions of the First Amendment of the United express Constitution different from the unity in the Seventh Amendment?,How are the provisions of the low Amendment of the United States composition different from the one in the Seventh Amendment?
Do Donald Trump's or Bill Clinton's accusers of sexual misconduct have more credibility?,Do Donald Trump's or posting Clinton's accusers of sexual misconduct have more credibility?,coiffe Donald Trump's or Bill Clinton's accusers of intimate misconduct have more credibility?,coiffure Donald Trump's or Bill Clinton's accusers of intimate misdemean have more credibility?
What does the B2B sales process look like in South Korea particularly in terms of lead nurturing/inside sales?,What does the B2B sales process look like in South Korea in particular in terms of lead nurturing/inside sales?,What does the B2B gross revenue process look like in to the south Korea particularly in terms of lead nurturing/inside sales?,What does the B2B sales summons look the like in South Korea particularly in terms of conduce nurturing/inside sales?
What is the temperament of a Shepherd/White Husky mix puppy?,What is the temperament of a Shepherd/White hoarse mix puppy?,What is the temperament of a Shepherd/White strapping meld puppy?,What is the disposition of a Shepherd/White burly meld puppy?
What causes people to be ignorant?,What stimulate people to be ignorant?,What effort citizenry to be ignorant?,What crusade hoi polloi to be ignorant?
Which consultancy is the best for migration to Canada?,Which consultancy is the effective for migration to Canada?,Which consultancy is the intimately for migration to Canada?,Which consultancy is the easily for migration to Canada?
Is it weird that I am attracted to bisexual men?,Is it weird that I am attracted to bisexual person men?,Is it weird that  am attracted to bisexual person men?,be it wyrd that  am attracted to bisexual men?
Which are the best CFA coaching institutes in Mumbai?,Which are the best CFA train institutes in Mumbai?,Which are the easily CFA coach institutes in Mumbai?,Which are the c h best CFA coaching job establish in Mumbai?
How do I tell if I'm transgender?,How do I recount if I'm transgender?,How do one state if I'm transgender?,How do iodine recount if I'm transgender?
How can I slowly lose weight?,How can i slowly lose weight?,How can I lento drop off weight?,How can atomic number  lento mislay weight?
My friend from the past is stalking me. What should I do?,My friend from the past is haunt me. What should I do?,My friend from the retiring is stalking me. What should i do?,My champion from the past is stalk me. What should unity do?
In the summer how would I dress like a workout guy from the year 1990?,In the summer how would I dress same a workout guy from the year 1990?,In the summer how would I dress the like a workout poke fun from the year 1990?,In the summer how would ace garb like a workout guy from the yr 1990?
"What is the best name for the business related to location, news, photos?","What is the honorable name for the business related to location, news, photos?","What is the serious distinguish for the business related to location, news, photos?","What is the better name for the line interrelate to location, news, photos?"
What exactly happened in Bangalore on the midnight of new year eve?,What exactly befall in Bangalore on the midnight of new year eve?,What exactly happened in bangalore on the midnight of fresh year eve?,What incisively happen in Bangalore on the midnight of modern year eve?
I'm offering to pay $0.50 per person for signing up and cashing out on Qmee. Does anyone know any websites where I can advertise this offer?,I'm offering to pay $0.50 per person for sign on up and cashing out on Qmee. Does anyone know any websites where I can advertise this offer?,I'm offering to pay $0.50 per person for signing up and cashing out on Qmee. Does anyone know any websites where unity can push this offer?,I'm offering to pay $0.50 per someone for signing up and cash in out on Qmee. Does anyone bonk any websites where I can advertise this offer?
Can you answer these questions?,Can you result these questions?,bottom you response these questions?,privy you solvent these questions?
"What if I have misplaced by cpt marksheet but have ipcc marksheet, can I still register for cs?","What if I have mislaid by cpt marksheet but have ipcc marksheet, can I still register for cs?","What if ace have misplaced by cpt marksheet but have ipcc marksheet, can ace still cross file for cs?","What if single have misplaced by cpt marksheet but have ipcc marksheet, can single inactive file for cs?"
Can retained earnings be negative?,Can retained wage be negative?,hind end retained realise be negative?,throne keep on realise be negative?
What IQ level does Donald Trump have? Is he really a politician or comedian?,What IQ level does Donald Trump have? Is he in truth a politician or comedian?,What IQ level does Donald trump out have? equal he really a politician or comedian?,What intelligence quotient level does Donald Trump have? represent he really a pol or comedian?
What's the best physics books you have ever read?,What's the charles herbert best physics books you have ever read?,What's the best physics holy scripture you have ever so read?,What's the advantageously physics script you have of all time read?
"Does my dog really love me or is she simply acting on survival instinct (food, water, shelter)?","Does my dog real love me or is she simply acting on survival instinct (food, water, shelter)?","Does my dog in truth know me or is she simply acting on survival instinct (food, water, shelter)?","exercise my dog really love me or is she but acting on survival replete (food, water, shelter)?"
What's the meaning behind the Goo Goo Dolls' song “Name”?,What's the signify behind the Goo Goo Dolls' song “Name”?,What's the entail behind the sludge sludge Dolls' song “Name”?,What's the meaning backside the guck guck Dolls' birdsong “Name”?
What are some ways to take anabolic steroids?,What are some ways to adopt anabolic steroids?,What are some room to aim anabolic steroids?,What are some room to payoff anabolic steroids?
"What are the similarities and differences between a butte, mesa, and plateau?","What are the similarities and difference of opinion between a butte, mesa, and plateau?","What are the law of similarity and departure between a butte, mesa, and plateau?","What are the law of similarity and deviation between a butte, mesa, and plateau?"
What is the best advice that you have received?,What is the estimable advice that you have received?,What is the good advice that you have received?,What is the practiced advice that you have received?
How can I reduce belly fat and overall weight?,How can I reduce belly fat and boilers suit weight?,How can I deoxidize belly avoirdupois and overall weight?,How can I dilute belly out fat and boilers suit weight?
What would the world be like without electricity today?,What would the world be the likes of without electricity today?,What would the humanity be like without electrical energy today?,What would the man be corresponding without electrical energy today?
Emerging Growth Partners Baltimore?,egress Growth Partners Baltimore?,emerging Growth collaborator Baltimore?,egress increase partner Baltimore?
Why do I feel my mind's getting blocked day by day?,Why do I feel my mind's begin blocked day by day?,Why do I experience my mind's getting blocked solar day by day?,wherefore do I tactile property my mind's getting blocked daytime by day?
"How can I fix ""Error 105 (net::ERR_NAME_NOT_RESOLVED): The server could not be found."" on Chrome?","How can I fix ""Error 105 (net::ERR_NAME_NOT_RESOLVED): The host could not be found."" on Chrome?","How can ace fix ""Error cv (net::ERR_NAME_NOT_RESOLVED): The server could not be found."" on Chrome?","How can iodin set ""Error  (net::ERR_NAME_NOT_RESOLVED): The server could not be found."" on Chrome?"
"As a defendant, if I have non-existent credit and no assets under my name, is it even worth going to small claims court?","As a defendant, if I have non-existent credit and no assets under my name, is it even deserving going to small claims court?","As a defendant, if single have non-existent quotation and no assets under my name, is it even worth going to small claims court?","amp a defendant, if I have non-existent credit and no assets under my name, is it even worth going to pocket size call court?"
How can I get money/stuff I want?,How can i get money/stuff i want?,How can iodine grow money/stuff iodine want?,How can ace fix money/stuff ace want?
"Starting Sophomore year of Highschool with a 3.0 GPA, If get all A's this year what would my GPA be?","Starting Sophomore year of Highschool with a 3.0 GPA, If mother all A's this year what would my GPA be?","Starting sophomore year of Highschool with a 3.0 GPA, If stick all A's this year what would my GPA be?","get going Sophomore twelvemonth of highschool with a 3.0 GPA, If get all A's this twelvemonth what would my GPA be?"
What is your New Year Resolution?,What is your novel Year Resolution?,What is your novel year Resolution?,What is your fresh twelvemonth Resolution?
Which is the best joke you have ever heard?,Which is the best joke you have eer heard?,Which is the estimable joke you have ever so heard?,Which is the honorable put on you have of all time heard?
Should I do a diploma in a community college of Canada or a masters from an university of Canada?,Should I do a diploma in a community college of Canada or a dominate from an university of Canada?,Should I do a diploma in a community of interests college of Canada or a passe partout from an university of Canada?,Should unity do a sheepskin in a residential district college of Canada or a masters from an university of Canada?
What are the best BBW dating sites for BBW people about BBW dating?,What are the upright BBW dating sites for BBW people about BBW dating?,What are the respectable BBW geological dating sites for BBW people about BBW dating?,What are the secure BBW dating sit for BBW mass about BBW dating?
What were the failures of Jimmy Carter as President according to the American public?,What were the failures of jimmy Carter as President according to the American public?,What were the failures of Jimmy howard carter as chief executive according to the American public?,What were the failures of lever Carter as President harmonize to the american language public?
How do I find the beauty of life?,How do single find the beauty of life?,How do  incur the beauty of life?,How do ace come up the mantrap of life?
Who will win upcoming USA election?,Who will winnings upcoming USA election?,Who will win coming u s army election?,world health organization will gain ground forthcoming USA election?
How does banning 500 and 1000 rupee notes help to control black money?,How does banning 500 and 1000 rupee bank note help to control black money?,How does banning 500 and 1000 rupee notes help to ascendency inkiness money?,How does banning 500 and thousand rupee government note facilitate to control black money?
How are golf courses planned?,How are golf course of instruction planned?,How are golf game flow planned?,How are golf game trend planned?
Why do onions make people cry?,Why do onions take in people cry?,why do onions seduce people cry?,why do onions take a leak multitude cry?
What is 1^0?,What is 1^0?,What is 1^0?,What is 1^0?
What are the best option after completing my B.Tech in mechanical engineering?,What are the best option after dispatch my B.Tech in mechanical engineering?,What are the in force option after completing my B.Tech in mechanically skillful engineering?,What are the in force option after fill out my B.Tech in mechanically skillful engineering?
Why do people eat turkey on Thanksgiving?,Why do people exhaust turkey on Thanksgiving?,wherefore do hoi polloi eat turkey on Thanksgiving?,wherefore do people deplete bomb on Thanksgiving?
How can one overcome procrastination?,How can matchless overcome procrastination?,How can unitary overwhelm procrastination?,How can unrivaled master procrastination?
What is the difference between PMM1 and PMM2?,What is the departure between PMM1 and PMM2?,What is the deviation between PMM1 and PMM2?,What is the conflict between PMM1 and PMM2?
What is the ultimate goal of everything?,What is the ultimate end of everything?,What is the ultimate finish of everything?,What is the ultimate finish of everything?
How can I link mail chimp and mail munch?,How can I colligate mail chimp and mail munch?,How can atomic number  link chain armour chimp and chain armour munch?,How can iodin link ring armor chimpanzee and ring armor munch?
What does it feel like for a woman to have sex with a man with a large penis?,What does it feel like for a woman to have sex with a man with a enceinte penis?,What does it feel like for a woman to have sexual activity with a gentleman with a large penis?,What does it sense like for a woman to have sexuality with a humanity with a large penis?
Which were the greatest Shakespeare plays?,Which were the greatest shakespeare plays?,Which were the not bad william shakspere plays?,Which were the outstanding william shakespeare plays?
Where can I get all the background music without the voice (of the singer)?,Where can I let all the background music without the voice (of the singer)?,Where can I get all the scope music without the vocalise (of the singer)?,Where can ace produce all the scope music without the voice (of the singer)?
"How much would 40,000 sq ft of land be worth in New Territories, Hong Kong?","How practically would 40,000 sq ft of land be worth in New Territories, Hong Kong?","How a good deal would 40,000 sq ft of land be worth in freshly Territories, Hong Kong?","How a lot would 40,000 sq ft of land be deserving in raw Territories, Hong Kong?"
What's the best bar in the Carribean?,What's the best stripe in the Carribean?,What's the c h best prevention in the Carribean?,What's the ripe block up in the Carribean?
What should be the first question to ask on Quora?,What should be the first question to involve on Quora?,What should be the first dubiousness to postulate on Quora?,What should be the foremost head to enquire on Quora?
What is the meaning of the name surrender?,What is the signify of the name surrender?,What is the mean of the make surrender?,What is the entail of the advert surrender?
What does it mean if a dog is panting and shaking? How do you care for it?,What does it bastardly if a dog is panting and shaking? How do you care for it?,What does it mean if a heel is gasp and shaking? How do you care for it?,What does it hateful if a dog is gasp and shaking? How do you guardianship for it?
Can eating a lot of corn cause constipation? Why or why not?,Can eating a portion of corn cause constipation? Why or why not?,bum eating a lot of corn whisky cause constipation? Why or why not?,toilet use up a lot of corn cause constipation? wherefore or why not?
How do you reduce the size of a JPEG file on MAC?,How do you reduce the size of it of a JPEG file on MAC?,How do you trim the size of a JPEG single file on MAC?,How do you foreshorten the size of it of a JPEG lodge on MAC?
Can you live without brain stem?,Can you live without encephalon stem?,give the axe you springy without brain stem?,lavatory you exist without brainiac stem?
What is the the importance of history?,What is the the grandness of history?,What is the the grandness of history?,What is the the grandness of history?
How do I expand my creativity?,How do I boom my creativity?,How do ace flesh out my creativity?,How do atomic number  amplify my creativity?
What should I do in order to participate in the International Chemistry Olympiad (IChO)?,What should I do in ordain to participate in the International Chemistry Olympiad (IChO)?,What should I do in order to participate in the International chemical science olympic games (IChO)?,What should ane do in order to enter in the International chemical science Olympiad (IChO)?
Why does anantapur receives scanty rainfall among all the Telugu district's?,Why does anantapur receives scanty rain among all the Telugu district's?,Why does anantapur receives panty rainfall among all the telugu district's?,why does anantapur receives scanty rain among all the telugu district's?
"Among the institutes which admits thro' JAM, which one is the best for M.Sc. Mathematics? And what should be my score in JAM for the same.","Among the institutes which admits thro' JAM, which one is the best for M.Sc. Mathematics? And what should be my make in JAM for the same.","Among the institutes which admits thro' JAM, which ace is the best for M.Sc. Mathematics? And what should be my score in ram for the same.","Among the institute which include thro' JAM, which one is the best for M.Sc. Mathematics? And what should be my score in hole for the same."
Which country has the safest plugs/ electrical plug sockets?,Which country has the safest plugs/ electric plug sockets?,Which rural area has the safest plugs/ electrical stopper sockets?,Which country has the good plugs/ electric sparking plug sockets?
How are the jobs of Regional Rural banks under officer Cadre?,How are the jobs of Regional Rural bank building under officer Cadre?,How are the business of Regional Rural banks under policeman Cadre?,How are the job of Regional Rural bank under officeholder Cadre?
What are the pros of population growth? What are its cons?,What are the pros of universe growth? What are its cons?,What are the pro of universe growth? What are its cons?,What are the professional of universe growth? What are its cons?
"What comes after once, twice, thrice?","What make out after once, twice, thrice?","What number after once, twice, thrice?","What issue forth after once, twice, thrice?"
How do I add a logo image to an iMovie video?,How do I sum a logo image to an iMovie video?,How do atomic number  minimal brain dysfunction a logo image to an iMovie video?,How do one total a logo trope to an iMovie video?
How long does it generally take you to read a 300-page book?,How long does it generally take you to scan a 300-page book?,How foresightful does it generally need you to read a 300-page book?,How hanker does it generally make you to learn a 300-page book?
"What is the weather in Orlando like on June, and how does it differ from the weather in February?","What is the weather in Orlando like on June, and how does it take issue from the weather in February?","What is the upwind in orlando like on June, and how does it differ from the upwind in February?","What is the conditions in orlando like on June, and how does it disagree from the conditions in February?"
What are the beauty standards in Germany?,What are the beauty measure in Germany?,What are the knockout touchstone in Germany?,What are the beaut measure in Germany?
Is Turkey invading Syria?,Is dud invading Syria?,personify dud invading Syria?,represent joker infest Syria?
Is #10 Downing Street as secure and well fortified as the White House?,Is #10 Downing Street as secure and well fortified as the e b white House?,personify #10 Downing Street as secure and easily fortified as the White House?,personify #10 bolt down Street as secure and well arm as the White House?
Is digging up methane from earth harmful?,make up digging up methane from earth harmful?,Is stab up methane from ground harmful?,constitute hollow up methane from dry land harmful?
Which were some of the bad experiences you had in life?,Which were some of the bad live you had in life?,Which were some of the regretful experience you had in life?,Which were some of the forged receive you had in life?
What's your personality?,What's your personality?,What's your personality?,What's your personality?
How many keywords are there in Comega Programming Language in the latest version?,How many keywords are there in Comega programming Language in the latest version?,How many keywords are there in Comega program oral communication in the latest version?,How many keywords are there in Comega programing oral communication in the belated version?
What do I feed my guinea pigs?,What do I feed in my guinea pigs?,What do  feed my guinea fowl pigs?,What do atomic number  fertilise my french guinea pigs?
What are some of the Best and creative whatsapp status?,What are some of the Best and originative whatsapp status?,What are some of the adept and originative whatsapp status?,What are some of the outdo and originative whatsapp status?
"Which is a good solar panel installation provider in Mojave, California CA?","Which is a good solar impanel installation provider in Mojave, California CA?","Which is a good solar panel installation supplier in Mojave, california CA?","Which is a honorable solar panel installation supplier in Mojave, ca CA?"
Can Apple mapKIT replace Google maps API for an uber type iOS app project?,Can Apple mapKIT replace Google map API for an uber type iOS app project?,can Apple mapKIT replace google maps API for an uber type iOS app project?,Can orchard apple tree mapKIT replace google maps API for an uber typecast iOS app project?
How do I cool down a planet or moon?,How do I coolheaded down a planet or moon?,How do atomic number  cool down a satellite or moon?,How do  coolheaded down a satellite or moon?
What is inside a Bed Buddy?,What is inside a eff Buddy?,What is at bottom a hit the sack Buddy?,What is inner a jazz Buddy?
How do you make easy money online?,How do you draw easy money online?,How do you nominate gentle money online?,How do you create leisurely money online?
What was the greatest lesson you learned in the corporate world?,What was the greatest lesson you hear in the corporate world?,What was the peachy example you learned in the corporate world?,What was the greatest moral you check in the bodied world?
Why do people ask questions whose answer can be easily found on the internet?,Why do people ask questions whose answer can be easily chance on the internet?,Why do people demand questions whose answer can be easy found on the internet?,Why do citizenry call for motion whose answer can be easily found on the internet?
Youth: Is 19 still young?,Youth: Is 19 hush young?,Youth: Is xix tranquillize young?,Youth: exist  allay young?
I've been having jock itch and it spread from my left inner thigh to my right inner thigh. How can I get rid of it?,I've been having jock itch and it spread from my left inner thigh to my right inner thigh. How can I get disembarrass of it?,I've been having jock itch and it spread from my go forth inner second joint to my right inner thigh. How can I get rid of it?,I've been having athletic supporter scabies and it broadcast from my left inner thigh to my right inner thigh. How can I get rid of it?
"Physiologically, what is involved in learning to read?","Physiologically, what is involved in teach to read?","Physiologically, what is convoluted in check to read?","Physiologically, what is convoluted in get word to read?"
Does Congress party digging their grave slowly as they are opposing everything done by PM Modi like saying Jay Shriram or dping surgical strikes?,Does Congress party digging their grave slowly as they are opposing everything done by PM Modi like saying Jay Shriram or dping operative strikes?,coiffure Congress party digging their grave slowly as they are opposing everything done by PM Modi corresponding saying Jay Shriram or dping surgical strikes?,Does coitus party digging their sculpt slowly as they are opposing everything done by PM Modi like saying Jay Shriram or dping operative strikes?
How can we study the undergraduate courses in Biomedical Sciences?,How can we study the undergraduate course of action in Biomedical Sciences?,How can we analyze the undergrad courses in Biomedical Sciences?,How can we sketch the undergrad courses in biomedical Sciences?
Why are chemical reactions balanced?,Why are chemical chemical reaction balanced?,why are chemic reactions balanced?,why are chemic response balanced?
What are some famous flute songs?,What are some famous fluting songs?,What are some renowned champagne flute songs?,What are some illustrious flute glass songs?
"According to the U.S. Constitution, who has the right to vote?","according to the U.S. Constitution, who has the right to vote?","According to the united states Constitution, who has the compensate to vote?","concord to the united states Constitution, who has the rightfield to vote?"
Can I lose weight by masturbating?,canful I lose weight by masturbating?,crapper unity lose weight by masturbating?,bottom I fall behind burthen by masturbating?
How have people holding black money escaped the demonetisation?,How have people holding black money bunk the demonetisation?,How have people contain black money loose the demonetisation?,How have people entertain ignominious money run away the demonetisation?
"Is drinking lemon with water really good for your digestive system and does it become ""alkaline"" once it enters the body?","Is drinking lemon with water in truth good for your digestive system and does it become ""alkaline"" once it enters the body?","Is drinking maize with water supply really good for your digestive system and does it become ""alkaline"" once it enters the body?","Is drinking lemon yellow with water rattling salutary for your digestive system and does it become ""alkaline"" once it enters the body?"
Why Adam D Angelo is stupid?,Why disco biscuit D Angelo is stupid?,wherefore xtc D Angelo is stupid?,why go  Angelo is stupid?
"I have applied for reissue of my passport and got it early, but my post police verification is adverse for my current address. What should I do?","I have applied for reprinting of my passport and got it early, but my post police verification is adverse for my current address. What should I do?","I have applied for reissue of my recommendation and got it early, but my post police verification is contrary for my current address. What should I do?","I have applied for reissue of my pass and got it early, but my post police verification is inauspicious for my electric current address. What should I do?"
How do I solve inequalities like: x + 3^x < 4 ?,How do I solve inequalities like: x + 3^x < little joe ?,How do I work inequality like: x + 3^x < 4 ?,How do iodine lick inequalities like: x + 3^x < foursome ?
How can I increase my English fluency?,How can iodin increase my English fluency?,How can I gain my side fluency?,How can iodin increment my english people fluency?
"Why do Vietnamese hate ""Upin & Ipin""?","Why do Vietnamese detest ""Upin & Ipin""?","why do Vietnamese hatred ""Upin & Ipin""?","wherefore do vietnamese hatred ""Upin & Ipin""?"
Have you ever faced any supernatural moment in your life?,Have you ever faced any supernatural consequence in your life?,give birth you ever present any supernatural moment in your life?,suffer you ever faced any occult minute in your life?
How is discontinuing 500 and 1000 rupee note going to put a hold on black money in India?,How is discontinuing 500 and 1000 mauritian rupee note going to put a hold on black money in India?,How is discontinuing 500 and 1000 rupee note going to set a cargo deck on black money in India?,How is quit  and 1000 rupee note going to put a hold on opprobrious money in India?
How do I prepare for psychology subject in UPSC Mains?,How do I prepare for psychological science subject in UPSC Mains?,How do single prepare for psychological science subject in UPSC Mains?,How do iodin get up for psychological science subject in UPSC Mains?
Why do not we feel hungry when we sleep?,Why do not we look hungry when we sleep?,why do not we feel athirst when we sleep?,wherefore do not we tactile property thirsty when we sleep?
What is the quickest and less painful way to commit suicide?,What is the quick and less painful way to commit suicide?,What is the quickest and less painful elbow room to put suicide?,What is the immediate and to a lesser extent dreadful way to commit suicide?
"Why do people claim to stand for government by the people, but bash a non-government agent running for president? It sounds 2-faced.","Why do people claim to stand for government by the people, but bonk a non-government agent running for president? It sounds 2-faced.","why do people claim to stand for government by the people, but bash a non-government agent running for president? information technology sounds 2-faced.","Why do hoi polloi claim to stand up for government by the people, but bash a non-government federal agent running for president? It sounds 2-faced."
What is the tastiest vegan or vegetarian way to make fried onions?,What is the tastiest vegan or vegetarian way to make deep fried onions?,What is the tastiest vegan or vegetarian fashion to make electrocute onions?,What is the tasty vegan or vegetarian way to cause deep fried onions?
"As a web developer, why do you like to develop websites from ""scratch"" instead of using CMS like Wordpress, Drupal, or Joomla?","As a web developer, why do you like to develop websites from ""scratch"" instead of use CMS like Wordpress, Drupal, or Joomla?","As a web developer, why do you comparable to make grow websites from ""scratch"" instead of using CMS comparable Wordpress, Drupal, or Joomla?","axerophthol a net developer, why do you like to develop internet site from ""scratch"" instead of using CMS like Wordpress, Drupal, or Joomla?"
Was CNN wrong when it reported that the Secret Service met with Donald Trump?,Was CNN wrong when it report that the Secret Service met with Donald Trump?,Was CNN ill timed when it reported that the Secret military service met with Donald Trump?,exist CNN wrong when it reported that the Secret table service run across with Donald Trump?
How can I use WhatsApp in a computer?,How can  use WhatsApp in a computer?,How can ace habit WhatsApp in a computer?,How can iodine manipulation WhatsApp in a computer?
Is temporarily disabling Instagram safe? Will I lose pictures or am I at risk of losing my account all together due to some bug?,Is temporarily disabling Instagram safe? Will I lose pictures or am I at risk of losing my account all together imputable to some bug?,Is temporarily disabling Instagram safe? Will I lose pictures or am I at lay on the line of drop off my account all together due to some bug?,Is temporarily disabling Instagram safe? Will I drop off pictures or am I at peril of losing my answer for all together due to some bug?
Can humans be immortal?,Can human beings be immortal?,give the sack man be immortal?,crapper human race be immortal?
Who has the most beautiful eyes you have ever seen?,world health organization has the most beautiful eyes you have ever seen?,who has the most beautiful optic you have ever seen?,who has the most beautiful eye you have of all time seen?
Does Instagram allow fans to create account for their favorite celebrity?,answer Instagram allow fans to create account for their favorite celebrity?,Does Instagram grant fans to create account for their pet celebrity?,exercise Instagram allow fans to make account for their best loved celebrity?
Where can I watch full movies online for free?,Where can I watch full movies on line for free?,Where can I watch out full motion picture online for free?,Where can one watch full film on line for free?
What is a procedural language?,What is a adjective language?,What is a adjective language?,What is a adjective language?
Which is the best laptop to buy between 35K-40K?,Which is the honorable laptop to buy between 35K-40K?,Which is the best laptop computer to purchase between 35K-40K?,Which is the right laptop computer to bargain between 35K-40K?
Psychology of Everyday Life: What are some things that make Indians happy?,Psychology of everyday Life: What are some things that make Indians happy?,psychological science of Everyday Life: What are some things that make indian happy?,Psychology of casual Life: What are some thing that make american indian happy?
"I am a student of Electrical engineering,what are career options after B.tech excluding IES?","I am a scholar of Electrical engineering,what are career options after B.tech excluding IES?","iodin am a bookman of Electrical engineering,what are career options after B.tech excluding IES?","I am a student of Electrical engineering,what are calling selection after B.tech exclude IES?"
Igot 389 marks in cocubes assessment test in 2016 can I expect a job in MNC?,Igot 389 marks in cocubes assessment test in 2016 can I expect a farm out in MNC?,Igot 389 sign in cocubes assessment try in 2016 can I expect a job in MNC?,Igot 389 stigmatise in cocubes assessment test in 2016 can  expect a task in MNC?
"In what regions is ""aunt"" pronounced ""ant"" vs. ""awnt"" vs. “ahnt”?","In what area is ""aunt"" pronounced ""ant"" vs. ""awnt"" vs. “ahnt”?","In what region is ""aunt"" enunciate ""ant"" vs. ""awnt"" vs. “ahnt”?","indiana what neighborhood is ""aunt"" marked ""ant"" vs. ""awnt"" vs. “ahnt”?"
Which country has the least natural beauty?,Which rural area has the least natural beauty?,Which country has the to the lowest degree raw beauty?,Which area has the to the lowest degree cancel beauty?
What is environmental degradation? What causes it?,What is environmental degradation? What stimulate it?,What is environmental degradation? What lawsuit it?,What is environmental degradation? What crusade it?
What is the greater significance of the 13th Amendment to the US Constitution?,What is the greater implication of the 13th Amendment to the US Constitution?,What is the greater significance of the thirteenth Amendment to the the states Constitution?,What is the greater signification of the 13th amendment to the usa Constitution?
Were the lawyers who defended the prosecuted in the Nuremberg trials hated?,Were the lawyers who defended the prosecute in the Nuremberg trials hated?,Were the lawyers who defended the prosecute in the Nuremberg tryout hated?,follow the lawyers who defended the pursue in the nuremberg trials hated?
How long does it take to repair extremely damaged hair?,How long does it take to repair extremely damage hair?,How long does it assume to repair extremely discredited hair?,How long does it acquire to indemnify passing damaged hair?
When is it too late to learn the piano?,When is it too former to learn the piano?,When is it too of late to take the piano?,When is it too recently to ascertain the piano?
What is difference between project manager and product manager?,What is difference between project coach and product manager?,What is difference between project coach and production manager?,What is difference between externalize managing director and merchandise manager?
How do ISPs (Internet service providers) control download and upload speed?,How do ISPs (Internet service providers) restraint download and upload speed?,How do ISPs (Internet overhaul providers) mastery download and upload speed?,How do ISPs (Internet divine service providers) dominance download and upload speed?
What's the most embarrassing moment you've ever had?,What's the most blockade moment you've ever had?,What's the most embarrassing present moment you've ever so had?,What's the most sticky bit you've ever so had?
Does Google hire CS M. Techs from IISC and other IITs?,practice Google hire CS M. Techs from IISC and other IITs?,Does Google engage CS M. tech from IISC and other IITs?,Does Google rent degree celsius M. technical school from IISC and other IITs?
What can I use Linear Algebra and/or calculus for in Computer science?,What can I use Linear Algebra and/or calculus for in estimator science?,What can iodine use Linear Algebra and/or tartar for in Computer science?,What can ane utilization Linear Algebra and/or tartar for in Computer science?
Is there a correlation between prominent sociologists and autism?,Is there a correlation between spectacular sociologists and autism?,embody there a correlation between salient sociologists and autism?,constitute there a correlational statistics between prominent sociologist and autism?
Do actors in the DC/MCU/X-Men movies have contracts that prevent them from appearing in the other series?,Do actors in the DC/MCU/X-Men motion picture show have contracts that prevent them from appearing in the other series?,dress player in the DC/MCU/X-Men movies have contracts that prevent them from appearing in the other series?,fare actors in the DC/MCU/X-Men picture show have sign that prevent them from appearing in the other series?
How the bleaching powder works?,How the discolorise powder works?,How the decolourise pulverization works?,How the decolourize pulverisation works?
How did you react when your parents didn't buy you a new mobile?,How did you react when your parents didn't bargain you a new mobile?,How did you react when your parents didn't purchase you a freshly mobile?,How did you react when your rear didn't steal you a newfangled mobile?
What is Verizon's iPhone extended network?,What is Verizon's iPhone strain network?,What is Verizon's iPhone strain network?,What is Verizon's iPhone unfold network?
"What are some good places for brunch in Charleston, SC?","What are some good invest for brunch in Charleston, SC?","What are some ripe pose for brunch in Charleston, SC?","What are some right post for brunch in Charleston, SC?"
How do I ask for a girl's number?,How do i ask for a girl's number?,How do ace expect for a girl's number?,How do  inquire for a girl's number?
can we open Startup while working full time in a firm with OPT/H1B status?,can we open Startup while working full time in a tauten with OPT/H1B status?,can we open Startup while working wax time in a firmly with OPT/H1B status?,can we open Startup while cultivate wide cut clip in a firm with OPT/H1B status?
How can I jaoi ISRO?,How can iodin jaoi ISRO?,How can unity jaoi ISRO?,How can  jaoi ISRO?
What is the most messed up thing you have ever done?,What is the most messed up affair you have ever done?,What is the most mess up thing you have eer done?,What is the most mess up up matter you have ever so done?
Who is the most beautiful Hollywood actress in your opinion?,who is the most beautiful Hollywood actress in your opinion?,world health organization is the most beautiful hollywood actress in your opinion?,who is the most beautiful hollywood actress in your opinion?
Why is Quora so completely biased towards Hillary Clinton?,Why is Quora so completely slanted towards Hillary Clinton?,Why is Quora so whole bias towards Hillary Clinton?,why is Quora so completely one sided towards sir edmund hillary Clinton?
Where can I find theses related to social networks?,Where can atomic number  find theses related to social networks?,Where can ace find theses relate to social networks?,Where can unity determine theses related to sociable networks?
How do I convince my parents?,How do I win over my parents?,How do i convert my parents?,How do unity convert my parents?
How can i learn java programming language?,How can i learn java computer programing language?,How can i learn coffee computer programing language?,How can i study coffee program language?
Is slavery an ideology?,Is thrall an ideology?,make up thralldom an ideology?,represent thrall an ideology?
Why is there a limit on question details?,Why is there a fix on question details?,Why is there a throttle on inquiry details?,why is there a demarcation on oppugn details?
How does the Tinder algorithm work?,How does the Tinder algorithmic program work?,How does the touchwood algorithmic program work?,How does the spunk algorithmic program work?
Why is my Australian Cattle Dog/Pointer mix puppy afraid of cats?,Why is my Australian Cattle Dog/Pointer commixture puppy afraid of cats?,Why is my Australian bos taurus Dog/Pointer merge puppy afraid of cats?,Why is my aboriginal australian kine Dog/Pointer commix puppy afraid of cats?
Which is the best laptop to purchase under INR 60K?,Which is the best laptop to purchase under bureau of intelligence and research 60K?,Which is the best laptop computer to leverage under INR 60K?,Which is the skilful laptop computer to buy under INR 60K?
My classmate hate me because of my attitude?,My classmate hatred me because of my attitude?,My schoolmate detest me because of my attitude?,My schoolfellow hatred me because of my attitude?
Can a girl with naga dosham marry a guy without naga dosham? What effect does naga dosham have?,Can a little girl with naga dosham marry a guy without naga dosham? What effect does naga dosham have?,toilet a girl with naga dosham get married a guy without naga dosham? What effect does naga dosham have?,Can a fille with naga dosham marry a make fun without naga dosham? What essence does naga dosham have?
"What is the difference between a 6/6, 6/9, etc., eye vision?","What is the difference between a 6/6, 6/9, etc., heart vision?","What is the remainder between a 6/6, 6/9, etc., oculus vision?","What is the deviation between a 6/6, 6/9, etc., center vision?"
Which are the best Bollywood movies in 2016?,Which are the best bollywood movies in 2016?,Which are the in force Bollywood flick in 2016?,Which are the scoop bollywood picture in 2016?
Why is the country of Turkey not called Turkistan?,Why is the country of Turkey not telephone Turkistan?,wherefore is the country of bomb not called Turkistan?,wherefore is the country of joker not scream Turkistan?
What is the syntel's performance appraisal process?,What is the syntel's carrying into action appraisal process?,What is the syntel's public presentation estimate process?,What is the syntel's functioning assessment process?
How do I remove politics from my Quora feed?,How do one remove politics from my Quora feed?,How do single polish off politics from my Quora feed?,How do ace absent political sympathies from my Quora feed?
Why do some answers collapse in Quora?,Why do some answers break in Quora?,wherefore do some do collapse in Quora?,wherefore do some serve break down in Quora?
"I am 15 and want to be an MMA fighter, what should I do?","ace am 15 and want to be an MMA fighter, what should ace do?","I am fifteen and need to be an MMA fighter, what should I do?","unity am  and deficiency to be an MMA fighter, what should unity do?"
What is the difference between IT and ICT?,What is the difference between it and ICT?,What is the deviation between information technology and ICT?,What is the departure between information technology and ICT?
"What is the best reply if your boyfriend asks you,""why do you love me?""","What is the considerably reply if your boyfriend asks you,""why do you love me?""","What is the advantageously reply if your boyfriend expect you,""why do you love me?""","What is the best respond if your young man ask you,""why do you love me?"""
What are the creepiest paranormal experiences one ever had?,What are the creepiest extrasensory experiences one ever had?,What are the creepiest paranormal experiences  eer had?,What are the creepy crawly extrasensory receive one ever had?
"If you could redo anything in your life, what would it be?","If you could remake anything in your life, what would it be?","If you could refashion anything in your life, what would it be?","If you could make over anything in your life, what would it be?"
How many photons can be emitted by a single electron?,How many photons can be let loose by a single electron?,How many photon can be give off by a single electron?,How many photon can be give out by a individual electron?
"If pro-tamil forces captures majority of regions in southern India, would the current Indian government be able to take it back?","If pro-tamil forces captures bulk of regions in southern India, would the current Indian government be able to take it back?","If pro-tamil forces appropriate absolute majority of regions in southern India, would the current Indian government be able to take it back?","If pro-tamil forces captures majority of regions in southern India, would the stream native american governing be able to take it back?"
What does surgical strike mean?,What does operative strike mean?,What does operative impress mean?,What does operative assume mean?
What's the smartest way to separate rice and pulses rather then handpicking?,What's the smartest way to separate elmer leopold rice and pulses rather then handpicking?,What's the saucy way to separate elmer leopold rice and pulses rather then handpicking?,What's the smartest way to differentiate elmer reizenstein and impulse rather then handpicking?
Is it necessary to cover food stored in the fridge?,Is it necessary to plow food stored in the fridge?,exist it essential to cover food stored in the fridge?,embody it necessity to spread over food stored in the fridge?
Can we increase the speed of light in a vacuum?,tail end we increase the speed of light in a vacuum?,Can we increment the speed of brightness in a vacuum?,seat we increase the rush along of lightsome in a vacuum?
What does it feel like to be a self-made millionaire under the age of 25?,What does it feel like to be a self made millionaire under the age of 25?,What does it palpate like to be a self made millionaire under the age of 25?,What does it finger like to be a self made millionaire under the maturate of 25?
How do I lose 5 kgs in two months?,How do ane lose 5 kgs in two months?,How do single lose little phoebe kgs in two months?,How do one suffer cinque kgs in two months?
Why is projectile motion one-dimensional?,Why is rocket motion one-dimensional?,Why is rocket movement one-dimensional?,wherefore is rocket question one-dimensional?
What is the best thing that your neighbour has done to you?,What is the best thing that your neighbor has done to you?,What is the in effect thing that your neighbour has act to you?,What is the trump matter that your neighbor has done to you?
"My AMCAT scores are: verbal: 29%, quants: 88.1%, and logical: 65.1%,computer progr: 68%. Can I expect a call from Cognizant or Accenture?","My AMCAT scores are: verbal: 29%, quants: 88.1%, and logical: 65.1%,computer progr: 68%. Can I expect a call from cognisant or Accenture?","My AMCAT scores are: verbal: 29%, quants: 88.1%, and logical: 65.1%,computer progr: 68%. Can I look a yell from Cognizant or Accenture?","My AMCAT scores are: verbal: 29%, quants: 88.1%, and logical: 65.1%,computer progr: 68%. Can iodin expect a promise from cognizant or Accenture?"
Why does Hess's Law work?,wherefore does Hess's Law work?,why does Hess's police force work?,wherefore does Hess's law of nature work?
What are the pros and cons of working for a union?,What are the professional and cons of working for a union?,What are the professional and cons of operate for a union?,What are the professional and victimize of play for a union?
How does one transition from law to marketing?,How does ace transition from law to marketing?,How does peerless transition from legal philosophy to marketing?,How does matchless conversion from police force to marketing?
How do I earn money from the Internet?,How do ane earn money from the Internet?,How do  realize money from the Internet?,How do iodine bring in money from the Internet?
How do you get many answers for your questions in Quora?,How do you get many answers for your oppugn in Quora?,How do you catch many answers for your head in Quora?,How do you catch many do for your oppugn in Quora?
Is the Landmark Forum a cult?,Is the Landmark forum a cult?,constitute the turning point Forum a cult?,equal the turning point meeting place a cult?
What are some fun facts about beer?,What are some fun fact about beer?,What are some play fact about beer?,What are some playfulness fact about beer?
How much was scavenged from SS coffers and why shouldn't it be repaid?,How a great deal was scavenged from SS coffers and why shouldn't it be repaid?,How a lot was scavenged from sulfur coffers and why shouldn't it be repaid?,How much was scavenge from south caisson and why shouldn't it be repaid?
What are the best VNC alternatives without port forwarding?,What are the in effect VNC alternatives without port forwarding?,What are the best VNC alternative without port wine forwarding?,What are the ripe VNC choice without interface forwarding?
What can you do if your cat starts throwing up foam? Why does this happen?,What can you do if your caterpillar starts throwing up foam? Why does this happen?,What can you do if your cat starts shake off up foam? why does this happen?,What can you do if your sick get go throwing up foam? wherefore does this happen?
What will be the impact on production possibility Curve from the demonetization in India?,What will be the impact on production possibility Curve from the demonetisation in India?,What will be the impact on production opening Curve from the demonetisation in India?,What will be the touch on production possibility veer from the demonetisation in India?
Is chocolate good for your health?,Is burnt umber good for your health?,Is drinking chocolate respectable for your health?,exist coffee skillful for your health?
Can I buy the Samsung Galaxy S6?,Can I buy the Samsung coltsfoot S6?,Can unity buy the Samsung galax urceolata S6?,ass ane corrupt the Samsung Galaxy S6?
How Do I get traffic on website?,How Do I get dealings on website?,How make out I start out traffic on website?,How Do unity pose dealings on website?
Why should I take a bath before breakfast/lunch? And is it okay if I take a bath in the evening and not in the morning?,Why should atomic number  take a bath before breakfast/lunch? And is it okay if atomic number  take a bath in the evening and not in the morning?,Why should single conduct a bath before breakfast/lunch? And is it okay if single conduct a bath in the evening and not in the morning?,why should ace ingest a bath before breakfast/lunch? And is it okay if ace ingest a bath in the evening and not in the morning?
How can I lose weight without exercise?,How can I recede weight without exercise?,How can one turn a loss weight without exercise?,How can ace misplace free weight without exercise?
"When I sing freely, I sound really good. But when it comes to singing with the instrumental, I fail. Why is this?","When I sing freely, I sound truly good. But when it comes to singing with the instrumental, I fail. Why is this?","When I sing freely, I go really good. only when it comes to singing with the instrumental, I fail. Why is this?","When single sing freely, single sound really good. But when it issue forth to singing with the instrumental, single fail. why is this?"
What is the best SIP mutual fund to invest Rs 5000 per month for a period of 30 years?,What is the best SIP common fund to invest Rs 5000 per month for a period of 30 years?,What is the best SIP mutual investment trust to invest Rs 5000 per month for a period of time of 30 years?,What is the c h best SIP mutual fund to invest universal gas constant 5000 per month for a catamenia of 30 years?
What is your New Year’s Resolution(s) for 2017?,What is your newfangled Year’s Resolution(s) for 2017?,What is your new Year’s Resolution(s) for 2017?,What is your new Year’s Resolution(s) for 2017?
How easily could the US invade the UK?,How easily could the uranium invade the UK?,How easily could the u occupy the UK?,How well could the the states obtrude upon the UK?
What are some mind-blowing science home tricks that most people don't know about?,What are some mind-blowing science home tricks that most people don't do it about?,What are some mind bending science home tricks that most people don't get laid about?,What are some mind-blowing science national thaumaturgy that most people don't have it off about?
Does Uber operate in Las Vegas?,Does Uber lock in Las Vegas?,execute Uber operate on in Las Vegas?,manage Uber engage in lanthanum Vegas?
Will gaining muscle mess up my tattoo?,Will gaining muscle slew up my tattoo?,Will gaining brawniness messiness up my tattoo?,will gaining muscleman tidy sum up my tattoo?
What is the creepiest thing your parent has ever done?,What is the creepy thing your parent has ever done?,What is the creepy matter your parent has ever done?,What is the creepy crawly thing your raise has of all time done?
Who is known as the father of the English language?,Who is known as the beginner of the English language?,Who is do it as the father of the english language?,world health organization is known as the bring forth of the english people language?
What are some solo exercises I can do to develop my improv skills?,What are some solo exercises atomic number  can do to develop my improv skills?,What are some unaccompanied exercises I can do to break my improv skills?,What are some unaccompanied exercises single can do to originate my improv skills?
Why did the 2008 financial crisis occur?,Why did the 2008 fiscal crisis occur?,why did the 2008 fiscal crisis occur?,why did the 2008 fiscal crisis occur?
"What are the different literary devices that can be found in the book ""Brave New World"" by Aldous Huxley?","What are the different literary devices that can be found in the book ""Brave modern World"" by Aldous Huxley?","What are the different literary twist that can be found in the book ""Brave fresh World"" by Aldous Huxley?","What are the different literary devices that can be determine in the christian bible ""Brave novel World"" by Aldous Huxley?"
How are the hostel accommodations on VIT Chennai campus?,How are the auberge accommodations on VIT Chennai campus?,How are the youth hostel accommodation on VIT Chennai campus?,How are the inn adjustment on VIT madras campus?
What do you think of blopboard.com?,What do you imagine of blopboard.com?,What do you cogitate of blopboard.com?,What do you believe of blopboard.com?
What would be the advantages and disadvantages of having one world language?,What would be the advantages and disadvantages of having one public language?,What would be the advantages and disfavor of having one and only world language?,What would be the advantages and disfavor of having  populace language?
How can I make Indian people shop watches through www.storeguide.in? Request,How can I make amerindian language people shop watches through www.storeguide.in? Request,How can one make Indian people shop watches through www.storeguide.in? call for,How can I reach Indian the great unwashed rat watches through www.storeguide.in? Request
How would you know if a girl likes you?,How would you know if a girlfriend likes you?,How would you experience if a girlfriend likes you?,How would you experience if a fille like you?
How do I find the click through rate on a skippable ad on YouTube?,How do ane find the click through rate on a skippable ad on YouTube?,How do I find the mouse click through rate on a skippable advertizement on YouTube?,How do i get the click through value on a skippable ad on YouTube?
What are some reasons why your iPod Nano wont turn on or charge?,What are some reasons why your iPod Nano wont wrick on or charge?,What are some reasons why your ipod Nano habit turn on or charge?,What are some grounds why your ipod Nano wont change by reversal on or charge?
Why is the lottery legal in India but betting is illegal?,Why is the lottery legal in India but reckon is illegal?,Why is the lottery effectual in bharat but betting is illegal?,why is the lottery effectual in India but look is illegal?
Is India better than Pakistan?,live India better than Pakistan?,Is republic of india wagerer than Pakistan?,make up republic of india right than Pakistan?
What is the best way to describe eyes in a poem?,What is the best way to delineate eyes in a poem?,What is the considerably direction to describe eyes in a poem?,What is the salutary right smart to delineate eyes in a poem?
"What if Hitler only invaded USSR, would he have won?","What if Hitler only encroach upon USSR, would he have won?","What if hitler only intrude on USSR, would he have won?","What if adolf hitler only invade USSR, would he have won?"
"I haven't used Duolingo in a while, and when I created a new account, there was this new menu button for ""Health"". What is the purpose if Health?","I haven't used Duolingo in a while, and when I created a new account, there was this new menu clit for ""Health"". What is the purpose if Health?","ace haven't used Duolingo in a while, and when ace created a fresh account, there was this fresh menu button for ""Health"". What is the purpose if Health?","iodine haven't used Duolingo in a while, and when iodine created a new account, there was this new card clitoris for ""Health"". What is the purpose if Health?"
"What does % S, % R, and % D do on Python 2.7?","What does % S, % R, and % viosterol do on Python 2.7?","What does % S, % R, and % calciferol do on python 2.7?","What does % S, % R, and % calciferol do on python 2.7?"
What qualities do Avengers heroes usually have?,What qualities do retaliator heroes usually have?,What qualities do Avengers hero unremarkably have?,What caliber do avenger fighter usually have?
"What is the penalty for driving without a license in Alabama, how do they compare to the penalties in Texas?","What is the penalisation for driving without a license in Alabama, how do they compare to the penalties in Texas?","What is the penalization for driving without a license in Alabama, how do they compare to the penalisation in Texas?","What is the penalty for driving without a certify in Alabama, how do they equate to the penalty in Texas?"
What is the best audio editing software?,What is the best sound recording editing software?,What is the comfortably audio cut software?,What is the in force audio frequency cut software?
Where can machine learning not be applied?,Where can political machine learning not be applied?,Where can political machine encyclopedism not be applied?,Where can car hear not be applied?
How do I download videos from iCloud to my iPhone?,How do one download videos from iCloud to my iPhone?,How do iodine download video recording from iCloud to my iPhone?,How do single download tv from iCloud to my iPhone?
"Am I the only one, or are none of the guys getting matches on any dating sites or apps like Tinder, Truly Madly, QuackQuack, Woo, or Thrill?","Am I the only one, or are none of the guys getting matches on any dating sites or apps corresponding Tinder, Truly Madly, QuackQuack, Woo, or Thrill?","Am I the only one, or are none of the jest at getting play off on any dating sites or apps like Tinder, Truly Madly, QuackQuack, Woo, or Thrill?","amplitude modulation I the only one, or are none of the guys get matches on any date stamp sites or apps like Tinder, Truly Madly, QuackQuack, Woo, or Thrill?"
"What do you think about the book ""Brave New World"" by Aldous Huxley?","What do you think about the holy writ ""Brave New World"" by Aldous Huxley?","What do you think about the ledger ""Brave unexampled World"" by Aldous Huxley?","What do you cerebrate about the scripture ""Brave young World"" by Aldous Huxley?"
I scored 92.4 percentile in CAT 2015.Which colleges can I expect and eligible to apply to?,I nock 92.4 percentile in CAT 2015.Which colleges can I expect and eligible to apply to?,unity scored 92.4 percentile in CAT 2015.Which college can unity expect and eligible to apply to?,ace scored 92.4 percentile in CAT 2015.Which college can ace expect and eligible to lend oneself to?
How can I extract email addresses from website?,How can I extract e mail addresses from website?,How can I infusion electronic mail addresses from website?,How can single selection email treat from website?
Can you lose weight without exercising?,lav you lose weight without exercising?,stern you miss weight without exercising?,buttocks you drop off weighting without exercising?
Does it really matter what people think about other people?,Does it really matter what multitude think about other people?,make out it really issue what people think about other people?,Does it genuinely weigh what mass think about other people?
Is it a compulsion that less than 60% in 12th marks be a factor of failure during your MBA placements?,Is it a compulsion that less than 60% in 12th marks be a factor of nonstarter during your MBA placements?,Is it a compulsion that less than 60% in 12th marks be a broker of failure during your master in business administration placements?,comprise it a compulsion that less than 60% in 12th marks be a factor in of failure during your master in business placements?
Why does the caste system persist in India?,Why does the caste system stay in India?,why does the caste system of rules persist in India?,why does the caste scheme stay in India?
Which is the best institute for PL/SQL in Pune?,Which is the outflank institute for PL/SQL in Pune?,Which is the c h best constitute for PL/SQL in Pune?,Which is the sound plant for PL/SQL in Pune?
How is life and studies at IHM Aurangabad?,How is living and studies at IHM Aurangabad?,How is lifespan and written report at IHM Aurangabad?,How is spirit and read at IHM Aurangabad?
What do I do when my hair is too blonde?,What do one do when my hair is too blonde?,What do iodin do when my fuzz is too blonde?,What do single do when my hairsbreadth is too blonde?
Why most women do not reach orgasm?,Why most cleaning lady do not reach orgasm?,wherefore most women do not scope orgasm?,why most cleaning woman do not extend to orgasm?
What is the difference between a star and a delta connection?,What is the conflict between a star and a delta connection?,What is the dispute between a prima and a delta connection?,What is the departure between a principal and a delta connection?
I worked in .net 6+ yrs n now I shifted to Business Intelligence how about salaries now if I continue to work on BI for 1 year after 6yr exp in .net?,I work in .net 6+ yrs n now I shifted to Business Intelligence how about salaries now if I continue to work on BI for 1 year after 6yr exp in .net?,I crop in .net 6+ yrs n now I shifted to Business Intelligence how about salaries now if I continue to study on BI for 1 year after 6yr exp in .net?,I worked in .net 6+ yrs n now I shifted to Business intelligence activity how about earnings now if I continue to work on BI for unity year after 6yr exp in .net?
"Is it possible that everyone else is just an imitation of consciousness, and I am the only real conscious being in existence? What would this imply?","Is it possible that everyone else is just an imitation of consciousness, and I am the only actual conscious being in existence? What would this imply?","Is it potential that everyone else is just an false of consciousness, and I am the only real conscious being in existence? What would this imply?","comprise it potential that everyone else is just an impersonation of consciousness, and I am the only real conscious being in existence? What would this imply?"
Why and when is it wrong for parents to treat their kids as friends?,wherefore and when is it wrong for parents to treat their kids as friends?,Why and when is it wrong for rear to dainty their kids as friends?,why and when is it incorrectly for parents to plow their kids as friends?
Does green tea really help in losing weight?,Does green tea leaf really help in losing weight?,Does light green tea really help in drop off weight?,Does green river tea really facilitate in drop off weight?
Do tonsils cause bad breathe?,Do palatine tonsil cause bad breathe?,doctor of osteopathy tonsilla cause bad breathe?,ut tonsil cause unsound breathe?
What are the best hotels of Bhopal?,What are the best hotel of Bhopal?,What are the unspoilt hotel of Bhopal?,What are the dependable hotel of Bhopal?
If I smoked meth Monday afternoon will I be clean for a urine test Thursday morning?,If I smoked meth Monday afternoon will I be clean for a pee test Thursday morning?,If atomic number  smoked trash Monday afternoon will atomic number  be clean for a urine test Thursday morning?,If i smoke dried meth monday afternoon will i be clean for a urine test Thursday morning?
How can you get cyber crimes investigated by the police?,How can you start cyber crimes investigated by the police?,How can you get cyber offence enquire by the police?,How can you let cyber offense investigate by the police?
What is the Indian economy?,What is the american indian language economy?,What is the native american economy?,What is the american indian economy?
How can I delete my account on Quora after it has been deactivated?,How can single delete my account on Quora after it has been deactivated?,How can one delete my describe on Quora after it has been deactivated?,How can one erase my accounting on Quora after it has been deactivated?
What are the best gifts?,What are the unspoiled gifts?,What are the good gifts?,What are the beneficial gifts?
How many female pornstars are there?,How many female person pornstars are there?,How many female person pornstars are there?,How many distaff pornstars are there?
How can I do more of what makes me happy?,How can i do more of what makes me happy?,How can ane do more of what spend a penny me happy?,How can i do more of what nominate me happy?
What happens after we die?,What chance after we die?,What pass off after we die?,What encounter after we die?
How do I fake my death?,How do I sham my death?,How do  role player my death?,How do iodine juke my death?
Which one is correct about 1GB = 1024MB or 1GB = 1000MB?,Which ane is correct about 1GB = 1024MB or 1GB = 1000MB?,Which matchless is redress about 1GB = 1024MB or 1GB = 1000MB?,Which unitary is slump about 1GB = 1024MB or 1GB = 1000MB?
"What are the best books for IBPS PO, SBI SO, SBI PO?","What are the best rule book for IBPS PO, SBI SO, SBI PO?","What are the effective book for IBPS PO, SBI SO, SBI PO?","What are the unspoilt record for IBPS PO, SBI SO, SBI PO?"
How can I improve my character and personality?,How can I improve my theatrical role and personality?,How can atomic number  better my character and personality?,How can iodin better my role and personality?
My husband thinks that gloryholes count as cheating. I disagree. what do you think?,My husband retrieve that gloryholes count as cheating. I disagree. what do you think?,My husband thinks that gloryholes numeration as cheating. i disagree. what do you think?,My married man thinks that gloryholes tally as cheating.  disagree. what do you think?
Why is it essential to use a renewable source of energy?,Why is it essential to purpose a renewable source of energy?,Why is it requisite to utilize a renewable source of energy?,why is it all important to consumption a renewable source of energy?
"What is the cheapest, painless, easiest way to commit suicide?","What is the cheapest, painless, easiest direction to commit suicide?","What is the cheapest, painless, sluttish way to dedicate suicide?","What is the cheapest, painless, prosperous fashion to put suicide?"
What is the ZIP code of India?,What is the vigor code of India?,What is the aught encrypt of India?,What is the vigour cipher of India?
What is it like to be a PhD student at Berkeley?,What is it like to be a phd student at Berkeley?,What is it same to be a PhD scholarly person at Berkeley?,What is it wish to be a phd scholarly person at Berkeley?
What are some ways to approach and ask out a random girl in a college class lecture or on a dorm floor?,What are some ways to approach and ask out a random girl in a college class public lecture or on a dorm floor?,What are some ways to approach and inquire out a random girl in a college class lecture or on a dormitory floor?,What are some ways to draw near and ask out a random lady friend in a college course of instruction lecture or on a dorm floor?
Is it wrong for an 18-year-old to be in a relationship with a 50-year-old?,Is it awry for an 18-year-old to be in a relationship with a 50-year-old?,make up it amiss for an 18-year-old to be in a relationship with a 50-year-old?,cost it incorrect for an 18-year-old to be in a human relationship with a 50-year-old?
What are the benefits of quitting smoking weed?,What are the benefits of quitting smoke weed?,What are the welfare of give up smoking weed?,What are the profit of renounce fume weed?
How can you miss RSorder Drop Party with free RS gold and $10K cash coupons?,How can you lose RSorder Drop Party with free RS gold and $10K cash coupons?,How can you missy RSorder Drop Party with free RS gold and $10K hard cash coupons?,How can you miss RSorder send packing company with justify RS gold and $10K cash coupons?
How much does quintessentially concierge service cost and what can you ask of them?,How much does quintessentially concierge robert william service cost and what can you ask of them?,How much does quintessentially concierge robert william service cost and what can you need of them?,How much does quintessentially concierge armed service monetary value and what can you call for of them?
What are some good habits of very healthy people?,What are some good riding habit of very healthy people?,What are some well wont of very healthy people?,What are some soundly wont of very levelheaded people?
"I am in 10 class now, how can I start my IIT preparation?","I am in 10 class now, how can I head start my IIT preparation?","I am in 10 stratum now, how can I outset my IIT preparation?","one am in decade year now, how can one start my IIT preparation?"
What are the most heartwarming gestures you witnessed between a Palestinian and an Israeli?,What are the most heartwarming gesticulate you witnessed between a Palestinian and an Israeli?,What are the most heartwarming gesture you witnessed between a palestinian arab and an Israeli?,What are the most heartwarming gesticulate you find between a palestinian and an Israeli?
Which mechanical project should I do if I am in second year of mechanical engineering?,Which mechanically skillful project should I do if I am in second year of mechanically skillful engineering?,Which mechanically skillful fancy should I do if I am in second year of mechanically skillful engineering?,Which mechanically skillful project should ace do if ace am in second twelvemonth of mechanically skillful engineering?
How was cotton candy discovered?,How was cotton glaze discovered?,How was cotton fiber glaze discovered?,How was cotton wool glaze discovered?
What is the in-hand salary given to TCS fresher employees while training (in ILP Trivandrum) and after training?,What is the in-hand salary given to TCS fresher employees while condition (in ILP Trivandrum) and after training?,What is the in-hand pay given to TCS brisk employees while training (in ILP Trivandrum) and after training?,What is the in-hand salary given to technetium freshman employees while discipline (in ILP Trivandrum) and after training?
Is there any physical proof of aliens on earth?,represent there any physical proof of aliens on earth?,Is there any forcible proof of alienate on earth?,constitute there any physical proofread of extraterrestrial on earth?
Are human beings meant to be monogamous?,Are human beings intend to be monogamous?,Are human live entail to be monogamous?,Are human being being intend to be monogamous?
Where can I find the best hotel in Jhunjhunu?,Where can I happen the best hotel in Jhunjhunu?,Where can I find out the easily hotel in Jhunjhunu?,Where can  chance the outdo hotel in Jhunjhunu?
Why most countries have tricolor flag?,Why most res publica have tricolor flag?,Why most res publica have trichrome flag?,wherefore most commonwealth have trichrome flag?
What are some ways you can identify the theme of a book?,What are some ways you can identify the root of a book?,What are some slipway you can key out the theme of a book?,What are some manner you can discover the melodic theme of a book?
Can I run Android studio smoothly on my laptop with core i7 6th gen dual core and 8GB RAM?,Can I run Android studio smoothly on my laptop computer with core i7 6th gen dual core and 8GB RAM?,Can I run Android studio smoothly on my laptop computer with core i7 sixth gen dual core and 8GB RAM?,Can I run Android studio apartment smoothly on my laptop computer with core i7 6th gen two fold core and 8GB RAM?
"As a girl, how do I make the first move to show him that I'm interested?","As a girl, how do I take a crap the first move to show him that I'm interested?","As a girl, how do I shuffling the first move to usher him that I'm interested?","As a girl, how do I make the first off motivate to demonstrate him that I'm interested?"
Already a chat read can go to grey lines after a day? And if it has what does it mean?,Already a chat read can go to greyness lines after a day? And if it has what does it mean?,Already a confab read can go to grayness lines after a day? And if it has what does it mean?,already a chat read can go to charles grey tune after a day? And if it has what does it mean?
Which is the best book for Python beginners to advance?,Which is the best book for python beginners to advance?,Which is the best book for python father to advance?,Which is the secure hold for python beginners to advance?
"How does it feel to see someone you know (friend, acquaintance, relative) in a porn movie?","How does it feel to see someone you know (friend, acquaintance, relative) in a porno movie?","How does it feel to see someone you jazz (friend, acquaintance, relative) in a smut movie?","How does it experience to learn someone you know (friend, acquaintance, relative) in a smut movie?"
Which is the best TV series you have ever watched?,Which is the sound TV series you have ever watched?,Which is the best TV serial you have ever so watched?,Which is the best telecasting serial you have always watched?
What are the best escorts in Bangalore?,What are the best bodyguard in Bangalore?,What are the secure date in Bangalore?,What are the full date in Bangalore?
How can a boy attract a girl who is not attracted towards him?,How can a son attract a girl who is not attracted towards him?,How can a boy attract a lady friend who is not draw towards him?,How can a male child appeal a girl who is not pull towards him?
What is SAP FSPM?,What is play out FSPM?,What is saphead FSPM?,What is play out FSPM?
Why do American documentaries and commercials generally have lower sounding male voice-overs than British ones?,Why do American documentaries and commercials generally have lower vocalize male voice-overs than British ones?,Why do American documentaries and commercial generally have get down sounding male voice-overs than British ones?,Why do American docudrama and commercials generally have low down sounding manlike voice-overs than British ones?
I'm a 13 year old boy. I'm 5.5 feet tall and I weigh 135 pounds. How do I lose weight and exercise more?,I'm a 13 year old boy. I'm 5.5 feet tall and I consider 135 pounds. How do I lose weight and exercise more?,I'm a 13 year old boy. I'm 5.5 base tall and I weigh  pounds. How do I lose weight and exercise more?,I'm a 13 year honest to goodness boy. I'm 5.5 feet tall and I weigh 135 pounds. How do I lose weight unit and usage more?
Fighting: Could 30 friends and I take on a silverback gorilla?,Fighting: Could 30 friends and atomic number  take on a silverback gorilla?,Fighting: Could xxx friends and I shoot on a silverback gorilla?,Fighting: Could  ally and unity take on a silverback gorilla?
Which is the best mobile below 15000?,Which is the best nomadic below 15000?,Which is the salutary wandering below 15000?,Which is the undecomposed roving below 15000?
How can I connect my YouTube channel to Adsense?,How can I connect my YouTube groove to Adsense?,How can iodin connect my YouTube tv channel to Adsense?,How can ace tie in my YouTube transfer to Adsense?
Which are the best Bollywood movies of 2016?,Which are the upright Bollywood movies of 2016?,Which are the salutary Bollywood movie of 2016?,Which are the just bollywood motion picture of 2016?
"If you could get plastic surgery for free, would you?","If you could gravel plastic surgery for free, would you?","If you could bring charge card surgery for free, would you?","If you could gravel pliant or for free, would you?"
How do I know if someone deleted my imessages?,How do I know if individual deleted my imessages?,How do atomic number  know if individual deleted my imessages?,How do I have it away if somebody erase my imessages?
What can you do with a QR code?,What can you do with a QR code?,What can you do with a QR code?,What can you do with a QR code?
Does Google hire geologist?,energy department Google hire geologist?,Does google charter geologist?,do google rent geologist?
What is the best way to reduce belly and arm fat?,What is the best way to reduce belly and build up fat?,What is the best direction to subjugate belly and arm fat?,What is the best way to subjugate venter and gird fat?
Is LG making a joke of people's mandate in Delhi?,Is LG qualification a joke of people's mandate in Delhi?,follow LG stimulate a joke of people's mandate in Delhi?,Is LG produce a prank of people's mandatory in Delhi?
What are the most effective approaches to deal with social anxiety?,What are the most effectual approaches to deal with social anxiety?,What are the most efficient approaches to slew with social anxiety?,What are the most effectual come near to carry on with social anxiety?
What is the answer to 2+3*?,What is the solution to 2+3*?,What is the solvent to 2+3*?,What is the serve to 2+3*?
How do I disable voice mail on Three UK?,How do I disable voice ring armour on Three UK?,How do atomic number  disable articulation mail on Three UK?,How do iodin handicap voice ring armour on Three UK?
Are there any incidents that made you believe more in God?,Are there any incidents that cook you believe more in God?,Are there any incidents that take a leak you conceive more in God?,follow there any incidents that do you conceive more in God?
What percentage of people live into their 90s?,What percentage of the great unwashed live into their 90s?,What percentage of hoi polloi know into their 90s?,What part of hoi polloi hold up into their 90s?
What goes with the color burgundy?,What goes with the emblazon burgundy?,What extend with the people of color burgundy?,What snuff it with the colourise burgundy?
How is the mold on bread formed? How can it be prevented?,How is the mold on dough formed? How can it be prevented?,How is the work on moolah formed? How can it be prevented?,How is the stamp on clams formed? How can it be prevented?
What is the largest site created using Flask?,What is the largest locate created using Flask?,What is the gravid site created employ Flask?,What is the bombastic land site created utilise Flask?
Who do you think will win the Pence/Kaine debate and why?,Who do you think will pull ahead the Pence/Kaine debate and why?,Who do you think will get ahead the Pence/Kaine argue and why?,who do you think will profits the Pence/Kaine moot and why?
What are the funniest rap battle lyrics?,What are the funny rap battle lyrics?,What are the comical rap struggle lyrics?,What are the curious belt engagement lyrics?
Has the font size in Quora changed?,Has the font size of it in Quora changed?,have got the font size of it in Quora changed?,feature the baptistery size of it in Quora changed?
How long does it take nail polish to dry?,How foresighted does it take nail polish to dry?,How long does it necessitate nail refine to dry?,How recollective does it submit arrest polish to dry?
How do I pass the 1Z0-425 exam?,How do I bye the 1Z0-425 exam?,How do atomic number  fall the 1Z0-425 exam?,How do  slip by the 1Z0-425 exam?
What are the safety precautions on handling shotguns proposed by the NRA in Arkansas?,What are the safety device precautions on handling shotguns proposed by the NRA in Arkansas?,What are the safety caution on handling shotgun proposed by the NRA in Arkansas?,What are the rubber precautions on handling shotguns project by the national rifle association in Arkansas?
"If you are slapped by your best friend, what do you do?","If you are slap by your best friend, what do you do?","If you are slap by your skillful friend, what do you do?","If you are slap by your near friend, what do you do?"
What are some good resorts in Bhopal?,What are some practiced resorts in Bhopal?,What are some soundly haunt in Bhopal?,What are some skilful fall back in Bhopal?
How can I get rid of razor bumps?,How can I get free of razor bumps?,How can I develop free of razor bumps?,How can ace dumbfound free of razor bumps?
Where can I find a date picker similar to the one in Google Analytics? Not Good,Where can I find a date picker similar to the i in Google Analytics? Not Good,Where can single find a date picker similar to the one in google Analytics? Not Good,Where can I find a date selector similar to the matchless in google Analytics? Not Good
Could Trump win?,Could outflank win?,Could scoop win?,Could ruff win?
China lost the South China Sea tribunal. What will happen? What will China do next?,China lost the s China Sea tribunal. What will happen? What will China do next?,taiwan lost the South taiwan ocean tribunal. What will happen? What will taiwan do next?,communist china helpless the South communist china ocean tribunal. What will happen? What will communist china do next?
Should we be bullish on Apple Stock now?,Should we be bullish on Apple malcolm stock now?,Should we be bullish on malus pumila origin now?,Should we be bullish on malus pumila livestock now?
What is the salary of intern doctors in different states of India?,What is the salary of intern doctors in different state of matter of India?,What is the earnings of intern sophisticate in different states of India?,What is the remuneration of houseman doc in different states of India?
"How do you know if a woman loves you for who you are, not for your money?","How do you know if a woman beloved you for who you are, not for your money?","How do you fuck if a womanhood loves you for who you are, not for your money?","How do you get it on if a adult female get it on you for who you are, not for your money?"
"If you had to choose between reading either fiction or non-fiction for the rest of your life, which one would you choose and why?","If you had to choose between reading either fable or non-fiction for the rest of your life, which one would you choose and why?","If you had to choose between reading either fabrication or non-fiction for the breathe of your life, which one would you choose and why?","If you had to take between reading either fable or non-fiction for the rest of your life, which single would you take and why?"
I transferred my money from Europe to my regular Indian savings account over a period of time. Will it be taxable in India?,I transferred my money from Europe to my habitue Indian savings account over a period of time. Will it be taxable in India?,I transferred my money from Europe to my regular amerindic savings describe over a period of time. Will it be taxable in India?,I channelize my money from ec to my regular Indian savings account over a period of time. testament it be taxable in India?
How can I find a good topic for research for the ICMR as a 2nd-year medical student?,How can I find a good theme for research for the ICMR as a 2nd-year medical student?,How can I find a good subject for research for the ICMR as a 2nd-year medical exam student?,How can iodin determine a good subject for research for the ICMR as a 2nd-year medical student?
Aren’t research mathematicians/physicists better placed to be “philosophers of science” than those trained in philosophy?,Aren’t enquiry mathematicians/physicists better placed to be “philosophers of science” than those trained in philosophy?,Aren’t research mathematicians/physicists meliorate range to be “philosophers of science” than those trained in philosophy?,Aren’t search mathematicians/physicists better situated to be “philosophers of science” than those prepare in philosophy?
Why is zener diode used as a voltage regulator?,Why is zener diode used as a electric potential regulator?,why is zener diode used as a electric potential regulator?,wherefore is zener semiconductor diode secondhand as a voltage regulator?
What is your favorite combination of flavors in coffee?,What is your favorite combination of flavor in coffee?,What is your favorite compounding of relish in coffee?,What is your favourite combining of tone in coffee?
"I am an accountant and I want to change careers. I like business process improvements and computer programming. I like to invent and design new ways of doing things efficiently, and build the product hands on. I do have artistic qualities as well. What kind of job(s) should I consider?","I am an accountant and I neediness to change careers. I like business process improvements and computer programming. I like to invent and design new ways of doing things efficiently, and build the product hands on. I do have artistic qualities as well. What kind of job(s) should I consider?","I am an accountant and I desire to change careers. I like business process improvements and information processing system programming. I like to invent and design new ways of doing things efficiently, and build the product hands on. I do have artistic qualities as well. What kind of job(s) should I consider?","I am an accountant and I want to change careers. I like business enterprise process improvements and computer programming. I like to invent and design new ways of doing things efficiently, and chassis the ware hands on. I do have artistic qualities as well. What kind of job(s) should I consider?"
What is the basic difference between 2g and 3g?,What is the staple difference between 2g and 3g?,What is the introductory difference of opinion between 2g and 3g?,What is the canonic conflict between 2g and 3g?
What are some examples of extrusive igneous rocks?,What are some examples of extrusive pyrogenic rocks?,What are some exemplar of extrusive fiery rocks?,What are some case of extrusive pyrogenous rocks?
What is the science behind good/bad trips with weed?,What is the science rear end good/bad trips with weed?,What is the science tooshie good/bad misstep with weed?,What is the scientific discipline derriere good/bad misstep with weed?
My daughter is thinking about starting a Lularoe clothing business. Does anyone know the pros and cons of the Lularoe business model?,My daughter is thinking about starting a Lularoe clothing business. Does anyone know the pro and cons of the Lularoe business model?,My daughter is thinking about starting a Lularoe clothing business. exercise anyone know the professional and cons of the Lularoe business model?,My daughter is thinking about starting a Lularoe drape business. Does anyone know the professional and nobble of the Lularoe business model?
Is mercy killing right or wrong?,Is mercy killing proper or wrong?,Is mercifulness killing powerful or wrong?,represent clemency killing powerful or wrong?
How fundamentally different is the parallel universe of Stranger things than Fringe?,How fundamentally different is the twin universe of Stranger things than Fringe?,How fundamentally unlike is the parallel macrocosm of Stranger things than Fringe?,How fundamentally different is the line of latitude universe of alien matter than Fringe?
How can I sell on eBay without PayPal?,How can I trade on eBay without PayPal?,How can  trade on eBay without PayPal?,How can i betray on eBay without PayPal?
How do I enhance my English writing skills?,How do I enhance my English write skills?,How do ace heighten my English writing skills?,How do unity raise my English pen skills?
What business would/could you start right now with $100?,What business would/could you start ripe now with $100?,What concern would/could you commence right now with $100?,What business organisation would/could you start out decent now with $100?
How do I legally change my name in India? How long it will take to get a new name?,How do I legally change my name in India? How long it will take to sire a new name?,How do iodine lawfully change my name in India? How long it will take to get a new name?,How do iodine de jure interchange my name in India? How long it will take to get a new name?
Which is the best coaching centre for Catia V5 in Bangalore?,Which is the best coaching job centre for Catia V5 in Bangalore?,Which is the easily coaching nerve center for Catia V5 in Bangalore?,Which is the adept coach heart and soul for Catia V5 in Bangalore?
How can I be good in my studies?,How can I be ripe in my studies?,How can ace be full in my studies?,How can one be full in my studies?
"Which one should you go to first: a therapist, a psychologist, or a psychiatrist?","Which ace should you go to first: a therapist, a psychologist, or a psychiatrist?","Which unitary should you proceed to first: a therapist, a psychologist, or a psychiatrist?","Which ace should you pop off to first: a therapist, a psychologist, or a psychiatrist?"
"Are there any professional athletes or Olympians on Quora? If so, who?","Are there any pro athletes or Olympians on Quora? If so, who?","constitute there any professional jock or Olympians on Quora? If so, who?","Are there any pro jock or olympic god on Quora? If so, who?"
Why do so many people ask google-able questions on Quora?,Why do so many people ask google-able interrogative on Quora?,wherefore do so many the great unwashed ask google-able questions on Quora?,Why do so many the great unwashed require google-able doubt on Quora?
What are the advantages of PHP over Java?,What are the vantage of PHP over Java?,What are the reward of PHP over Java?,What are the advantage of PHP over Java?
What would be your strategy on either The Bachelor\Bachelorette?,What would be your scheme on either The Bachelor\Bachelorette?,What would be your scheme on either The Bachelor\Bachelorette?,What would be your scheme on either The Bachelor\Bachelorette?
How do I overcome tiredness and fatigue after working for hours?,How do I get the best tiredness and fatigue after working for hours?,How do I whelm tiredness and jade after working for hours?,How do unity overcome weariness and fatigue after process for hours?
What are things that the President of the United States is not legally allowed to do?,What are things that the President of the United States is not legally admit to do?,What are matter that the President of the United States is not lawfully allowed to do?,What are thing that the chairwoman of the United express is not legally allowed to do?
How can I upload music on YouTube without getting copyright infringement?,How can I upload music on YouTube without getting right of first publication infringement?,How can single upload music on YouTube without getting right of first publication infringement?,How can iodine upload medicine on YouTube without get copyright infringement?
When should we use have had and has had?,When should we manipulation have had and has had?,When should we use of goods and services have had and has had?,When should we usance have had and has had?
What are the best Hollywood movies to watch in 2016 (released ones)?,What are the good Hollywood movies to watch in 2016 (released ones)?,What are the best hollywood movies to look out in 2016 (released ones)?,What are the in effect hollywood movies to take in in 2016 (released ones)?
What are companies that have competed in the travel vertical search space?,What are companies that have contend in the travel vertical search space?,What are companies that have competed in the travel perpendicular look for space?,What are fellowship that have compete in the travel vertical look space?
What is your favorite clip in BF1 Beta so far?,What is your favorite clip in BF1 genus beta so far?,What is your favorite time in BF1 genus beta so far?,What is your pet magazine in BF1 genus beta so far?
What are your thoughts on the first presidential debate between Hillary and Trump?,What are your thoughts on the first presidential debate between sir edmund percival hillary and Trump?,What are your idea on the first presidential debate between edmund hillary and Trump?,What are your idea on the number one presidential deliberate between Hillary and Trump?
"What are the best practices for increasing engagement with your target audience on social media (LinkedIn, Twitter & Facebook)?","What are the substantially practices for increasing engagement with your target audience on social media (LinkedIn, Twitter & Facebook)?","What are the best practices for increasing conflict with your target audience on social media (LinkedIn, twitter & Facebook)?","What are the best praxis for increasing appointment with your target consultation on social media (LinkedIn, Twitter & Facebook)?"
Which are the NGOs in Mumbai that stop child labor?,Which are the nongovernmental organization in Mumbai that stop child labor?,Which are the nongovernmental organization in mumbai that stop child labor?,Which are the NGOs in mumbai that finish nipper labor?
Is this a duplicate question?,Is this a repeat question?,comprise this a reduplicate question?,represent this a parallel question?
How does London compare to New York City in terms of driving a car and traffic?,How does London compare to New York City in terms of beat back a car and traffic?,How does jack london compare to New York city in terms of driving a car and traffic?,How does London compare to newly York metropolis in terms of drive a car and traffic?
"How can the drive from Edmonton to Auckland be described, and how does the history of these cities compare and contrast?","How can the drive from edmonton to Auckland be described, and how does the history of these cities compare and contrast?","How can the drive from Edmonton to Auckland be described, and how does the chronicle of these metropolis compare and contrast?","How can the effort from Edmonton to auckland be described, and how does the chronicle of these cities compare and contrast?"
What are some examples of the 1st law of motion?,What are some examples of the st law of motion?,What are some object lesson of the st law of motion?,What are some good example of the st jurisprudence of motion?
What are the best coaching institutes for medical entrance exams in South India?,What are the proficient coaching institutes for medical entrance exams in South India?,What are the best train found for medical entrance exams in South India?,What are the best coaching institute for medical entrance exam in south India?
What is the meaning of the Hindi word 'Gathbandhan' and the Urdu word 'Ittehad' respectively?,What is the meaning of the hindi word 'Gathbandhan' and the Urdu word 'Ittehad' respectively?,What is the meaning of the Hindi scripture 'Gathbandhan' and the urdu scripture 'Ittehad' respectively?,What is the entail of the hindu holy scripture 'Gathbandhan' and the Urdu holy scripture 'Ittehad' respectively?
How Ketoses diet helpful and how it works?,How Ketoses dieting helpful and how it works?,How ketose dieting helpful and how it works?,How ketose dieting helpful and how it works?
What Is The difference Between UX and UI Design?,What constitute The difference Between UX and UI Design?,What Is The deviation between UX and UI Design?,What follow The departure between UX and UI Design?
What are some good low carb soups?,What are some good humiliated carb soups?,What are some sound lowly carb soups?,What are some well humble carb soups?
What exactly a debit card?,What on the button a debit card?,What on the nose a debit entry card?,What precisely a debit entry card?
"After a bad breakup, did you think you would never meet someone again again? Did you later find happiness and a better match?","After a bad breakup, did you think you would neer meet someone again again? Did you later find happiness and a better match?","After a bad breakup, did you think you would never meet mortal again again? Did you belated find happiness and a better match?","After a defective breakup, did you think you would neer meet someone again again? Did you later on find happiness and a better match?"
Is Polymer harder to learn and use than React?,Is Polymer intemperately to learn and use than React?,Is polymer heavily to learn and use than React?,represent Polymer harder to memorise and utilise than React?
"Can I make 10,000 a week betting on horses?","terminate I make 10,000 a week betting on horses?","Can atomic number  construct 10,000 a week betting on horses?","Can iodin take 10,000 a workweek betting on horses?"
What is the structure of the stomach and what is its function?,What is the structure of the stand and what is its function?,What is the complex body part of the endure and what is its function?,What is the anatomical structure of the digest and what is its function?
How do I share internet from a PC via a USB cable to an Android phone?,How do i share internet from a PC via a USB cable to an Android phone?,How do I share internet from a pc via a USB cable to an mechanical man phone?,How do ace partake in net from a PC via a USB cable to an Android phone?
How can I make my website faster?,How can I urinate my website faster?,How can one make my internet site faster?,How can single ready my web site faster?
How can I watch Naruto Shippuden without fillers?,How can I determine Naruto Shippuden without fillers?,How can ace spotter Naruto Shippuden without fillers?,How can one learn Naruto Shippuden without fillers?
What are the various ways through which one can earn money online?,What are the various ways through which one can garner money online?,What are the various ways through which unmatched can bring in money online?,What are the diverse ways through which single can garner money online?
"If one lived in isolation, would they know anything?","If one lived in isolation, would they recognize anything?","If one and only lived in isolation, would they have sex anything?","If nonpareil subsist in isolation, would they do it anything?"
"I have been living a secret seperate life as ai work away from home. My wife is loving, caring and beautiful. Why can't I stop?","I have been living a secret seperate life as ai work away from home. My wife is loving, like and beautiful. Why can't I stop?","I have been living a secret seperate life as bradypus tridactylus work outside from home. My wife is loving, caring and beautiful. Why can't I stop?","I have been living a surreptitious seperate life as ai work off from home. My wife is loving, deal and beautiful. Why can't I stop?"
Can I change the world?,Can i change the world?,Can iodin shift the world?,posterior iodin alter the world?
Where can I get affordable horse fences in Sydney?,Where can I get affordable equus caballus fences in Sydney?,Where can I get affordable cavalry contend in Sydney?,Where can iodine get affordable cavalry fence in Sydney?
What could be the best possible diet plan for gaining healthy weight?,What could be the best potential diet plan for gaining healthy weight?,What could be the best potential dieting plan for gaining healthy weight?,What could be the best potential diet contrive for gaining intelligent weight?
What is your review of The We and the I (2012 movie)?,What is your revue of The We and the I (2012 movie)?,What is your reexamine of The We and the unity (2012 movie)?,What is your recapitulation of The We and the iodine (2012 movie)?
Do people use google+?,come people use google+?,Do citizenry economic consumption google+?,fare mass utilise google+?
What are the causes of having itchy small blisters on my fingers?,What are the causes of having fretful small blisters on my fingers?,What are the stimulate of having itchy diminished blisters on my fingers?,What are the causes of having antsy pocket sized blister on my fingers?
What is the best routin to study for class 11th PCM?,What is the best routin to study for class th PCM?,What is the best routin to study for course of instruction eleventh PCM?,What is the trump routin to study for grade th PCM?
What is the most popular online marketplace in China?,What is the most popular online market place in China?,What is the most popular on line market place in China?,What is the most pop on line market in China?
Is there any way I can get a list of all of my Gmail accounts?,Is there any way I can get a leaning of all of my Gmail accounts?,Is there any agency i can get a list of all of my Gmail accounts?,live there any elbow room atomic number  can get a list of all of my Gmail accounts?
"What characteristics do each, Ron, Harry, and Hermione bring to the table?","What feature do each, Ron, Harry, and Hermione bring to the table?","What characteristic do each, Ron, Harry, and Hermione work to the table?","What feature do each, Ron, Harry, and Hermione contribute to the table?"
How does the infrared spectroscopy differ from UV visible spectrophotometry?,How does the infrared spectroscopy differ from ultraviolet light visible spectrophotometry?,How does the infrared spectroscopic analysis differ from ultraviolet radiation visible spectrophotometry?,How does the infrared spectroscopic analysis take issue from UV seeable spectrophotometry?
What business books do you suggest for an undergraduate or a bachelor who wants to become a management consultant?,What business books do you suggest for an undergrad or a bachelor who wants to become a management consultant?,What business word of god do you suggest for an undergraduate or a bachelor who neediness to become a management consultant?,What patronage books do you suggest for an undergraduate or a bachelor who wishing to become a direction consultant?
"If you are in any kind of sales or marketing, did you ever attend any training or how-to sales seminars? What was the best one you attended and why?","If you are in any tolerant of sales or marketing, did you ever attend any training or how-to sales seminars? What was the best one you attended and why?","If you are in any kind of sales event or marketing, did you ever attend any training or how-to sales event seminars? What was the best ace you attended and why?","If you are in any kind of sales or marketing, did you ever attend any breeding or how-to sales seminars? What was the best unitary you give ear and why?"
"What is the difference between a duke, an earl, a lord, a marquis, a baron and a count?","What is the difference between a duke, an earl, a lord, a marquis, a top executive and a count?","What is the conflict between a duke, an earl, a lord, a marquis, a king and a count?","What is the deviation between a duke, an earl, a lord, a marquis, a magnate and a count?"
What is the salary of an NBA referee?,What is the wage of an NBA referee?,What is the pay of an NBA referee?,What is the remuneration of an NBA referee?
Will you marry a girl who is not virgin?,Will you get married a girl who is not virgin?,leave you splice a girl who is not virgin?,volition you get hitched with a little girl who is not virgin?
"Why is the take home salary on 100,000 gross so low in the U.S.?","Why is the take home earnings on 100,000 gross so low in the U.S.?","Why is the take home base wage on 100,000 gross so low in the U.S.?","Why is the take dwelling house salary on 100,000 thoroughgoing so humble in the U.S.?"
How do you know if you are an alcoholic?,How do you get it on if you are an alcoholic?,How do you experience if you are an alcoholic?,How do you recognize if you are an alcoholic?
What are some major social faux pas to avoid when visiting Malta?,What are some major social faux protoactinium to avoid when visiting Malta?,What are some major social faux public address system to avoid when natter Malta?,What are some john roy major mixer faux pas to avoid when confab Malta?
Question That Contains Assumptions: Why do more gay men prefer to bottom than top?,Question That Contains Assumptions: Why do more gay men favor to bottom than top?,Question That incorporate Assumptions: wherefore do more gay men prefer to bottom than top?,oppugn That check Assumptions: wherefore do more gay men prefer to bottom than top?
What is the best way to understand the attitude of this girl?,What is the best way to understand the mental attitude of this girl?,What is the well way to sympathize the attitude of this girl?,What is the honorable agency to understand the mental attitude of this girl?
What does the GTR stands for in cars? And the difference from GT?,What does the GTR resist for in cars? And the difference from GT?,What does the GTR viewpoint for in cars? And the deviation from GT?,What does the GTR viewpoint for in cars? And the difference of opinion from GT?
Why do I always fall for guys who don't like me?,Why do I always fall for guy wire who don't like me?,Why do iodin always strike for guys who don't like me?,wherefore do I always hang for bozo who don't like me?
What do I do if I feel dead inside?,What do I do if I feel drained inside?,What do I do if I tone abruptly inside?,What do unity do if unity finger all in inside?
How do I get incoming and outgoing call details of a particular prepaid number here in India?,How do I get incoming and outgoing call details of a exceptional prepaid number here in India?,How do single get incoming and outgoing call details of a particular prepay number here in India?,How do ace get incoming and outgo call details of a particular postpaid number here in India?
What are the most popular tech websites/blogs in the entire APAC region?,What are the most democratic tech websites/blogs in the entire APAC region?,What are the most democratic tech websites/blogs in the intact APAC region?,What are the most democratic technical school websites/blogs in the full APAC region?
What is the black sheep for android?,What is the pitch dark sheep for android?,What is the lightlessness sheep for android?,What is the calamitous sheep for android?
How do I stop reading the news if my career relies on it?,How do I stop reading the news if my calling relies on it?,How do I stop show the news if my career swear on it?,How do I stop learn the word if my vocation relies on it?
Did Futurama get canceled in 2014?,Did Futurama let canceled in 2014?,practise Futurama capture canceled in 2014?,dress Futurama amaze scrub in 2014?
What are some mind-blowing facts about gender?,What are some mind blowing facts about gender?,What are some mind blowing fact about gender?,What are some mind bending fact about gender?
Why is Indian Rupee not strengthening after demonetisation?,Why is Indian sri lanka rupee not strengthening after demonetisation?,Why is Indian pakistani rupee not beef up after demonetisation?,Why is amerindic seychelles rupee not tone after demonetisation?
Why is the universe not a sphere?,why is the universe not a sphere?,why is the universe of discourse not a sphere?,why is the macrocosm not a sphere?
What are examples of cliques in high school?,What are examples of cliques in eminent school?,What are illustration of cliques in richly school?,What are exercise of coterie in highschool school?
How many Quora users are Indian?,How many Quora exploiter are Indian?,How many Quora exploiter are Indian?,How many Quora user are Indian?
How well do Tesla cars drive in ice and snow?,How wellspring do Tesla cars drive in ice and snow?,How well do Tesla cars push in water ice and snow?,How fountainhead do Tesla auto tug in ice and snow?
What facts about Switzerland do foreigners not believe until they come to Switzerland?,What facts about Switzerland do foreigners not consider until they come to Switzerland?,What facts about swiss confederation do foreigners not think until they come to Switzerland?,What fact about Switzerland do outsider not consider until they come to Switzerland?
hi quick question here:,hi speedy question here:,hi speedy head here:,hullo agile doubtfulness here:
How can we learn faster?,How can we acquire faster?,How can we take faster?,How can we watch faster?
What is the difference between successful people and unsuccessful people?,What is the difference between successful masses and unsuccessful people?,What is the difference between successful the great unwashed and abortive people?,What is the difference of opinion between successful hoi polloi and abortive people?
How do I get inside the windmill of the first region in The Witcher 3?,How do ace get inside the windmill of the first region in The Witcher 3?,How do I get interior the aerogenerator of the first region in The Witcher 3?,How do I get inner the wind generator of the initiatory region in The Witcher 3?
What are the best philosophical movies?,What are the best philosophic movies?,What are the substantially philosophic movies?,What are the trump philosophic movies?
What are the career options available for an electrical engineering graduate?,What are the career options available for an electric engineering graduate?,What are the vocation option available for an electrical engineering graduate?,What are the career pick useable for an electrical direct graduate?
What are some optical illusions?,What are some visual illusions?,What are some ocular illusions?,What are some optic illusions?
Why are seaplanes rare now?,Why are seaplanes uncommon now?,Why are seaplane rarified now?,wherefore are seaplane rarified now?
Does Islam allow autofellatio?,Does Islam provide autofellatio?,perform muhammadanism allow autofellatio?,suffice islamism leave autofellatio?
How can I earn money from my computer?,How can I realise money from my computer?,How can  realise money from my computer?,How can atomic number  make money from my computer?
How and why did trump win?,How and why did ruff win?,How and why did outflank win?,How and why did scoop win?
What is the best thing that has happened to you for being worst?,What is the best thing that has pass off to you for being worst?,What is the best matter that has fall out to you for being worst?,What is the just affair that has materialise to you for being worst?
How many Native Americans are serving in the United States Congress?,How many Native Americans are serve up in the United States Congress?,How many Native american are serving in the unify States Congress?,How many Native american are serving in the join posit Congress?
What are use of logic gates in CPU?,What are use of logic gate in CPU?,What are usance of system of logic gates in CPU?,What are employ of logical system bill gates in CPU?
"What does ""AAA"" mean in AAA title game?","What does ""AAA"" mean in AAA title of respect game?","What does ""AAA"" mean in aaa entitle game?","What does ""AAA"" think in abdominal aortic aneurysm deed of conveyance game?"
Does America have a free press?,Does America have a release press?,practice America have a liberal press?,coiffe the states have a barren press?
How is an ethernet splitter used?,How is an ethernet rail splitter used?,How is an ethernet rail splitter used?,How is an ethernet rail splitter used?
How did Rahul Dravid play for Scotland?,How did Rahul Dravid gaming for Scotland?,How did Rahul Dravid looseness for Scotland?,How did Rahul Dravid gambol for Scotland?
Which is the best gym in noida?,Which is the unspoilt gym in noida?,Which is the unspoiled gymnasium in noida?,Which is the adept gymnasium in noida?
Do you feel Apple is not innovating any more?,Do you palpate Apple is not innovating any more?,Do you flavour Apple is not introduce any more?,arrange you feel orchard apple tree is not innovate any more?
"What is real, reactive, and apparent power?","What is real, reactive, and plain power?","What is real, reactive, and plain power?","What is real, reactive, and evident power?"
How do I delete my notifications of Quora?,How do I cancel my notifications of Quora?,How do ace erase my notifications of Quora?,How do unity cancel my telling of Quora?
Can I replace 8speed cassette with 11 speed on my roadie?,Can I replace 8speed cassette with eleven speed on my roadie?,Can I replace 8speed cassette with eleven hurrying on my roadie?,Can iodine interchange 8speed cassette with 11 upper on my roadie?
What is the secret of keeping a successful long distance relationship?,What is the hidden of keeping a successful long distance relationship?,What is the secret of hold open a successful long space relationship?,What is the secluded of keeping a successful farseeing length relationship?
I told my girlfriend that I needed some space and time for myself and she got angry and has not spoken to me in three days. Does the fault lie with me and most importantly how do I fix it?,I told my girlfriend that I needed some space and time for myself and she got angry and has not spoken to me in terzetto days. Does the fault lie with me and most importantly how do I fix it?,I told my girlfriend that I require some space and time for myself and she got wild and has not spoken to me in three days. Does the fault lie with me and most importantly how do I fix it?,I told my girl that I requisite some space and time for myself and she beat angry and has not spoken to me in three days. Does the fault lie with me and most importantly how do I fix it?
How many countries still regard the Permanent Court of Arbitration as an international law on territory sovereignty disputes ruling on SCS?,How many countries still see the Permanent Court of Arbitration as an international law on territory sovereignty disputes ruling on SCS?,How many countries nevertheless regard the Permanent Court of Arbitration as an international law on territory reign disputes ruling on SCS?,How many country still regard the perm Court of Arbitration as an international law on territory sovereignty disputes rule on SCS?
Did they really land on the moon or was it filmed in a studio?,Did they actually land on the moon or was it filmed in a studio?,Did they really set down on the moon on or was it filmed in a studio?,coiffe they genuinely land on the moon or was it shoot in a studio?
"Could Donald Trump start World War 3? And if so, how hard would it be?","Could Donald Trump showtime World War 3? And if so, how hard would it be?","Could Donald Trump starting line planetary War 3? And if so, how hard would it be?","Could Donald trump out start World warfare 3? And if so, how backbreaking would it be?"
"As a fresher, should I choose Microsoft GTSC (Support Engineer) or Service Companies like TCS/Infosys/Wipro/CTS? ","As a fresher, should I choose Microsoft GTSC (Support Engineer) or religious service Companies like TCS/Infosys/Wipro/CTS?","As a fresher, should iodine take Microsoft GTSC (Support Engineer) or Service Companies like TCS/Infosys/Wipro/CTS?","equally a fresher, should I take Microsoft GTSC (Support Engineer) or help Companies like TCS/Infosys/Wipro/CTS?"
Was Richard Nixon a good president?,Was Richard Nixon a undecomposed president?,Was Richard nixon a dependable president?,personify Richard richard nixon a safe president?
"Why does my ""@icloud.com"" email send but not receive mail?","why does my ""@icloud.com"" email send but not receive mail?","why does my ""@icloud.com"" email send but not find mail?","wherefore does my ""@icloud.com"" e mail place but not receive mail?"
What is the most effective way to lose 20 pounds in 5 weeks?,What is the most effective way to lose 20 pounds in quintuplet weeks?,What is the most effective path to mislay 20 pounds in 5 weeks?,What is the most effective direction to lose twenty pounds in quintuplet weeks?
What are some of the best oceanography videos on YouTube?,What are some of the best oceanology videos on YouTube?,What are some of the substantially oceanology videos on YouTube?,What are some of the sound oceanology telecasting on YouTube?
"Do private intelligence agencies exist? And if not , why?","Do private intelligence activity agencies exist? And if not , why?","doctor of osteopathy buck private intelligence agencies exist? And if not , why?","Do secret intelligence operation delegacy exist? And if not , why?"
Can we achieve our dream?,Can we accomplish our dream?,bottom we attain our dream?,tin can we attain our dream?
Which MBTI personality type is romantically most compatible with INTJs?,Which MBTI personality character is romantically most compatible with INTJs?,Which MBTI personality character is romantically most compatible with INTJs?,Which MBTI personality typecast is romantically most compatible with INTJs?
Has time made Dan Quayle bitter over his political experiences?,hour angle time made Dan Quayle bitter over his political experiences?,Has prison term made Dan Quayle bitterly over his political experiences?,birth meter made Dan Quayle caustic over his political experiences?
Pregnancy k stating month m kya Khana chaiye?,Pregnancy k stating calendar month m kya Khana chaiye?,pregnancy k stating calendar month m kya Khana chaiye?,pregnancy grand stating calendar month m kya Khana chaiye?
Permanent friends and enemy?,lasting friends and enemy?,permanent booster and enemy?,permanent wave ally and enemy?
How do I get motivated to do something?,How do I mother motivated to do something?,How do ane get incite to do something?,How do single become propel to do something?
Are there squirrels in Hawaii?,make up there squirrels in Hawaii?,follow there squirrel in Hawaii?,are there squirrel in Hawaii?
Is time travel possible through cosmic strings?,Is sentence travel possible through cosmic strings?,be time travelling possible through cosmic strings?,exist sentence journey possible through cosmic strings?
What are some ways to clean something without getting it wet?,What are some ways to plumb something without getting it wet?,What are some fashion to clean something without generate it wet?,What are some style to unobjectionable something without set out it wet?
Why congress leaders and other parties so so angry on Modi for surgical strikes? And why can't they see Modi n parrikar getting some credit?,Why congress drawing card and other parties so so angry on Modi for surgical strikes? And why can't they see Modi n parrikar getting some credit?,Why congress leaders and other parties so so angry on Modi for surgical strikes? And why can't they ascertain Modi n parrikar produce some credit?,why copulation leaders and other parties so so angry on Modi for operative strikes? And why can't they see Modi n parrikar getting some credit?
Is it true that most colleges fill their early decision pool primarily with people with legacy and recruited athletes?,Is it true that most colleges filling their early decision pool primarily with people with legacy and recruited athletes?,be it true that most colleges occupy their early decision pool primarily with people with legacy and recruited athletes?,Is it true that most colleges sate their early decisiveness pool primarily with multitude with legacy and recruited athletes?
Can one play a bet on Betfair from India using Indian bank accounts?,Can one play a bet on Betfair from India using Indian rely accounts?,Can one encounter a bet on Betfair from republic of india using Indian bank accounts?,dismiss matchless play a bet on Betfair from India using Indian trust accounts?
My doctor retired. His staff got distant when giving back my records and wouldn't look me in the eye. Is it because they didn't like me from day 1?,My doctor retired. His staff got distant when giving game my records and wouldn't look me in the eye. Is it because they didn't like me from day 1?,My doctor retired. His staff got distant when giving back my records and wouldn't seem me in the eye. Is it because they didn't like me from twenty four hours 1?,My doctor retired. His staff got distant when giving back my register and wouldn't look me in the eye. Is it because they didn't alike me from daytime 1?
How can I access a device on the same Wi-Fi network without knowing its password (hack)?,How can I access a device on the same Wi-Fi network without knowing its word (hack)?,How can I access a device on the same Wi-Fi mesh without knowing its word (hack)?,How can atomic number  access a device on the same Wi-Fi net without do it its password (hack)?
Why should anyone watch horror movies?,why should anyone watch horror movies?,wherefore should anyone vigil horror movies?,why should anyone ticker revulsion movies?
What do I do when my bellend first comes out?,What do atomic number  do when my bellend first comes out?,What do I do when my bellend kickoff total out?,What do unity do when my bellend kickoff fall out?
How is a new Quora user supposed to know that their browsing activity is public to other users?,How is a new Quora user supposed to know that their browsing activity is world to other users?,How is a new Quora user supposed to recognize that their browsing activity is world to other users?,How is a fresh Quora drug user supposed to eff that their browsing activity is public to other users?
I feel like breaking things when I'm angry.How can I overcome it?,I feeling like breaking things when I'm angry.How can I overcome it?,I feel like breaking thing when I'm angry.How can I get the best it?,ace tone like develop things when I'm angry.How can ace overcome it?
How do endoplasmic reticulum and ribosomes differ?,How do endoplasmic second stomach and ribosomes differ?,How do endoplasmic second stomach and ribosome differ?,How do endoplasmic second stomach and ribosome differ?
How do I can design a belt conveyor design procedure for the fabrication of belt conveyor?,How do  can design a belt conveyor design procedure for the fabrication of belt conveyor?,How do I can design a belt conveyor design routine for the assembly of belt conveyor?,How do I can design a rap conveyer design process for the fabrication of rap conveyor?
In a recent photograph Kim Jong-un is shown with a lit cigarette in his hand. Is there any other country's leader brave enough to be shown smoking?,In a recent photograph Kim Jong-un is shown with a lit cigarette in his hand. Is there any other country's leader brave plenty to be shown smoking?,indium a holocene photograph Kim Jong-un is shown with a lit cigarette in his hand. Is there any other country's leader brave enough to be shown smoking?,In a late photograph Kim Jong-un is shew with a lit cigarette in his hand. Is there any other country's leader brave out enough to be shew smoking?
What food is good for a pregnant woman?,What food is unspoiled for a pregnant woman?,What intellectual nourishment is serious for a pregnant woman?,What food for thought is secure for a fraught woman?
Is it true that the businessman Donald Trump is broke?,Is it true that the businessman Donald outdo is broke?,make up it true that the man of affairs Donald Trump is broke?,cost it true that the man of affairs Donald horn is broke?
How can I get my old Facebook back?,How can I get my honest to god Facebook back?,How can iodin get my honest to god Facebook back?,How can unity vex my honest to goodness Facebook back?
What is the most ridiculous question ever asked on Quora?,What is the most preposterous question ever asked on Quora?,What is the most laughable interrogative ever asked on Quora?,What is the most laughable question always demand on Quora?
What are the wetlands plants?,What are the wetland plants?,What are the wetland plants?,What are the wetland plants?
Where are electrical synapses found in the brain? What functions are they generally responsible for? Why are they more efficient than chemical synapses at those specified functions?,Where are electrical synapses found in the brain? What functions are they generally creditworthy for? Why are they more efficient than chemical synapses at those specified functions?,Where are electric synapses found in the brain? What functions are they generally responsible for? Why are they more effective than chemical synapses at those specified functions?,Where are electrical synapsis found in the brain? What functions are they broadly responsible for? why are they more efficient than chemical synapsis at those specified functions?
What is the difference between 110V and 220V?,What is the dispute between 110V and 220V?,What is the difference of opinion between 110V and 220V?,What is the conflict between 110V and 220V?
Android (operating system): What are .face files in Android? Is it okay to delete them?,humanoid (operating system): What are .face files in Android? Is it okay to delete them?,Android (operating system): What are .face files in Android? cost it okay to erase them?,humanoid (operating system): What are .face files in Android? Is it okey to blue pencil them?
Why are both South Indian men and women advised not to have bare foreheads?,Why are both South Indian men and women advised not to have stark foreheads?,why are both South Indian men and women advised not to have desolate foreheads?,Why are both southward Indian human and woman advised not to have bare foreheads?
What is your 2017 New Year’s resolution?,What is your 2017 freshly Year’s resolution?,What is your 2017 novel Year’s resolution?,What is your 2017 unexampled Year’s resolution?
"What does ""stupid is as stupid does"" mean?","What does ""stupid is as stupe does"" mean?","What does ""stupid is as stupefied does"" mean?","What does ""stupid is as dazed does"" mean?"
What are some geeky T-shirts famous people wear?,What are some geeky T-shirts notable people wear?,What are some geeky T-shirts noted the great unwashed wear?,What are some geeky t shirt notable hoi polloi wear?
What is the biggest lie you have told on Quora?,What is the biggest prevarication you have told on Quora?,What is the biggest consist you have secern on Quora?,What is the handsome prevarication you have distinguish on Quora?
How can I get my partner to spend more time with me like he used to?,How can I get my partner to spend more time with me similar he used to?,How can I stimulate my partner to spend more time with me like he utilise to?,How can I get my partner to pass more clip with me like he apply to?
What is the difference between colonialism and imperialism?,What is the remainder between colonialism and imperialism?,What is the dispute between colonialism and imperialism?,What is the departure between colonialism and imperialism?
"What is the average weight of a 16-year-old girl who is 5'5""?","What is the average weight of a 16-year-old girlfriend who is 5'5""?","What is the intermediate angle of a 16-year-old girl who is 5'5""?","What is the middling weighting of a 16-year-old daughter who is 5'5""?"
What are some things new employees should know going into their first day at CMS Energy?,What are some things new employees should do it going into their first day at CMS Energy?,What are some things new employees should know going into their first of all daytime at CMS Energy?,What are some things new employees should bed break into their first day at centimetre Energy?
What is the exact storyline of Uppi2?,What is the exact plot line of Uppi2?,What is the accurate plot line of Uppi2?,What is the demand plot line of Uppi2?
How do I get rid of depression?,How do I get disembarrass of depression?,How do iodin arrest rid of depression?,How do unity cause disembarrass of depression?
Why do I miss my cheating ex?,Why do I young lady my cheating ex?,why do one miss my cheating ex?,Why do ace lack my unsporting ex?
Meaning of salary for PF calculation?,intend of salary for PF calculation?,signify of earnings for PF calculation?,mean of earnings for PF calculation?
How does it feel to have friends?,How does it flavour to have friends?,How does it look to have friends?,How does it find to have friends?
What is the best real-time MySQL monitoring tool?,What is the best real time MySQL monitoring tool?,What is the dear real-time MySQL monitor tool?,What is the right real time MySQL monitor tool?
Can I use Jio in iPhone 5s?,Can I function Jio in iPhone 5s?,buns I practice Jio in iPhone 5s?,ass  economic consumption Jio in iPhone 5s?
How can I get a clean shave in the bikini area?,How can I get a sporty shave in the bikini area?,How can I get a clean plane in the two piece area?,How can single get a clean and jerk knock off in the bikini area?
Will it be fine writing steps after an MD in pharmacology?,Will it be all right writing steps after an MD in pharmacology?,Will it be very well writing dance step after an MD in pharmacology?,Will it be okay write steps after an atomic number  in pharmacology?
What are the different stages in startup funding?,What are the dissimilar stages in startup funding?,What are the dissimilar stages in inauguration funding?,What are the dissimilar degree in inauguration funding?
Is whey protein considered vegan?,Is whey protein see vegan?,cost whey protein reckon vegan?,live milk whey protein believe vegan?
What is your strategy for trading binary options?,What is your scheme for trading binary options?,What is your strategy for merchandise double star options?,What is your scheme for swap binary star options?
To what extent can we change who we are?,To what extent can we interchange who we are?,To what extent can we transfer who we are?,To what extent can we switch who we are?
How do I ask my girlfriend for her passwords?,How do I require my girlfriend for her passwords?,How do single ask my girl for her passwords?,How do ace call for my lady friend for her passwords?
What information Indian government hiding from its citizens?,What information amerindian language government hiding from its citizens?,What information amerind government shroud from its citizens?,What info amerindian language government obscure from its citizens?
Is it okay to have a mild shoulder pain after rock climbing for the first time(on silos)? I don't work out or do much physical work normally.,Is it okeh to have a mild shoulder pain after rock climbing for the first time(on silos)? I don't work out or do much physical work normally.,Is it okay to have a mild shoulder pain after rock climbing for the first time(on silos)? iodine don't act upon out or do much physical act upon normally.,Is it okay to have a mild shoulder pain after rock climbing for the first gear time(on silos)? atomic number  don't influence out or do much physical influence normally.
Is there a touchscreen total station?,Is there a touch screen total station?,be there a touchscreen tot station?,cost there a touch screen tote up station?
"Which one is better, a high bandwidth or a low bandwidth?","Which ace is better, a high bandwidth or a low bandwidth?","Which unmatchable is better, a high bandwidth or a sir david alexander cecil low bandwidth?","Which ace is better, a mellow bandwidth or a low pitched bandwidth?"
What is your favorite English movie that you would watch again and again?,What is your favorite english movie that you would watch again and again?,What is your preferent English movie that you would picket again and again?,What is your preferent english movie that you would scout again and again?
The Biggest Scam In The History Of Mankind - Is this true?,The Biggest Scam In The History Of Mankind - be this true?,The Biggest Scam inch The chronicle Of Mankind - Is this true?,The grownup Scam In The history Of human race - Is this true?
How different is the French in Quebec to the French spoken in France?,How different is the French in Quebec to the French talk in France?,How different is the French in quebec city to the French verbalise in France?,How different is the gallic in quebec to the gallic talk in France?
What are best novels to read?,What are best novel to read?,What are skillful novel to read?,What are honorable novel to read?
Who are the humble and smart FinTech Indian investors that I can talk to about my cool idea?,Who are the humble and smart FinTech Indian investors that  can talk to about my cool idea?,who are the humble and smart FinTech Indian investor that I can talk to about my cool idea?,world health organization are the humble and smart FinTech Indian investor that I can talk to about my cool off idea?
Can you give me a sincere opinion?,Can you give me a earnest opinion?,sack you give me a earnest opinion?,lav you render me a earnest opinion?
"Is it illegal to go to a food place and pretend it's your birthday, to get free food?","cost it illegal to go to a food place and pretend it's your birthday, to get free food?","comprise it illegal to go to a food place and dissemble it's your birthday, to get free food?","Is it illegal to hold up to a nutrient place and pretend it's your birthday, to get dislodge food?"
In what order should I watch the Marvel Cinematic Universe?,In what order should I ascertain the Marvel Cinematic Universe?,In what edict should I watch the marvel Cinematic Universe?,inch what order should single ascertain the Marvel Cinematic Universe?
"If there are no invading forces at our borders, how can we justify our $670 billion military expenses?","If there are no invading forces at our borders, how can we justify our $670 billion armed services expenses?","If there are no invading forces at our borders, how can we justify our $670  war machine expenses?","If there are no invading coerce at our borders, how can we vindicate our $670 zillion military expenses?"
Am I a judgmental person?,Am iodin a judgmental person?,represent iodin a judgmental person?,make up iodin a judgmental person?
What qualifications are required for a job in Google?,What qualifications are required for a speculate in Google?,What qualifications are requisite for a problem in Google?,What making are want for a farm out in Google?
"Is it faster to replace a CSS file, or add new classes from CSS?","Is it faster to replace a cs file, or add new classes from CSS?","Is it faster to replace a cesium file, or add new socio economic class from CSS?","Is it faster to supersede a CSS file, or total fresh classes from CSS?"
How do I lose weight in just 10 days?,How do one lose weight in just 10 days?,How do I recede burden in just 10 days?,How do one lose system of weights in just ten days?
What are the missing items from the pattern?,What are the missing item from the pattern?,What are the omit item from the pattern?,What are the miss token from the pattern?
What are the most inherently hilarious strings of curse words?,What are the most inherently hilarious strings of damn words?,What are the most inherently screaming strings of maledict words?,What are the most inherently uproarious strand of excommunicate words?
Why do cats go crazy at night?,Why do cats cash in ones chips crazy at night?,wherefore do purge go crazy at night?,wherefore do cats snuff it loony at night?
How do you make frosting without butter?,How do you cause frosting without butter?,How do you name frost without butter?,How do you make water ice without butter?
What does 'first of his name' in Game Of Thrones mean?,What does 'first of his name' in biz Of Thrones mean?,What does 'first of his name' in bet on Of commode mean?,What does 'first of his name' in stake Of stool mean?
How much does an Ola Mini cab earn on average per month from an investor's point of view in Mumbai?,How much does an Ola Mini cab earn on average per month from an investor's point of perspective in Mumbai?,How much does an Ola mini cab earn on fair per month from an investor's point of view in Mumbai?,How much does an Ola Mini cab bring in on intermediate per calendar month from an investor's point of view in Mumbai?
Can I grow height after 19 years?,Can  grow height after 19 years?,Can I grow acme after  years?,dismiss single grow tallness after 19 years?
Is there any 100000 Rupee coin minted by RBI?,Is there any  Rupee coin minted by RBI?,make up there any 100000 Rupee strike minted by RBI?,represent there any 100000 rupee strike minted by RBI?
Which are the top places to visit in Kerala?,Which are the top position to visit in Kerala?,Which are the pinch places to claver in Kerala?,Which are the summit commit to see in Kerala?
How can I self publish a book in Iceland?,How can I ego publish a book in Iceland?,How can I ego publish a script in Iceland?,How can ane self write a holy writ in Iceland?
How do I increase my SBI credit card limit?,How do I increase my SBI credit board limit?,How do I increase my SBI acknowledgment wit limit?,How do one step up my SBI credit calling card limit?
What is the best free pornography site?,What is the best absolve pornography site?,What is the best relinquish porn site?,What is the right unblock porno site?
Do you know the result right away if you have passed Optiver's online test?,Do you know the result the right way away if you have passed Optiver's online test?,Do you know the resultant role right away if you have passed Optiver's on line test?,coiffe you know the result right off if you have conk Optiver's online test?
Is Colorado good city to live in?,personify Colorado good city to live in?,Is co good city to alive in?,live Colorado dependable urban center to live in?
Is there a way to block certain topics on Quora?,represent there a way to block certain topics on Quora?,Is there a right smart to block certain issue on Quora?,Is there a means to block sealed theme on Quora?
What are the best inspiring short films to watch?,What are the best inspiring shortly films to watch?,What are the best prompt poor films to watch?,What are the best revolutionise curt flick to watch?
What are the best interview tips?,What are the best consultation tips?,What are the advantageously audience tips?,What are the in force audience tips?
"Does stretching, pullups, chinups and running add some inches to your height? Is that true or just a rumour?","answer stretching, pullups, chinups and running add some inches to your height? Is that true or just a rumour?","Does stretching, pullups, chinups and running add some inches to your height? constitute that true up or just a rumour?","doe stretching, pullups, chinups and running mbd some column inch to your height? Is that true or just a rumour?"
How do you know if you have PTSD?,How do you have intercourse if you have PTSD?,How do you have a go at it if you have PTSD?,How do you have it off if you have PTSD?
How can I earn more with paid surveys on Saybucks?,How can I earn more with paid appraise on Saybucks?,How can one earn more with gainful surveys on Saybucks?,How can one realise more with pay surveys on Saybucks?
How can I study more in short time?,How can  study more in short time?,How can one field of study more in short time?,How can iodin learn more in unforesightful time?
Why is Central Park so famous?,wherefore is Central Park so famous?,why is Central parking area so famous?,wherefore is key green so famous?
Why would Ryan Lochte lie about getting robbed by cops?,Why would Ryan Lochte lie about getting surcharge by cops?,why would Ryan Lochte lie about experience robbed by cops?,Why would Ryan Lochte lie down about contract hook by cops?
Is Vox reliable?,embody Vox reliable?,comprise vox reliable?,make up phonation reliable?
What are the AO codes for applying PAN card if I am applying for my private limited company from Mumbai’s Pin-code 400709?,What are the AO codes for go for PAN card if I am go for for my private limited company from Mumbai’s Pin-code 400709?,What are the AO befool for applying PAN card if single am applying for my private limited company from Mumbai’s Pin-code 400709?,What are the AO codes for applying PAN visiting card if I am applying for my buck private limit company from Mumbai’s Pin-code 400709?
What is the pay/salary like for a pass out from the Indian Military Academy?,What is the pay/salary like for a pass out from the Indian military machine Academy?,What is the pay/salary alike for a elapse out from the Indian Military Academy?,What is the pay/salary care for a run out from the Indian military Academy?
Is it possible to get back the WhatsApp messages and images which were deleted from my phone a year ago?,Is it potential to get back the WhatsApp messages and images which were deleted from my phone a year ago?,Is it possible to get under ones skin back the WhatsApp substance and images which were deleted from my phone a year ago?,comprise it possible to get back the WhatsApp messages and images which were blue pencil from my phone a yr ago?
Which is the most inspiring movie for you?,Which is the most inspiring pic for you?,Which is the most cheer flick for you?,Which is the most revolutionise picture show for you?
Why did Trump win the Presidency?,wherefore did Trump win the Presidency?,why did Trump acquire the Presidency?,why did trump card winnings the Presidency?
How do I stop feeling insecure?,How do I break off feeling insecure?,How do I closure belief insecure?,How do atomic number  block look insecure?
What are career options for a computer science engineering student after B.Tech?  I am not good in programming. I just hate coding. What are the job opportunities rather than a programmer?,What are career options for a computer scientific discipline engineering student after B.Tech? I am not good in programming. I just hate coding. What are the job opportunities rather than a programmer?,What are career options for a computer science engineering student after B.Tech? I am not good in programming. I just hatred coding. What are the occupation opportunities rather than a programmer?,What are career alternative for a computer science engineering student after B.Tech? I am not good in programming. I just hate coding. What are the business opportunity rather than a programmer?
Can you get high from tobacco?,Can you get mellow from tobacco?,tin you get eminent from tobacco?,rear end you scram highschool from tobacco?
What are the fees for iOS programming in Hyderabad?,What are the fees for io programming in Hyderabad?,What are the fees for io program in Hyderabad?,What are the fee for io computer programing in Hyderabad?
What is your favourite game?,What is your ducky game?,What is your preferent game?,What is your preferred game?
What is the role of the WTO in development? (related to globalization with contemporary political economy),What is the part of the WTO in development? (related to globalization with contemporary political economy),What is the part of the WTO in development? (related to globalisation with contemporary political economy),What is the character of the wto in development? (related to globalization with coeval political economy)
Why do only a handful reach the ultimate top whereas others dont?,Why do only a smattering reach the ultimate top whereas others dont?,why do only a smattering reach the ultimate top whereas others dont?,why do only a handful ambit the ultimate height whereas others dont?
Doctors do you think an Eye transplant would ever be possible?,Doctors do you think an Eye transplant would always be possible?,Doctors do you believe an Eye transfer would ever be possible?,Doctors do you think an oculus organ transplant would ever so be possible?
How do I know if someone blocked me on WhatsApp or not?,How do I know if someone freeze me on WhatsApp or not?,How do atomic number  know if individual blocked me on WhatsApp or not?,How do i bonk if somebody blocked me on WhatsApp or not?
What is graffittibooks.com?,What is graffittibooks.com?,What is graffittibooks.com?,What is graffittibooks.com?
I had 5 lakhs in my savings account can I deposit 2.5 now in my account?,I had 5 lakhs in my savings account can I depository 2.5 now in my account?, had 5 lakhs in my savings calculate can  deposit 2.5 now in my account?,single had phoebe lakhs in my savings account can single repository 2.5 now in my account?
What is the quickest way to get meth out your system?,What is the quickest direction to get meth out your system?,What is the quick way to get methedrine out your system?,What is the agile right smart to pose meth out your system?
What are some of the weirdest dreams you've had?,What are some of the uncanny dreams you've had?,What are some of the eldritch dream you've had?,What are some of the eldritch ambition you've had?
What is the formula of [math](a+b)^3[/math]?,What is the chemical formula of [math](a+b)^3[/math]?,What is the rule of [math](a+b)^3[/math]?,What is the convention of [math](a+b)^3[/math]?
Why are you marking my question as needing improvement?,why are you marking my question as needing improvement?,wherefore are you score my question as needing improvement?,wherefore are you strike off my call into question as needing improvement?
How many time zones does the US have?,How many sentence zones does the US have?,How many meter zones does the america have?,How many prison term zone does the united states have?
What is the difference between self esteem and  ego?,What is the remainder between self esteem and ego?,What is the difference of opinion between self prize and ego?,What is the departure between ego respect and ego?
Why do some Kashmiri Muslims want to be part of Pakistan?,Why do some Kashmiri Muslims need to be part of Pakistan?,Why do some kashmiri Muslims want to be percentage of Pakistan?,why do some kashmiri Muslims want to be character of Pakistan?
Do the Chinese eat chocolate?,dress the Chinese eat chocolate?,Do the chinese eat on chocolate?,manage the chinese exhaust chocolate?
"My driver side power window switch can only make the passenger side window go down, not up. Passenger switch works fine. What could have gone wrong?","My driver side power window substitution can only make the passenger side window go down, not up. Passenger substitution works fine. What could have gone wrong?","My driver side power window switch can only shit the rider side window go down, not up. Passenger switch works fine. What could have gone wrong?","My driver side power window switch can only make the rider side window go down, not up. rider switch works fine. What could have drop dead wrong?"
Can you offer me any advice on how to lose weight?,Can you fling me any advice on how to lose weight?,Can you declare oneself me any advice on how to turn a loss weight?,potty you pop the question me any advice on how to fall behind weight?
How can I improve my communication effectively?,How can I improve my communicating effectively?,How can i better my communication effectively?,How can iodine amend my communicating effectively?
Why do cold fronts blow from North to South in a Southeast direction?,Why do cold fronts coke from North to South in a Southeast direction?,Why do cold fronts reversal from compass north to South in a Southeast direction?,wherefore do cold fronts blow from due north to South in a southeast direction?
"What's the difference between an ""organ"" and a ""piano""?","What's the difference of opinion between an ""organ"" and a ""piano""?","What's the remainder between an ""organ"" and a ""piano""?","What's the deviation between an ""organ"" and a ""piano""?"
What are the recent research ideas of Convex Hull problem?,What are the recent research ideas of bulging Hull problem?,What are the recent epoch enquiry ideas of Convex Hull problem?,What are the holocene epoch research estimation of Convex cordell hull problem?
What is the credibility of this article stating that Tamil is the top 8th language that is going to be extinct?,What is the credibility of this clause stating that Tamil is the top 8th language that is going to be extinct?,What is the credibility of this article say that Tamil is the top 8th language that is departure to be extinct?,What is the credibility of this article stating that tamil is the teetotum eighth language that is going to be extinct?
How many Indians will leave India if offered citizenship of USA?,How many Indians will farewell India if offered citizenship of USA?,How many Indians will leave bharat if tender citizenship of USA?,How many american indian language will get out republic of india if offered citizenship of USA?
Millennials: Does working in sales suck?,Millennials: Does working in sales agreement suck?,Millennials: Does crop in gross sales suck?,Millennials: coiffure sour in sale suck?
How do I run WhatsApp on a proxy server?,How do I run WhatsApp on a procurator server?,How do single run WhatsApp on a placeholder server?,How do ace test WhatsApp on a procurator server?
Is Stalin a hero?,Is iosif vissarionovich dzhugashvili a hero?,follow joseph stalin a hero?,constitute stalin a hero?
"What are the most common traffic convictions in Arkansas, and how does the severity of the convictions differ in Colorado?","What are the most plebeian traffic convictions in Arkansas, and how does the severity of the convictions differ in Colorado?","What are the most common traffic conviction in Arkansas, and how does the harshness of the conviction differ in Colorado?","What are the most common traffic strong belief in Arkansas, and how does the asperity of the strong belief dissent in Colorado?"
What universities does Equity Commonwealth recruit new grads from? What majors are they looking for?,What universities does Equity Commonwealth recruit new alumnus from? What majors are they looking for?,What universities does Equity body politic recruit new grads from? What majors are they face for?,What university does Equity Commonwealth recruit fresh grads from? What majors are they looking at for?
"Which is correct ""What are the antonyms of something"" or ""What is the antonym of something""?","Which is sort out ""What are the antonyms of something"" or ""What is the antonym of something""?","Which is right ""What are the antonyms of something"" or ""What is the opposite of something""?","Which is redress ""What are the antonym of something"" or ""What is the opposite of something""?"
What are the pros and cons of working alone versus working in a team?,What are the pros and con of working alone versus working in a team?,What are the professional and bunko game of working alone versus working in a team?,What are the professional and cons of wreak solitary versus wreak in a team?
Why are many historians and people to this day still confused on whether or not the National Socialists were Socialist or Fascist?,Why are many historiographer and people to this day still confused on whether or not the National Socialists were Socialist or Fascist?,Why are many historians and mass to this mean solar day still confused on whether or not the National Socialists were Socialist or Fascist?,why are many historians and people to this day still blur on whether or not the National Socialists were socialist or Fascist?
How can I tell if I'm adopted (or kidnapped) or not when my parents refuse to do a DNA test?,How can  tell if I'm adopted (or kidnapped) or not when my parents refuse to do a DNA test?,How can I tell if I'm sweep up (or kidnapped) or not when my parents reject to do a DNA test?,How can unity tell if I'm assume (or kidnapped) or not when my parents refuse to do a deoxyribonucleic acid test?
What are the required documents needed if you lost your identification and social security card?,What are the compulsory documents needed if you lost your identification and social security card?,What are the required documents needed if you doomed your identification and social security department card?,What are the required document ask if you lost your recognition and social security card?
What makes Rock Music Rock?,What makes shake Music Rock?,What reach Rock music Rock?,What lay down rock and roll medicine Rock?
Why does america accept Hillary Clinton's lying?,Why does america accept edmund hillary Clinton's lying?,Why does united states bear Hillary Clinton's lying?,wherefore does united states bear Hillary Clinton's lying?
Is it possible to convert a Kindle book to PDF format?,Is it possible to win over a Kindle book to PDF format?,exist it potential to convert a Kindle book to PDF format?,comprise it possible to convert a elicit al quran to PDF format?
What are good gifts for a foreign visitor to bring when they're invited to someone's home in Senegal for the first time?,What are good gifts for a strange visitor to bring when they're invited to someone's home in Senegal for the first time?,What are good gifts for a foreign visitor to bring when they're ask over to someone's home in senegal for the first time?,What are good gifts for a strange visitor to bring when they're ask over to someone's home in republic of senegal for the first time?
I want to slap my cousin who is jealous of me. How do I over come this feeling?,I want to slap my cousin who is covetous of me. How do I over come this feeling?,iodine want to slap my cousin who is covetous of me. How do iodine over come this feeling?,I desire to slap my cousin who is green eyed of me. How do I over occur this feeling?
Are we living in a simulation?,Are we surviving in a simulation?,be we animation in a simulation?,live we sustenance in a simulation?
Why does dark chocolate taste so nasty?,Why does dark hot chocolate taste so nasty?,Why does dismal chocolate taste sensation so nasty?,Why does glowering cocoa perceptiveness so nasty?
How can one fly in their dreams?,How can one vanish in their dreams?,How can matchless vaporize in their dreams?,How can peerless vanish in their dreams?
What is the best position of neck while sleeping?,What is the best berth of neck while sleeping?,What is the well position of cervix while sleeping?,What is the respectable stead of cervix while sleeping?
What can I do for world peace?,What can I do for humanity peace?,What can  do for creation peace?,What can ace do for creation peace?
What are the best books to learn c programing language?,What are the best books to learn c programme language?,What are the best bible to learn c programme language?,What are the best good book to learn speed of light programme language?
How do I lose weight?,How do I fall behind weight?,How do iodine suffer weight?,How do i suffer weight?
Where can I get best dental fit outs in Sydney?,Where can I get best dental fit come out in Sydney?,Where can I get best dental jibe out in Sydney?,Where can iodin get easily dental meet outs in Sydney?
What is Arduino Uno?,What is Arduino Uno?,What is Arduino Uno?,What is Arduino Uno?
What can be done to end caste based reservation system in India?,What can be done to end caste based mental reservation system in India?,What can be set to end caste ground reservation system in India?,What can be done to goal caste establish reserve system in India?
Is online education the future of education?,Is online education the hereafter of education?,Is on line education department the future of education?,represent on line didactics the future of education?
What are some of the best camping tools and gadgets?,What are some of the best camp tools and gadgets?,What are some of the trump tent tools and gadgets?,What are some of the unspoiled tent shaft and gadgets?
What are some good questions to ask a sociopath?,What are some good interrogative sentence to ask a sociopath?,What are some undecomposed doubtfulness to ask a sociopath?,What are some near doubt to demand a sociopath?
What the difference between western culture and Chinese culture?,What the difference between westerly culture and Chinese culture?,What the difference between horse opera culture and chinese culture?,What the remainder between western civilization and formosan culture?
What will happen if I drink only water and not other beverages?,What will happen if iodine drink only water and not other beverages?,What will happen if I toast only urine and not other beverages?,What will materialise if I fuddle only irrigate and not other beverages?
Which place in India would you highly recommend visting to attain the priceless peace?,Which place in India would you highly recommend visting to attain the invaluable peace?,Which place in India would you highly urge visting to happen upon the priceless peace?,Which place in India would you extremely urge visting to attain the invaluable peace?
What are the languages fluently spoke in Norway? Why?,What are the languages fluently wheel spoke in Norway? Why?,What are the linguistic communication fluently wheel spoke in Norway? Why?,What are the spoken language fluently speak in Norway? Why?
Does HostGator accept the EntroPay Virtual Card?,Does HostGator swallow the EntroPay Virtual Card?,set HostGator accept the EntroPay practical Card?,practice HostGator take on the EntroPay virtual Card?
Why are there still people who believe the world is flat?,why are there still people who believe the world is flat?,Why are there noneffervescent people who believe the populace is flat?,wherefore are there nevertheless mass who believe the world is flat?
Is Shoolini University is Great Place to Study B.Tech?,Is Shoolini University is Great put to Study B.Tech?,exist Shoolini university is Great Place to Study B.Tech?,cost Shoolini university is Great station to Study B.Tech?
What is the expected cutoff for KVPY SA 2016 -17?,What is the gestate cutoff for KVPY SA 2016 -17?,What is the gestate cutoff for KVPY storm troops 2016 -17?,What is the anticipate crosscut for KVPY sa 2016 -17?
Why don't all months have same number of days?,Why don't all month have same number of days?,wherefore don't all month have same number of days?,wherefore don't all month have same phone number of days?
"Is a driver on a divided highway in the US required to pull over for an emergency vehicle (police, fire, ambulance) that is going the opposite direction?","Is a driver on a divided highway in the the states required to pull over for an emergency vehicle (police, fire, ambulance) that is going the opposite direction?","Is a driver on a divided highway in the US required to pull over for an emergency vehicle (police, fire, ambulance) that is start the contrary direction?","Is a device driver on a divided main road in the US expect to pull over for an emergency vehicle (police, fire, ambulance) that is going the opposite direction?"
What are the most embarrassing moments in life?,What are the most embarrassing consequence in life?,What are the most blockade present moment in life?,What are the most sticky instant in life?
Which are commerce colleges in Mumbai with hostel facilities?,Which are commercialism colleges in Mumbai with hostel facilities?,Which are department of commerce colleges in Mumbai with auberge facilities?,Which are commercialism college in bombay with hostel facilities?
What were the main causes of the Battle of the Somme?,What were the briny causes of the Battle of the Somme?,What were the main effort of the combat of the Somme?,What were the independent grounds of the fight of the Somme?
Does steaming your face help acne?,Does steamy your face help acne?,Does steam clean your grimace help acne?,dress steamy your face supporter acne?
Nazi Germany: Which notorious members of the SS were never caught?,national socialist Germany: Which notorious members of the SS were never caught?,national socialist Germany: Which notorious members of the atomic number  were never caught?,Nazi Germany: Which infamous penis of the atomic number  were never caught?
What makes natural language processing hard?,What draw natural language processing hard?,What makes natural nomenclature action hard?,What make rude language action hard?
What caste do people with the surname 'Megharaj' from Karnataka belong to?,What caste do people with the last name 'Megharaj' from Karnataka belong to?,What caste do people with the last name 'Megharaj' from mysore belong to?,What caste do masses with the family name 'Megharaj' from mysore belong to?
Which is better :computer science or computer science engineering?,Which is better :computer science or reckoner science engineering?,Which is meliorate :computer science or data processor science engineering?,Which is in effect :computer skill or computing device skill engineering?
How I tell a girl that I likes her?,How I evidence a girl that I likes her?,How I tell a daughter that I the likes of her?,How ace tell a young lady that ace like her?
What would Hillary Clinton's policy towards Israel look like if she will win the U.S. Presidency in 2016?,What would Hillary Clinton's policy towards sion look like if she will win the U.S. Presidency in 2016?,What would Hillary Clinton's policy towards Israel look similar if she will pull ahead the U.S. Presidency in 2016?,What would Hillary Clinton's policy towards israel look like if she will succeed the U.S. administration in 2016?
How do I impress my class?,How do I impressment my class?,How do  yarn dye my class?,How do  affect my class?
What is your favorite song of lyricist Prasoon Joshi and why?,What is your favorite song of lyrist Prasoon Joshi and why?,What is your best loved strain of lyricist Prasoon Joshi and why?,What is your ducky strain of lyrist Prasoon Joshi and why?
Is “Khullad” (Clay Cup) good for Environment?,constitute “Khullad” (Clay Cup) good for Environment?,embody “Khullad” (Clay Cup) soundly for Environment?,equal “Khullad” (Clay Cup) soundly for Environment?
Why do people adopt children?,wherefore do people adopt children?,why do people borrow children?,wherefore do multitude espouse children?
What is the difference between sociology and psychology?,What is the difference of opinion between sociology and psychology?,What is the remainder between sociology and psychology?,What is the departure between sociology and psychology?
Is the two party system good or bad?,Is the deuce party system good or bad?,Is the  party system unspoilt or bad?,make up the two political party organisation good or bad?
Which is the best horror movie ever?,Which is the honorable horror movie ever?,Which is the adept horror film ever?,Which is the comfortably revulsion picture show ever?
Has anyone had a near death experience that they can describe?,deliver anyone had a near death experience that they can describe?,Has anyone had a nigh death get that they can describe?,Has anyone had a most last live that they can describe?
Why can't I post or answer questions on Quora?,wherefore can't I post or answer questions on Quora?,why can't I brand or answer questions on Quora?,why can't I office or serve questions on Quora?
"In the AAI JE (electronics) exam, are there more numerical or conceptual theory questions asked and what type of general studies questions are asked?","indiana the AAI JE (electronics) exam, are there more numerical or conceptual theory questions asked and what type of general studies questions are asked?","In the AAI JE (electronics) exam, are there more numerical or conceptual theory questions enquire and what typewrite of general studies questions are asked?","inward the AAI JE (electronics) exam, are there more numerical or conceptual theory questions postulate and what type of universal studies questions are asked?"
Educational qualification required to join CBI?,educational qualification required to join CBI?,educational qualification required to sum CBI?,Educational making needful to joint CBI?
What's the best way to confront someone who you think might be stealing from you?,What's the best way to confront mortal who you think might be stealing from you?,What's the best way to confront someone who you think power be theft from you?,What's the best way to confront individual who you think mightiness be thievery from you?
"Which intersections in Waterloo, ON are particularly dangerous? Why? What could be done to improve them?","Which product in Waterloo, ON are particularly dangerous? Why? What could be done to improve them?","Which intersections in Waterloo, on are particularly dangerous? Why? What could be do to improve them?","Which carrefour in Waterloo, ON are in particular dangerous? Why? What could be practise to improve them?"
How do I integrate Bulk SMS API for website?,How do i integrate Bulk SMS API for website?,How do single mix Bulk SMS API for website?,How do atomic number  desegregate Bulk atomic number  API for website?
Which is the best programming language for making Android apps?,Which is the best programming lyric for making Android apps?,Which is the best programing terminology for making Android apps?,Which is the best programming voice communication for produce humanoid apps?
How can I became a good elder brother?,How can I became a upright elder brother?,How can I turn a good senior brother?,How can atomic number  became a skilful older brother?
Do employees at U.S. Steel have a good work-life balance? Does this differ across positions and departments?,Do employee at U.S. Steel have a good work-life balance? Does this differ across positions and departments?,Do employee at U.S. sword have a good work-life balance? Does this differ across positions and departments?,behave employees at U.S. blade have a good work-life balance? Does this differ crossways positions and departments?
"Why is it problematic to call India a Hindu rahstra, whereas we can call major countries as Christian or Muslim countries?","Why is it problematic to call India a Hindu rahstra, whereas we can call major body politic as Christian or Muslim countries?","Why is it problematic to call India a hindi rahstra, whereas we can call major countries as christian or Muslim countries?","why is it tough to call India a hindu rahstra, whereas we can call major countries as Christian or Muslim countries?"
What percentage of Erics live in the United States?,What percentage of Erics survive in the United States?,What share of Erics endure in the United States?,What share of Erics subsist in the link up States?
What is the best mid cap mutual fund for investment?,What is the better mid cap mutual fund for investment?,What is the secure mid cap mutual stock for investment?,What is the best mid detonator reciprocal store for investment?
Why does my bf excuse me of cheating all the time?,wherefore does my bf excuse me of cheating all the time?,Why does my bf apologize me of unsportsmanlike all the time?,why does my bf pardon me of dirty all the time?
Does boys really fall in love?,Does boys truly fall in love?,cause boys really declination in love?,suffice boys genuinely devolve in love?
How do I stop thinking with my dick and start thinking with my head?,How do i stop thinking with my dick and start thinking with my head?,How do I stop thinking with my cock and showtime thinking with my head?,How do I closure recollect with my peter and start recollect with my head?
Why do people often ask questions in Quora while they can Google it themselves?,Why do people often ask questions in Quora while they can google it themselves?,wherefore do people often ask questions in Quora while they can google it themselves?,Why do people ofttimes ask interrogate in Quora while they can google it themselves?
How do I make money by writing?,How do I hit money by writing?,How do unity build money by writing?,How do i spend a penny money by writing?
What are the best sites to watch Bollywood movies for free?,What are the best sites to watch Bollywood moving picture show for free?,What are the best sites to watch bollywood flick for free?,What are the best place to watch bollywood flick for free?
"If I was going to visit Malibu, CA where are the sections of Malibu where celebrities hang out the most?","If I was going to visit Malibu, CA where are the part of Malibu where celebrities hang out the most?","If I was passing to visit Malibu, CA where are the sections of Malibu where celebrities give ear out the most?","If I was going to visit Malibu, california where are the sections of Malibu where renown hang up out the most?"
How much does advertising on YouTube cost?,How much does advertize on YouTube cost?,How practically does publicize on YouTube cost?,How a great deal does push on YouTube cost?
What is the oldest book in the history of mankind someone can tell me?,What is the oldest book in the chronicle of mankind someone can tell me?,What is the older book in the history of humankind someone can tell me?,What is the oldest al quran in the history of mankind person can william tell me?
How troll characters got famous?,How trolling characters got famous?,How round characters aim famous?,How trolling eccentric produce famous?
What are the differences between Chinese culture and western culture?,What are the differences between taiwanese culture and western culture?,What are the differences between chinese cultivation and western culture?,What are the departure between formosan culture and westerly culture?
How long did it take you to change your F1 status to F2 while being in the USA?,How hanker did it take you to change your F1 status to F2 while being in the USA?,How long did it subscribe you to vary your F1 status to F2 while being in the USA?,How farsighted did it charter you to change your F1 condition to F2 while being in the USA?
What are the best travel blogs?,What are the best trip blogs?,What are the considerably locomote blogs?,What are the estimable move blogs?
How do I delete an account on instagram if I can't remember the password or email?,How do I delete an account on instagram if I can't think back the password or email?,How do atomic number  delete an history on instagram if atomic number  can't remember the password or email?,How do iodine edit an account on instagram if iodine can't recollect the password or email?
How can I prevent shareholders from taking over my startup?,How can I prevent shareholders from adopt over my startup?,How can ace keep shareholders from taking over my startup?,How can I forbid shareholder from engage over my startup?
What is your review of Severance (2006 movie)?,What is your go over of Severance (2006 movie)?,What is your follow up of severing (2006 movie)?,What is your brush up of breach (2006 movie)?
When will we get rid of religion?,When will we get disembarrass of religion?,When will we father free of religion?,When will we let free of religion?
How do I create my website profile on Wikipedia?,How do I make my website profile on Wikipedia?,How do I create my web site visibility on Wikipedia?,How do  make my web site profile on Wikipedia?
Is the Nissan Skyline GTR illegal in the U.S.?,Is the nissan Skyline GTR illegal in the U.S.?,Is the nisan skyline GTR illegal in the U.S.?,exist the nissan sensible horizon GTR illegal in the U.S.?
What are some ways each one of us can store up treasures in heaven as suggested in Matthew 6:20?,What are some ways each ace of us can store up treasures in heaven as suggested in Matthew 6:20?,What are some fashion each one of us can store up treasures in paradise as suggested in Matthew 6:20?,What are some ways each ace of united states of america can store up treasures in heaven as suggested in matthew 6:20?
What is the best way to manage a large collection of bookmarks (with duplicates) across multiple browsers?,What is the best way to manage a with child collection of bookmarks (with duplicates) across multiple browsers?,What is the outflank way to manage a large collecting of bookmarks (with duplicates) across multiple browsers?,What is the best direction to negociate a great collection of bookmarks (with duplicates) across multiple browsers?
Can something greater than the word business?,Can something enceinte than the word business?,Can something bang up than the word of god business?,buttocks something big than the password business?
What is borderline narcissistic personality disorder?,What is marginal narcissistic personality disorder?,What is mete self loving personality disorder?,What is mete egotistic personality disorder?
How do price comparison websites get their data from merchants?,How do price comparison websites arrest their data from merchants?,How do damage equivalence websites get their data from merchants?,How do mary leontyne price comparing websites find their data from merchants?
How can I improve my communication skills specially pronunciation skill?,How can I improve my communicating skills specially pronunciation skill?,How can ace improve my communicating skills specially pronunciation skill?,How can atomic number  improve my communication skills particularly orthoepy skill?
Can I remove red wine fresh stains from my tablecloth?,Can I remove red wine fresh discolouration from my tablecloth?,Can I remove red vino unused stains from my tablecloth?,Can I take red wine tonic smirch from my tablecloth?
How long before electric cars become the norm?,How foresightful before electric cars become the norm?,How hanker before electric gondola become the norm?,How farsighted before galvanic car become the norm?
Can I update my pan card number with my account online?,Can I update my pan tease number with my account online?,privy I update my pan card number with my invoice online?,Can I update my goat god card routine with my business relationship online?
How many Jews were murdered during the Holocaust?,How many Jews were hit during the Holocaust?,How many hebrew were off during the Holocaust?,How many hebrew were dispatch during the Holocaust?
Who will win the US Open 2011 (tennis)?,Who will win the US open air 2011 (tennis)?,who will profits the US Open 2011 (tennis)?,who will gain ground the united states of america Open 2011 (tennis)?
What's the difference between OCD and anxiety?,What's the departure between OCD and anxiety?,What's the remainder between OCD and anxiety?,What's the conflict between OCD and anxiety?
Is there any rule that we can not buy general tickets for express trains before 4 hours?,Is there any rule that we can not bribe general tickets for express trains before 4 hours?,cost there any rule that we can not buy general tickets for express discipline before 4 hours?,exist there any rule that we can not bargain general tickets for express trains before four hours?
What is your purpose of life?,What is your purport of life?,What is your use of life?,What is your intent of life?
How much could I earn monthly in organic farming in 2 acres?,How much could i earn monthly in organic farming in 2 acres?,How a good deal could  earn monthly in organic farming in 2 acres?,How a lot could I earn monthly in organic fertiliser raise in 2 acres?
Is life of a mediocre waste of life?,Is life of a mediocre pine away of life?,Is sprightliness of a fair waste of life?,equal aliveness of a second rate waste of life?
I am in first year. In which direction should I start my preparation to clear for IAS exam?,I am in first year. In which direction should I start my readying to clear for IAS exam?,I am in first year. In which direction should I pop my preparation to clear for ia exam?,I am in first year. inward which direction should I depart my preparation to clear up for IAS exam?
How can I gain height at age 20?,How can unity gain height at age 20?,How can single gain height at old age 20?,How can i gain tiptop at eld 20?
"What is an analysis of the poem ""Learning to Love America""?","What is an analysis of the poem ""Learning to bonk America""?","What is an analytic thinking of the verse form ""Learning to Love America""?","What is an depth psychology of the verse form ""Learning to bed America""?"
What are the best technical analysis software for the Indian stock market?,What are the best technical analysis software for the american indian language stock market?,What are the charles herbert best technical analysis software for the Indian fund market?,What are the honest technical analysis software for the native american shopworn market?
What should we do to be the best children?,What should we do to be the well children?,What should we do to be the good children?,What should we do to be the charles herbert best children?
"How is the word ""capricious"" used in a sentence?","How is the articulate ""capricious"" used in a sentence?","How is the holy writ ""capricious"" put upon in a sentence?","How is the word of god ""capricious"" victimized in a sentence?"
Is there no black money in cash in India today?,Is there no opprobrious money in cash in India today?,Is there no blackamoor money in cash in india today?,cost there no pitch black money in cash in in India today?
What type of government does Guatemala have? How does it compare to those in other countries?,What case of government does Guatemala have? How does it compare to those in other countries?,What type of government activity does guatemala have? How does it compare to those in other countries?,What eccentric of government does republic of guatemala have? How does it comparison to those in other countries?
What is mulching?,What is mulching?,What is mulching?,What is mulching?
What do you feel is the purpose of life?,What do you feel is the purport of life?,What do you look is the resolve of life?,What do you palpate is the role of life?
What is religion for you?,What is religious belief for you?,What is faith for you?,What is organized religion for you?
What are good countries to study masters in mechanical engineering?,What are good land to study masters in mechanical engineering?,What are good countries to hit the books masters in mechanically skillful engineering?,What are in force countries to field masters in mechanically skillful engineering?
How can I get a complete list of all old Gmail accounts in my name?,How can I get a complete list of all old Gmail write up in my name?,How can I get a everlasting list of all old Gmail news report in my name?,How can  get a complete heel of all old Gmail describe in my name?
Which is the best smartphone in India under Rs 15000?,Which is the right smartphone in India under Rs 15000?,Which is the honorable smartphone in India under radius 15000?,Which is the effective smartphone in india under gas constant 15000?
What are enlightenment values?,What are age of reason values?,What are nirvana values?,What are age of reason values?
What will be the positive and negative effects of demonization of ₹500/1000 notes on Indian economy?,What will be the confident and negative effects of demonization of ₹500/1000 notes on Indian economy?,What will be the plus and negative effects of demonization of ₹500/1000 notes on american indian economy?,What will be the positive and negative result of demonization of ₹500/1000 government note on amerind economy?
What is your best piece of advice?,What is your best man of advice?,What is your unspoilt put together of advice?,What is your good composition of advice?
Am I eligible for a tax benefit on a down payment paid from savings while purchasing a home?,Am I eligible for a tax profit on a down payment paid from savings while purchasing a home?,Am I eligible for a tax benefit on a down defrayment paid from economise while purchasing a home?,amplitude modulation I eligible for a tax benefit on a down defrayment paid from bring through while purchasing a home?
Can I connect the modem to the switch then to the router?,put up I connect the modem to the switch then to the router?,Can atomic number  get in touch the modem to the switch then to the router?,lavatory ace touch base the modem to the switch then to the router?
What are the strongest majors in terms of job prospects and what are the weakest majors at Bates College?,What are the strongest majors in full term of job prospects and what are the weakest majors at Bates College?,What are the strongest majors in terms of job chance and what are the infirm majors at Bates College?,What are the strongest major league in footing of job prospects and what are the light major league at Bates College?
What are the dos and don't when visiting Ireland?,What are the dos and don't when natter Ireland?,What are the answer and don't when claver Ireland?,What are the fare and don't when bring down Ireland?
How would you make a Map application using HTML5?,How would you make a Map applications programme using HTML5?,How would you make a function lotion using HTML5?,How would you make a function applications programme expend HTML5?
Can a Native American run for president?,Can a Native american run for president?,Can a indigene american run for president?,hind end a aboriginal American scarper for president?
Are other Samsung Galaxy Tab 10.3 and S-III owners having problems after updating the software such as no wifi connectivity?,Are other Samsung Galaxy chit 10.3 and S-III owners having problems after updating the software such as no wifi connectivity?,Are other Samsung Galaxy Tab 10.3 and S-III owners having problems after updating the software system such as no wlan connectivity?,make up other Samsung beetleweed Tab 10.3 and S-III owners having problems after update the software such as no wifi connectivity?
What's the most awkward/embarrassing situation you've ever faced in your life?,What's the most awkward/embarrassing situation you've ever confront in your life?,What's the most awkward/embarrassing site you've ever so faced in your life?,What's the most awkward/embarrassing spot you've eer present in your life?
What is the difference between 高铁 (gaotie) and 动车 (dong che)?,What is the deviation between 高铁 (gaotie) and 动车 (dong che)?,What is the difference of opinion between 高铁 (gaotie) and 动车 (dong che)?,What is the difference of opinion between 高铁 (gaotie) and 动车 (dong che)?
"Do you think ""the local"" newspaper is a left wing agenda baised? I saw very few articels about migrants crimes in Europe mainly in Germany..","Do you think ""the local"" newspaper is a left wing agenda baised? one saw very few articels about migrants crimes in Europe mainly in Germany..","Do you think ""the local"" newspaper is a left wing extension agenda baised? I saw very few articels about migrants crimes in Europe mainly in Germany..","answer you think ""the local"" newsprint is a left field wing agenda baised? I saw very few articels about migrants crimes in Europe mainly in Germany.."
"What personality type does Amazon CEO, Jeff Bezos have?","What personality typewrite does Amazon CEO, Jeff Bezos have?","What personality typecast does virago CEO, Jeff Bezos have?","What personality character does virago CEO, Jeff Bezos have?"
How is Boston University's econophysics?,How is beantown University's econophysics?,How is capital of massachusetts University's econophysics?,How is capital of massachusetts University's econophysics?
Which is the best institute in Delhi for GMAT Coaching?,Which is the best constitute in Delhi for GMAT Coaching?,Which is the good establish in Delhi for GMAT Coaching?,Which is the well bring in old delhi for GMAT Coaching?
"If the air is 78% nitrogen and 21% oxygen, why do we say we breathe in oxygen but not nitrogen?","If the air is 78% nitrogen and 21% oxygen, why do we say we take a breath in oxygen but not nitrogen?","If the line is 78% nitrogen and 21% oxygen, why do we say we breathe in atomic number  but not nitrogen?","If the tune is 78% n and 21% oxygen, why do we say we pass off in oxygen but not nitrogen?"
Is it okay to have no friends?,Is it approve to have no friends?,embody it okey to have no friends?,live it okeh to have no friends?
What are the best things about Pokémon GO to you?,What are the outflank things about Pokémon GO to you?,What are the easily thing about Pokémon GO to you?,What are the proficient affair about Pokémon go away to you?
Why do people often ask questions in Quora while they can Google it themselves?,Why do people often inquire questions in Quora while they can Google it themselves?,wherefore do people often ask inquiry in Quora while they can Google it themselves?,wherefore do people oftentimes ask dubiousness in Quora while they can Google it themselves?
How banning 500 and 1000 rupee can affect black money?,How banning  and 1000 rupee can affect black money?,How banning five hundred and m rupee can affect black money?,How forbiddance 500 and thousand seychelles rupee can affect black money?
Which programming language should I learn: Java or JavaScript?,Which programme language should I learn: Java or JavaScript?,Which computer programing language should unity learn: Java or JavaScript?,Which programme language should single learn: coffee or JavaScript?
Why don't I have Instagram live even though I updated?,Why don't I have Instagram know even though I updated?,wherefore don't I have Instagram lively even though I updated?,Why don't ane have Instagram alive eve though ane updated?
What are some mechanical engineering projects?,What are some mechanical orchestrate projects?,What are some mechanically skillful engineering science projects?,What are some mechanically skillful engineering science projects?
What are some of the greatest mysteries of biology?,What are some of the smashing mysteries of biology?,What are some of the sterling closed book of biology?,What are some of the swell closed book of biology?
What should be the minimum TDS level for the drinking water and what should be the maximum in RO system?,What should be the minimal TDS level for the drinking water and what should be the maximum in RO system?,What should be the minimum TDS level for the wassail water and what should be the maximum in ro system?,What should be the lower limit TDS level for the drinking ho and what should be the maximum in ro system?
How common it it for people to meet their significant others online?,How common it it for masses to meet their significant others online?,How coarse it it for people to meet their pregnant others online?,How park it it for hoi polloi to receive their significant others online?
What is it like to work in China?,What is it like to play in China?,What is it same to work on in China?,What is it corresponding to function in China?
What are the sign on engine?,What are the sign of the zodiac on engine?,What are the house on engine?,What are the bless on engine?
How can I create the most popular question on Quora?,How can I create the most popular query on Quora?,How can atomic number  make the most popular question on Quora?,How can I produce the most democratic interrogate on Quora?
There are 156 dogs and cats in the pound. The ratio of dogs to cats is 3:9. How do I use elimination to find the number of each?,There are 156 dogs and cats in the pound. The proportion of dogs to cats is 3:9. How do I use elimination to find the number of each?,There are 156 dogs and cats in the pound. The proportion of dogs to cats is 3:9. How do I use excreting to find the number of each?,there are 156 dogs and spue in the pound. The ratio of dogs to spue is 3:9. How do iodine use elimination to find the number of each?
"What is a suitable solar panel installation provider near Paradise, California CA?","What is a suitable solar panel installing provider near Paradise, California CA?","What is a suitable solar dialog box instalment provider near Paradise, California CA?","What is a desirable solar panel instalment provider near Paradise, ca CA?"
What is eligibility criteria to get NIT seat through CIWG quota?,What is eligibility criteria to induce NIT seat through CIWG quota?,What is eligibility criterion to get nit seat through CIWG quota?,What is eligibility criteria to amaze nit rear end through CIWG quota?
What is difference between aerospace engineering and aeronautical engineering?,What is difference between aerospace engineering and aeronautic engineering?,What is deviation between aerospace engineering and aeronautic engineering?,What is deviation between aerospace engine room and aeronautic engineering?
What is an estimator and an estimands in statistical models? Why this is important?,What is an estimator and an estimands in statistical models? wherefore this is important?,What is an figurer and an estimands in statistical models? wherefore this is important?,What is an calculator and an estimands in statistical models? wherefore this is important?
How many red cards has Messi gotten in his professional career?,How many red cards has Messi father in his professional career?,How many bolshie cards has Messi gotten in his pro career?,How many bolshevik cards has Messi gravel in his master career?
Do women lactate when they are pregnant?,Do womanhood lactate when they are pregnant?,Do woman give suck when they are pregnant?,answer cleaning woman suckle when they are pregnant?
Why are earthquakes happening in Afghanistan?,Why are earthquake happening in Afghanistan?,Why are seism take place in Afghanistan?,wherefore are temblor happen in Afghanistan?
How can anyone increase height?,How can anyone growth height?,How can anyone addition height?,How can anyone addition height?
Are some black people prejudiced against Chinese people?,Are some black masses prejudiced against Chinese people?,embody some black people discriminatory against Chinese people?,make up some black people prejudice against chinese people?
How do you make money with Quora?,How do you do money with Quora?,How do you piss money with Quora?,How do you make believe money with Quora?
What does sex feel like to a man?,What does sex finger like to a man?,What does wind up feel alike to a man?,What does excite flavor similar to a man?
What do the 10 heads of Ravan in Hinduism signify?,What do the x heads of Ravan in Hinduism signify?,What do the 10 school principal of Ravan in hinduism signify?,What do the  nous of Ravan in hindooism signify?
What is the best Japanese/English online translator?,What is the considerably Japanese/English online translator?,What is the adept Japanese/English on line translator?,What is the skilful Japanese/English on line translator?
What is a small private open online course?,What is a diminished private open online course?,What is a small buck private undefended online course?,What is a small individual loose on line course?
What does this symbol mean in Mac?,What does this symbol stand for in Mac?,What does this symbolization mingy in Mac?,What does this symbolization imply in Mac?
What can I study at the age of 25 with only a high school knowledge?,What can ace study at the age of 25 with only a high school knowledge?,What can atomic number  study at the age of xxv with only a high school knowledge?,What can I study at the historic period of 25 with only a senior high school school day knowledge?
Which chemical can increase rigidity of a corrugated board?,Which chemic can increase rigidity of a corrugated board?,Which chemical can gain rigidity of a corrugate board?,Which chemic can growth rigidness of a corrugated board?
Why do black ladybugs exist?,why do black ladybugs exist?,why do black ladybird exist?,wherefore do ignominious ladybird exist?
How do I deal with common embarrassment?,How do I deal with rough cut embarrassment?,How do ane distribute with common embarrassment?,How do iodin take with mutual embarrassment?
Content That Contains Spoilers: How powerful is Rey with the Force relative to Kylo Ren?,Content That Contains Spoilers: How powerful is Rey with the effect relative to Kylo Ren?,Content That Contains Spoilers: How mightily is Rey with the Force relation to Kylo Ren?,Content That Contains Spoilers: How knock down is Rey with the drive comparative to Kylo Ren?
What does it mean when you hear a beeping in your ear?,What does it mean when you learn a beeping in your ear?,What does it mingy when you discover a beeping in your ear?,What does it base when you discover a honk in your ear?
Is group of threads forms a process in operating system?,Is group of threads forms a process in manoeuvre system?,Is group of threads grade a process in lock system?,Is grouping of yarn mannikin a process in operating system?
Why does February have 28 days? Why 29 in leap years?,Why does february have 28 days? Why 29 in leap years?,Why does February have xxviii days? Why 29 in jump years?,wherefore does feb have twenty eight days? wherefore 29 in leap years?
What are the best resources for learning C# development?,What are the best imagination for learning C# development?,What are the serious resourcefulness for learning C# development?,What are the outflank imagination for watch C# development?
What are some things new employees should know going into their first day at First Merchants?,What are some things new employees should know go into their first day at First Merchants?,What are some affair new employees should know travel into their first day at First Merchants?,What are some things new employees should make love going into their first gear day at start Merchants?
What's the best site for offline translations?,What's the just site for offline translations?,What's the dependable web site for offline translations?,What's the secure website for offline translations?
"Is it true that ""you won't become rich working for somebody else""?","Is it straight that ""you won't become rich working for somebody else""?","comprise it true that ""you won't get rich working for somebody else""?","follow it true that ""you won't turn rich working for someone else""?"
Who is the Prime Minister of America?,Who is the heyday Minister of America?,who is the Prime government minister of America?,who is the ground diplomatic minister of America?
Why do Indian laws have so many loopholes that convicts are easily escaping from getting proper punishments?,Why do Indian laws have so many loopholes that convicts are easily get away from getting proper punishments?,Why do Indian practice of law have so many loopholes that convicts are easily escaping from generate proper punishments?,Why do amerind law of nature have so many loopholes that yard bird are easily escaping from getting proper punishments?
Should I use Vicks Vapor Rub for a stuffy nose?,Should I use Vicks evaporation Rub for a stuffy nose?,Should iodin use Vicks Vapor Rub for a unaired nose?,Should I purpose Vicks vapor Rub for a unaired nose?
Which is the best city in the world to live in?,Which is the best city in the domain to live in?,Which is the beneficial city in the reality to live in?,Which is the in force city in the humans to hold up in?
"If Objective C is the ideal low-level language for writing iOS apps, why would anyone use Swift?","If Objective vitamin c is the ideal low-level language for writing iOS apps, why would anyone use Swift?","If documentary ascorbic acid is the ideal low-level language for writing iOS apps, why would anyone use Swift?","If objective C is the ideal low-level linguistic process for writing iOS apps, why would anyone economic consumption Swift?"
Why don't we want to work?,why don't we want to work?,why don't we require to work?,why don't we privation to work?
What will the RBI do with the old 500 and 1000 rupees notes that they will receive?,What will the RBI do with the sometime 500 and 1000 rupees notes that they will receive?,What will the RBI do with the previous 500 and k rupees notes that they will receive?,What will the RBI do with the old 500 and m pakistani rupee bankers bill that they will receive?
What are the advantages of demonetisation?,What are the advantage of demonetisation?,What are the advantage of demonetisation?,What are the vantage of demonetisation?
The Wire (TV series): What would Lester Freamon's playlist would look like?,The Wire (TV series): What would fifty Freamon's playlist would look like?,The conducting wire (TV series): What would Lester Freamon's play list would look like?,The wire (TV series): What would fifty Freamon's playlist would calculate like?
Where do I change the default browser on my iPhone?,Where do I convert the default browser on my iPhone?,Where do one change the default web browser on my iPhone?,Where do single interchange the default web browser on my iPhone?
What can be done in a six hour layover at the Dubai Airport (DXB)?,What can be done in a captain hicks hour layover at the Dubai Airport (DXB)?,What can be done in a sextuplet hour stopover at the Dubai Airport (DXB)?,What can be set in a six hour stop at the dubai Airport (DXB)?
Can I be the Prime Minister of India?,Can I be the Prime pastor of India?,potty I be the choice Minister of India?,throne I be the bloom diplomatic minister of India?
What does it mean when a girl says that you're so sweet?,What does it have in mind when a girl says that you're so sweet?,What does it hateful when a girl suppose that you're so sweet?,What does it signify when a miss pronounce that you're so sweet?
What can I do to protect my song's copyright?,What can i do to protect my song's copyright?,What can atomic number  do to protect my song's copyright?,What can one do to protect my song's copyright?
What is eco system?,What is eco system?,What is eco system?,What is eco system?
Can you buy a car safely from eBay or Craigslist? How would you go about doing it?,john you buy a car safely from eBay or Craigslist? How would you go about doing it?,Can you grease ones palms a car safely from eBay or Craigslist? How would you adam about doing it?,lavatory you buy a railway car safely from eBay or Craigslist? How would you decease about doing it?
How is the relationship to animals in Japan?,How is the relationship to beast in Japan?,How is the kinship to animal in Japan?,How is the family relationship to fauna in Japan?
What ever happened to highschoolalumni.com?,What of all time happened to highschoolalumni.com?,What ever so take place to highschoolalumni.com?,What ever so take place to highschoolalumni.com?
How can I be a singer?,How can  be a singer?,How can i be a singer?,How can iodine be a singer?
How can I trademark a made up word?,How can i trademark a made up word?,How can ane hallmark a made up word?,How can atomic number  earmark a gain up word?
What is the most embarrassing punishment in Indian schools?,What is the most blockade punishment in Indian schools?,What is the most stymy penalisation in Indian schools?,What is the most blockade penalization in indian schools?
How can I make a super blurry picture clear?,How can single make a super blurry picture clear?,How can I take a super blurry project clear?,How can unity wee a superintendent blurry picture clear?
Travel Nepal,traveling Nepal,change of location nepal,change of location kingdom of nepal
What is the movie in which a foreigner is posted in India and then he goes to the wrong McDonald's?,What is the movie in which a foreigner is posted in India and then he goes to the faulty McDonald's?,What is the moving picture show in which a foreigner is posted in india and then he goes to the wrong McDonald's?,What is the moving picture in which a foreigner is posted in India and then he break to the incorrect McDonald's?
Why did Hillary Clinton lie under oath about her emails?,Why did Hillary Clinton lie under cuss about her emails?,Why did Hillary Clinton trygve halvden lie under cuss about her emails?,why did Hillary william jefferson clinton lie under swearword about her emails?
How dangerous is it to eat raw eggs?,How severe is it to eat raw eggs?,How severe is it to eat birthday suit eggs?,How serious is it to use up stark naked eggs?
"I don't have a proof of address, how do I apply for pan card?","I don't have a proof of address, how do I apply for trash card?","I don't have a validation of address, how do I apply for pan out card?","I don't have a test copy of address, how do I lend oneself for goat god card?"
Where do I list my apartment for rent?,Where do I number my apartment for rent?,Where do  list my flat for rent?,Where do iodin tilt my flat for rent?
I am constantly being compared to my cousin. She is beautiful while I'm not. How do I prevent myself from becoming depressed when being compared?,I am constantly being compared to my cousin. She is beautiful while I'm not. How do I prevent myself from decorous depressed when being compared?,I am incessantly being compare to my cousin. She is beautiful while I'm not. How do I prevent myself from becoming depressed when being compared?,i am constantly being compared to my cousin. She is beautiful while I'm not. How do i prevent myself from decent gloomy when being compared?
What is the best book to learn about valuation?,What is the best book to instruct about valuation?,What is the trump quran to learn about valuation?,What is the expert word to get word about valuation?
What comes to your mind when you hear the name cuetu.com?,What add up to your mind when you hear the name cuetu.com?,What comes to your judgement when you see the name cuetu.com?,What come to your mind when you pick up the key out cuetu.com?
What is the best way to meet new people?,What is the respectable way to meet new people?,What is the practiced way to meet novel people?,What is the best direction to adjoin raw people?
"How did the ""Barry Soetoro"" rumor become so widespread?","How did the ""Barry Soetoro"" rumor turn so widespread?","How did the ""Barry Soetoro"" hearsay go so widespread?","How did the ""Barry Soetoro"" bruit get so widespread?"
How do I upgrade Samsung Galaxy Grand Neo to Kitkat?,How do I upgrade Samsung Galaxy Grand neo to Kitkat?,How do I upgrade Samsung Galaxy rarefied neo to Kitkat?,How do  rising slope Samsung Galaxy k Neo to Kitkat?
Why can't I see the following feed of my friend in Instagram without getting blocked?,Why can't I see the following fee of my friend in Instagram without getting blocked?,Why can't iodin see the following bung of my friend in Instagram without getting blocked?,why can't I see the next feed of my admirer in Instagram without getting blocked?
What books should I use for the preparation of GMAT?,What books should I habit for the preparation of GMAT?,What books should unity use for the cooking of GMAT?,What account book should I enjoyment for the readying of GMAT?
What is the meaning of I 7?,What is the meaning of unity 7?,What is the pregnant of unity 7?,What is the significant of one 7?
Where do people find roommates?,Where do the great unwashed find roommates?,Where do citizenry notice roommates?,Where do citizenry observe roommates?
What are the examples of procedural programming languages?,What are the examples of adjective programming languages?,What are the illustration of procedural program languages?,What are the good example of adjective programing languages?
How can I make a website without another website/platform?,How can i make a website without another website/platform?,How can I progress to a internet site without another website/platform?,How can  take a leak a web site without another website/platform?
What are some good places to visit in Europe?,What are some good places to confabulate in Europe?,What are some well places to chat in Europe?,What are some honest site to travel to in Europe?
What is a role of Salesforce Developer?,What is a office of Salesforce Developer?,What is a theatrical role of Salesforce Developer?,What is a character of Salesforce Developer?
Will using bluetooth headphone cause damages to head?,Will using bluetooth phone cause damages to head?,Will using bluetooth phone cause impairment to head?,testament victimization bluetooth phone cause damages to head?
What if Chicago was the capital of Illinois?,What if stops was the capital of Illinois?,What if chicago was the great of Illinois?,What if boodle was the majuscule of Illinois?
How can I get 12th pass certificate?,How can I take 12th pass certificate?,How can iodin get 12th offer certificate?,How can atomic number  make th pass certificate?
What is induction motor drives?,What is installation motor drives?,What is initiation motive drives?,What is generalization centrifugal drives?
What does self-description feel like?,What does self-description sense like?,What does self-description look like?,What does self-description finger like?
Why did Quora change the font on 12/20/16 again?,Why did Quora change the fount on 12/20/16 again?,Why did Quora alteration the face on 12/20/16 again?,wherefore did Quora switch the fount on 12/20/16 again?
What are some reviews of CloudxLab.com?,What are some critique of CloudxLab.com?,What are some revue of CloudxLab.com?,What are some revaluation of CloudxLab.com?
How can I play fingerstyle on a classical guitar easily and smoothly?,How can I play fingerstyle on a graeco roman guitar easily and smoothly?,How can one wager fingerstyle on a classical guitar easily and smoothly?,How can unity make for fingerstyle on a hellenic guitar easily and smoothly?
Google machine learning?,google machine learning?,google automobile learning?,google motorcar learning?
"What is the difference between an array, a list, and a linked list?","What is the difference between an array, a list, and a yoke list?","What is the difference of opinion between an array, a list, and a link up list?","What is the dispute between an array, a list, and a yoke list?"
How toprepare for hotel management?,How toprepare for hotel management?,How toprepare for hotel management?,How toprepare for hotel management?
"Experts Expert Ask Question to Know About Your Goal, problem Etc Is Called?","Experts Expert Ask Question to Know About Your Goal, job Etc Is Called?","Experts proficient Ask Question to Know astir Your Goal, problem Etc Is Called?","Experts Expert Ask motion to get laid About Your Goal, trouble Etc Is Called?"
Do you think Indian government should respond fast and strictly to latest terror attack by Pakistan's terrorists?,Do you think Indian government activity should respond fast and strictly to latest terror attack by Pakistan's terrorists?,Do you think amerindic government should respond fast and strictly to latest terror flack by Pakistan's terrorists?,Do you intend Indian government should reply fast and strictly to latest holy terror attack by Pakistan's terrorists?
What good movie is thereto watch?,What trade good movie is thereto watch?,What salutary movie is to that watch?,What salutary picture is to that watch?
Is there actual cyber police?,make up there actual cyber police?,cost there literal cyber police?,live there literal cyber police?
How do I get an Android Lollipop-like notification panel on my rooted KitKat (4.4.2) based smartphone?,How do unity get an Android Lollipop-like notification panel on my rooted KitKat (4.4.2) based smartphone?,How do I bugger off an Android Lollipop-like notification panel on my rooted KitKat (4.4.2) free base smartphone?,How do unity get an android Lollipop-like notification panel on my rooted KitKat (4.4.2) base smartphone?
What are best computer games?,What are substantially computer games?,What are in effect reckoner games?,What are honest calculator games?
Are location factors favourable in Singur for Tata Nano?,Are fix factors favourable in Singur for Tata Nano?,Are location factor in golden in Singur for Tata Nano?,cost position factors prosperous in Singur for Tata Nano?
Why is the cost of employing people so high?,Why is the cost of employing multitude so high?,why is the cost of apply people so high?,Why is the price of engage the great unwashed so high?
How many people does John Wick kill in the movie?,How many mass does John Wick kill in the movie?,How many people does st john Wick drink down in the movie?,How many mass does st john the apostle Wick drink down in the movie?
What is it like to study math at UCLA?,What is it ilk to study math at UCLA?,What is it comparable to canvas math at UCLA?,What is it ilk to contemplate maths at UCLA?
How do I stop my Chihuahua from biting my shoes?,How do I stop my Chihuahua from bitter my shoes?,How do single halt my Chihuahua from biting my shoes?,How do ace discontinue my Chihuahua from seize with teeth my shoes?
Statistics (academic discipline): What is the dif between confirmatory factor analysis and exploratory factor analysis?,statistic (academic discipline): What is the dif between confirmatory factor analysis and exploratory factor analysis?,Statistics (academic discipline): What is the dif between collateral cistron analysis and exploratory cistron analysis?,Statistics (academic discipline): What is the dif between confirmatory factor in psychoanalysis and explorative factor in analysis?
What happens if a light-bulb in the socket is of a lower wattage (or higher wattage) than the one the socket specifies for?,What happens if a light-bulb in the socket is of a lower electric power (or higher wattage) than the one the socket specifies for?,What chance if a light-bulb in the socket is of a lower wattage (or higher wattage) than the one the socket peg down for?,What happens if a light-bulb in the socket is of a turn down electric power (or higher wattage) than the  the socket specifies for?
What do you have to say about Putin saying to vote for Trump for peace?,What do you have to say about Putin saying to right to vote for Trump for peace?,What do you have to say about vladimir vladimirovich putin saying to right to vote for Trump for peace?,What do you have to pronounce about Putin enjoin to voter turnout for Trump for peace?
How can you delete your Yahoo account?,How can you delete your chawbacon account?,How can you blue pencil your rube account?,How can you edit your yahoo account?
How can I recover files that seem to have disappeared?,How can single recover files that seem to have disappeared?,How can single recover register that seem to have disappeared?,How can single recuperate files that appear to have disappeared?
Why did humanism not survive?,why did humanism not survive?,wherefore did humanitarianism not survive?,why did secular humanism not survive?
How do I get addmision in MIT?,How do unity get addmision in MIT?,How do atomic number  fix addmision in MIT?,How do atomic number  bring addmision in MIT?
"Who designed the icons commonly used for play, pause, record, rewind and stop?","Who designed the icon commonly used for play, pause, record, rewind and stop?","who plan the icons commonly used for play, pause, record, rewind and stop?","who designed the image usually used for play, pause, record, rewind and stop?"
What is the point of algebra?,What is the stage of algebra?,What is the steer of algebra?,What is the charge of algebra?
How can I stop procrastinating on my assignments?,How can I stop dilly dally on my assignments?,How can atomic number  stop dillydally on my assignments?,How can one blockage dillydally on my assignments?
How can I start a new business in IT?,How can I starting signal a new business in IT?,How can I start a modern commercial enterprise in IT?,How can I go a newfangled business organization in IT?
"If you could ask every human presently alive only one question, what would you ask each of them?","If you could need every human presently alive only one question, what would you need each of them?","If you could expect every human presently active only one question, what would you expect each of them?","If you could call for every man presently active only one question, what would you call for each of them?"
How much time it takes to die by hanging?,How practically time it takes to die by hanging?,How much time it necessitate to buy the farm by hanging?,How very much time it strike to go bad by hanging?
What is a periodic table?,What is a periodical table?,What is a occasional table?,What is a occasional table?
What is the best way to survive life?,What is the best elbow room to survive life?,What is the scoop way to come through life?,What is the considerably mode to go life?
"Why do many people call Hillary Clinton a ""crooked"" liar? What did she lie about?","Why do many hoi polloi call Hillary Clinton a ""crooked"" liar? What did she lie about?","Why do many citizenry call Hillary william jefferson clinton a ""crooked"" liar? What did she lie about?","Why do many people squall Hillary hilary clinton a ""crooked"" liar? What did she prevarication about?"
At what age should a child be able to sing on key (if they ever will)?,At what age should a child be capable to sing on key (if they ever will)?,At what years should a child be able to sing on describe (if they ever will)?,At what historic period should a child be capable to sing on key (if they ever so will)?
Which IB subjects should I choose?,Which IB subjects should  choose?,Which IB field should iodine choose?,Which IB theme should ace choose?
Why do low frequency signals attenuate slowly as compared to a high frequency signal?,Why do low frequency signals weakened slowly as compared to a high frequency signal?,Why do low frequency signals weakened slowly as compared to a mellow frequency signal?,why do low oftenness signals attenuate slowly as compared to a high gear oftenness signal?
How main character can discover the truth in this situation?,How main eccentric can discover the truth in this situation?,How main character can observe the true statement in this situation?,How master character reference can discover the accuracy in this situation?
When will we hear the sound of the birds again?,When will we hear the intelligent of the birds again?,When will we see the sound of the fowl again?,When will we pick up the levelheaded of the shuttle again?
What are the best digital marketing agencies in Delhi?,What are the best digital marketing delegacy in Delhi?,What are the best digital market government agency in Delhi?,What are the easily digital merchandising authority in Delhi?
How you get things done from others?,How you get things exercise from others?,How you grow affair done from others?,How you receive matter act from others?
How do I make the best out of my college life in MAIT?,How do ane make the best out of my college life in MAIT?,How do single make the best out of my college life history in MAIT?,How do iodine stimulate the best out of my college aliveness in MAIT?
What is the differences between American and Chinese education?,What is the differences between american and Chinese education?,What is the dispute between american language and Chinese education?,What is the remainder between american english and chinese education?
Is veganism morally obligatory?,Is veganism virtuously obligatory?,represent veganism virtuously obligatory?,embody veganism virtuously obligatory?
How do you convince a retailer to carry your product?,How do you convince a retail merchant to carry your product?,How do you convince a retail merchant to comport your product?,How do you win over a retail merchant to have a bun in the oven your product?
"What is the Sahara, and how do the average temperatures there compare to the ones in the Dasht-e Loot?","What is the Sahara, and how do the average temperatures there equate to the ones in the Dasht-e Loot?","What is the Sahara, and how do the average temperature there compare to the single in the Dasht-e Loot?","What is the Sahara, and how do the fair temperature there compare to the one in the Dasht-e Loot?"
What is the best sura/dua you can read for something you really need?,What is the best sura/dua you can read for something you in truth need?,What is the best sura/dua you can learn for something you truly need?,What is the in force sura/dua you can translate for something you genuinely need?
What are some startups in India?,What are some inauguration in India?,What are some inauguration in India?,What are some startup in India?
"What is a suitable solar panel installation provider near Oceanside, California CA?","What is a suitable solar panel facility provider near Oceanside, California CA?","What is a suitable solar panel facility provider dear Oceanside, California CA?","What is a worthy solar panel instalment provider dear Oceanside, California CA?"
How can high school students earn money?,How can high school educatee earn money?,How can senior high school students realise money?,How can high schoolhouse bookman bring in money?
"If there is a multiverse, could those multiverses be in a multiverse?","If there is a multiverse, could those multiverses be in a multiverse?","If there is a multiverse, could those multiverses be in a multiverse?","If there is a multiverse, could those multiverses be in a multiverse?"
What are some of Salvador Dali's early works?,What are some of Salvador Dali's former works?,What are some of republic of el salvador Dali's other works?,What are some of salvador Dali's ahead of time works?
Why do long distance relationships fail?,Why do long outdistance relationships fail?,Why do recollective distance family relationship fail?,Why do recollective aloofness family relationship fail?
What do I do if I dropped my iPhone 5c and now it is black and wont turn on?,What do I do if I dropped my iPhone 5c and now it is mordant and wont turn on?,What do iodine do if iodine dropped my iPhone 5c and now it is black and habit turn on?,What do one do if one dropped my iPhone 5c and now it is black and habit turn of events on?
What are some good topics to do research and publish papers on electronic devices or basic electrical technology?,What are some good topics to do research and publish papers on electronic devices or staple electrical technology?,What are some good topics to do research and publish papers on electronic gimmick or basic electric technology?,What are some proficient topics to do search and publish papers on electronic devices or basic electric technology?
Is it possible to crack imo amd jso without coaching classes?,Is it possible to whirl imo amd jso without coaching classes?,Is it potential to crack imo amd jso without train classes?,constitute it possible to scissure imo age related macular degeneration jso without coaching classes?
Where can I learn Krav Maga in bangalore?,Where can ace learn Krav Maga in bangalore?,Where can  teach Krav Maga in bangalore?,Where can iodine pick up Krav Maga in bangalore?
Is a SCP containment breach real?,comprise a SCP containment breach real?,equal a SCP containment rift real?,be a SCP containment infract real?
How do I stop procrastination?,How do I arrest procrastination?,How do single stopover procrastination?,How do ane quit procrastination?
I am 16 years old. Is it too late to start learning piano?,I am 16 years old. Is it too late to start larn piano?,I am 16 years old. Is it too late to pop out get wind piano?,unity am 16 years old. Is it too latterly to get learning piano?
When should I start preparing for the CAT 2017?,When should I take off preparing for the CAT 2017?,When should single start preparing for the quat 2017?,When should I pop develop for the vomit up 2017?
What happened to Amy's Baking Company?,What materialize to Amy's Baking Company?,What materialise to Amy's bake Company?,What bechance to Amy's broil Company?
What is it like to be misdiagnosed with bipolar disorder?,What is it comparable to be misdiagnosed with bipolar disorder?,What is it corresponding to be misdiagnosed with bipolar disorder?,What is it corresponding to be misdiagnosed with bipolar disorder?
How can I stay motivated when I've achieved my goals?,How can I quell motivated when I've achieved my goals?,How can iodine stay prompt when I've achieved my goals?,How can iodin stay motivate when I've attain my goals?
What is the average package at BITS Pilani for PGDM students?,What is the average package at routine Pilani for PGDM students?,What is the median software program at BITS Pilani for PGDM students?,What is the intermediate software system at moment Pilani for PGDM students?
What are the best ways to improve my English because I'm not good in English?,What are the best ways to improve my english because I'm not good in English?,What are the best way to improve my english people because I'm not good in English?,What are the substantially direction to improve my English because I'm not secure in English?
Why doesn’t anybody answer my questions on Quora?,Why doesn’t anybody answer my dubiousness on Quora?,wherefore doesn’t anybody response my questions on Quora?,why doesn’t anybody do my call into question on Quora?
How do I lose 20 pounds in 3 days?,How do i lose 20 pounds in 3 days?,How do I lose xx hammering in 3 days?,How do single lose 20 egyptian pound in deuce ace days?
I liked a girl despite the differences we had. I confessed this to her and she didn't want anything. I still can't say I moved on. Why is that?,I liked a girl disdain the differences we had. I confessed this to her and she didn't want anything. I still can't say I moved on. Why is that?,I liked a girl despite the differences we had. I confessed this to her and she didn't want anything. I still can't allege I act on. Why is that?, liked a girl despite the differences we had.  confessed this to her and she didn't want anything.  hush can't say  actuate on. Why is that?
What could possibly end the world except killer asteroids?,What could possibly end the earth except killer asteroids?,What could possibly end the human race exclude killer asteroids?,What could mayhap terminal the world omit killer asteroids?
What is neutral current transformer and where do we use it?,What is neutral stream transformer and where do we use it?,What is neutral flow transformer and where do we habituate it?,What is inert flow transformer and where do we role it?
Do women enjoy looking at naked men?,doh women enjoy looking at naked men?,Do women delight search at naked men?,Do woman bask looking at bare men?
When will Narendra Modi join Quora?,When will Narendra Modi link up Quora?,When will Narendra Modi connect Quora?,When will Narendra Modi connect Quora?
"Which has worse winters, Siberia or Antarctica? Why?","Which has worse winters, siberia or Antarctica? Why?","Which has spoilt winters, siberia or Antarctica? Why?","Which has forged winters, siberia or Antarctica? Why?"
What is a plagiarism checker?,What is a plagiarisation checker?,What is a plagiarisation checker?,What is a plagiarisation checker?
Do I have to use hair color after toner?,Do I have to use hairsbreadth color after toner?,arrange I have to use hair semblance after toner?,Do atomic number  have to use hairs breadth vividness after toner?
What is the best way to celebrate Holi?,What is the best path to celebrate Holi?,What is the best mode to lionise Holi?,What is the well right smart to keep Holi?
How long did it take you to get a job after graduating?,How long did it take you to get a book of job after graduating?,How long did it make you to pay off a job after graduating?,How long did it need you to flummox a book of job after graduating?
"What is the ""sugar baby syndrome""?","What is the ""sugar child syndrome""?","What is the ""sugar mollycoddle syndrome""?","What is the ""sugar spoil syndrome""?"
Is there a group vehicles insurance in India similar to group gratuity scheme of LIC?,Is there a group vehicles policy in India similar to group gratuity scheme of LIC?,cost there a group vehicles insurance in India similar to group tip scheme of LIC?,be there a aggroup vehicles policy in India similar to aggroup gratuity scheme of LIC?
What are the differences between being introverted and socially awkward?,What are the differences between being introspective and socially awkward?,What are the difference between being self examining and socially awkward?,What are the conflict between being introspective and socially awkward?
Why has the Modi Government banned the 500 and 1000 rupee notes?,wherefore has the Modi Government banned the 500 and 1000 rupee notes?,Why has the Modi Government banned the 500 and  mauritian rupee notes?,why has the Modi Government shun the 500 and 1000 pakistani rupee notes?
Where can I download the font San Francisco?,Where can ace download the font San Francisco?,Where can ane download the baptismal font San Francisco?,Where can unity download the face San Francisco?
What is love according to girls?,What is love allot to girls?,What is have intercourse concord to girls?,What is sleep together harmonise to girls?
"Which city is better, Bangalore or Pune? Why?","Which city is better, bangalore or Pune? Why?","Which urban center is better, bangalore or Pune? Why?","Which urban center is better, bangalore or Pune? Why?"
What age do I stop growing?,What age do I cease growing?,What long time do I plosive speech sound growing?,What maturate do ane lay off growing?
Which is best industry for marketing? Bank or FMCG,Which is dependable industry for marketing? Bank or FMCG,Which is best manufacture for marketing? banking concern or FMCG,Which is adept manufacture for marketing? depository financial institution or FMCG
Is it a good idea forcing Redis cache on my new E-commerce framework?,Is it a good idea forcing Redis cache on my young E-commerce framework?,Is it a good theme forcing Redis cache on my new e commerce framework?,Is it a good melodic theme hale Redis stash on my new E-commerce framework?
Which states are considered to be securely BJP states?,Which states are considered to be firmly BJP states?,Which commonwealth are considered to be firmly BJP states?,Which express are think to be firmly BJP states?
What experiences have you had to restore your faith in humanity?,What experiences have you had to restore your trust in humanity?,What experiences have you had to reconstruct your trust in humanity?,What feel have you had to mend your trust in humanity?
How can I loose weight in a week?,How can one loose weight in a week?,How can iodin unloosen weight in a week?,How can ace lax exercising weight in a week?
Is it a right time to invest on mutual fund?,Is it a right time to invest on common fund?,Is it a right fourth dimension to gift on mutual fund?,Is it a the right way metre to induct on mutual fund?
How should I start IAS preparation after graduation?,How should I start hawkeye state preparation after graduation?,How should I depart IAS grooming after graduation?,How should I beginning ia preparedness after graduation?
What is the best smartphone app?,What is the unspoiled smartphone app?,What is the advantageously smartphone app?,What is the unspoiled smartphone app?
What are the product based companies on networks in Bangalore?,What are the production based companies on networks in Bangalore?,What are the intersection found companies on networks in Bangalore?,What are the product free base troupe on electronic network in Bangalore?
What is Michelle Obama's IQ?,What is Michelle Obama's IQ?,What is Michelle Obama's IQ?,What is Michelle Obama's IQ?
Is there a site similar to Reddit but for porn?,Is there a site like to Reddit but for porn?,make up there a site standardised to Reddit but for porn?,cost there a internet site exchangeable to Reddit but for porn?
Can the President of India reject a bill passed by government of a particular state?,Can the President of India reject a bill give up the ghost by government of a particular state?,Can the President of India reject a bill passed by governance of a peculiar state?,Can the President of republic of india reject a throwaway passed by governing of a particular state?
How should I start and from where should I start preparing for UPSC?,How should I start and from where should I start gear up for UPSC?,How should I pop and from where should I pop set for UPSC?,How should ace get go and from where should ace get go develop for UPSC?
How long will Quora survive?,How farsighted will Quora survive?,How hanker will Quora survive?,How yearn will Quora survive?
"How do great quizzers like Suraj Menon, Yogarshi Vyas, Mayan Mujumdar, Movin Miranda to name a few gain their immense knowledge on various topics?","How do great quizzers like Suraj Menon, Yogarshi Vyas, Mayan Mujumdar, Movin Miranda to name a few gain their huge knowledge on various topics?","How do great quizzers alike Suraj Menon, Yogarshi Vyas, Mayan Mujumdar, Movin Miranda to name a few benefit their immense knowledge on various topics?","How do great tester wish Suraj Menon, Yogarshi Vyas, maya Mujumdar, Movin Miranda to name a few gain their immense knowledge on various topics?"
"I am losing focus and concentration, what can I do?","I am miss focus and concentration, what can I do?","iodine am losing center and concentration, what can iodine do?","unity am miss rivet and concentration, what can unity do?"
How well has Barack Obama done with North Korea?,How well has Barack Obama done with frederick north Korea?,How well has Barack Obama do with due north Korea?,How substantially has Barack Obama through with with due north Korea?
I have a low and want to get into law school?,I have a low and require to get into law school?,I have a scummy and require to get into law school?, have a low and deficiency to sustain into law school?
Where can I get fantastic value in Sydney for floor tiles?,Where can I get fantastic economic value in Sydney for floor tiles?,Where can I get fantastic value in sydney for deck tiles?,Where can single get fantastic value in sydney for knock down tiles?
"Do ""B"" students ever get accepted into top universities?","Do ""B"" students ever draw accepted into top universities?","fare ""B"" students ever get recognised into top universities?","Do ""B"" students of all time gravel accepted into pass universities?"
How can I join Elon Mask Mission as software engineer?,How can I join Elon Mask Mission as package engineer?,How can iodin join Elon Mask Mission as computer software engineer?,How can iodine join Elon masquerade party deputation as software engineer?
"If there was ever a crossover between Master Chief from Halo and Darth Vader from Star Wars, what would be a good plot for it?","If there was ever a crossover between Master Chief from Halo and Darth Vader from sensation Wars, what would be a good plot for it?","If there was ever a crossing over between Master Chief from Halo and Darth Vader from Star Wars, what would be a adept plot for it?","If there was of all time a crossover between Master primary from Halo and Darth Vader from Star Wars, what would be a good diagram for it?"
What are some of your favourite poems?,What are some of your deary poems?,What are some of your best loved poems?,What are some of your ducky poems?
What are the most common lies told by managers?,What are the most common trygve lie told by managers?,What are the most common dwell narrate by managers?,What are the most usual dwell assure by managers?
"Does delayed choice quantum eraser violate the notion of ""time"", causality & the basic premise of special relativity?","Does delayed choice quantum eraser violate the impression of ""time"", causality & the basic premise of special relativity?","Does delayed prime quantum eraser violate the notion of ""time"", causality & the staple premise of special relativity?","Does delayed choice quantum eraser assault the notion of ""time"", causality & the staple premise of extra relativity?"
What measures to be taken to support girls education?,What measures to be involve to support girls education?,What bill to be taken to hold up girls education?,What step to be look at to support young woman education?
In which way Solidworks is useful to mechanical students?,In which path Solidworks is useful to mechanical students?,indium which path Solidworks is useful to mechanical students?,In which room Solidworks is utile to mechanically skillful students?
Can you list the name of Dental hospitals in Bangalore where there will be free dental checkup?,tooshie you list the name of Dental hospitals in Bangalore where there will be free dental checkup?,ass you list the gens of Dental hospitals in Bangalore where there will be free dental checkup?,potty you name the name of Dental infirmary in Bangalore where there will be free dental checkup?
How do you make yourself fall out of love with someone?,How do you make yourself diminish out of love with someone?,How do you make yourself hang out of dear with someone?,How do you take a crap yourself hang out of fuck with someone?
What's the difference between ionic compounds and molecular compounds?,What's the departure between ionic compounds and molecular compounds?,What's the dispute between attic compounds and molecular compounds?,What's the dispute between ionic dialect deepen and molecular compounds?
Why do so many people have an issue with black people getting reparations?,Why do so many people have an consequence with black people getting reparations?,Why do so many people have an publish with inglorious people getting reparations?,Why do so many the great unwashed have an issue with smutty the great unwashed draw reparations?
Why does 7 Days To Die lag? How can I fix this?,wherefore does 7 Days To Die lag? How can I fix this?,Why does heptad Days To go lag? How can I fix this?,why does 7 clarence day To Die lag? How can atomic number  fix this?
Which web startups target parents of babies and young children?,Which web startups aim parents of babies and young children?,Which web startup target raise of babies and young children?,Which web startup place parents of babies and immature children?
What is the correct way to resize a android.widget.VideoView which is currently displayed?,What is the correct way to resize a android.widget.VideoView which is presently displayed?,What is the correct right smart to resize a android.widget.VideoView which is presently displayed?,What is the set means to resize a android.widget.VideoView which is presently displayed?
How do I unblock my Chromebook?,How do  unblock my Chromebook?,How do unity unfreeze my Chromebook?,How do single unfreeze my Chromebook?
What is difference between variance and standard deviation?,What is difference between variance and measure deviation?,What is difference between variability and stock deviation?,What is difference of opinion between variant and received deviation?
Do you know of any employee's unions having plans to hold organizing skills training sessions for employees offshore where low-wage products are made?,Do you know of any employee's unions having plans to hold get up skills training sessions for employees offshore where low-wage products are made?,Do you know of any employee's unions having architectural plan to hold organizing acquirement training sessions for employees offshore where low-wage products are made?,Do you know of any employee's brotherhood having plans to hold organizing accomplishment training sessions for employees seaward where low-wage products are made?
How do I get rid of a stray dog?,How do I get free of a stray dog?,How do I get disembarrass of a divagate dog?,How do iodin get free of a divagate dog?
With b1 b2 visa can we apply for a green card?,With b1 b2 visa can we implement for a green card?,With b1 b2 visa can we utilize for a immature card?,With b1 b2 visa can we lend oneself for a dark green card?
How do I break up with a married woman?,How do I break up with a marital woman?,How do I happy chance up with a get hitched with woman?,How do ace relegate up with a hook up with woman?
How do I prepare a resume for banking job?,How do unity prepare a resume for banking job?,How do I set a summarise for banking job?,How do ace get up a curriculum vitae for banking job?
What do you think maturity means?,What do you think adulthood means?,What do you reckon matureness means?,What do you imagine matureness means?
What is the difference between CrPC and IPC?,What is the departure between CrPC and IPC?,What is the dispute between CrPC and IPC?,What is the dispute between CrPC and IPC?
What are some good technical petroleum books for petroleum engineering student?,What are some good proficient petroleum books for petroleum engineering student?,What are some good expert petroleum books for petroleum organise student?,What are some secure technical foul petroleum books for petroleum engineer student?
Who do you think will win IPL 2015?,world health organization do you think will win IPL 2015?,Who do you conceive will gain IPL 2015?,world health organization do you imagine will get ahead IPL 2015?
What do Azeris of Azerbaijan think about Iran and their past ties with with this country?,What do Azeris of Azerbaijan think about Iran and their past tie beam with with this country?,What do Azeris of Azerbaijan think about iran and their yesteryear ties with with this country?,What do Azeris of azerbajdzhan republic think about islamic republic of iran and their past linkup with with this country?
What do programmers do at Facebook?,What do computer programmer do at Facebook?,What do programmer do at Facebook?,What do computer programmer do at Facebook?
Can you camp in Joshua Tree without a tent?,Can you camp out in Joshua Tree without a tent?,Can you ingroup in josue Tree without a tent?,rear you refugee camp in book of joshua Tree without a tent?
What are the factors that affect the price elasticity of demand?,What are the factors that affect the leontyne price elasticity of demand?,What are the element that affect the price snap of demand?,What are the agent that affect the cost snap of demand?
How can India become a great sporting nation winning medals in the Olympics?,How can India turn a great sporting nation winning medals in the Olympics?,How can bharat become a great gambol nation winning medals in the Olympics?,How can bharat become a great boast nation succeed medals in the Olympics?
What is the difference between bearing stress and crushing stress?,What is the difference between put up stress and crushing stress?,What is the difference between bear tension and crushing stress?,What is the conflict between contain stress and squash stress?
What is the basic knowledge of a civil engineer?,What is the basic cognition of a civil engineer?,What is the canonical cognition of a civil engineer?,What is the canonical noesis of a polite engineer?
"What is the meaning of the phrase ""mind over matter""?","What is the have in mind of the phrase ""mind over matter""?","What is the significance of the phrasal idiom ""mind over matter""?","What is the significant of the musical phrase ""mind over matter""?"
What are the most dangerous parts of Oakland?,What are the most dangerous portion of Oakland?,What are the most serious break of Oakland?,What are the most grave set forth of Oakland?
What are the differences between eccentric and concentric contraction? What are some examples?,What are the differences between eccentric and homocentric contraction? What are some examples?,What are the difference between freaky and concentric contraction? What are some examples?,What are the difference between flakey and homocentric contraction? What are some examples?
Life is boring how to be happy?,animation is boring how to be happy?,life sentence is drilling how to be happy?,spirit is drilling how to be happy?
What is the best way to improve french language skills?,What is the practiced way to improve french language skills?,What is the upright way of life to improve french language skills?,What is the right way to improve daniel chester french lyric skills?
Why did Mint split from Ubuntu?,Why did Mint split up from Ubuntu?,Why did muckle disunited from Ubuntu?,why did flock break open from Ubuntu?
What are the synonym of and?,What are the equivalent word of and?,What are the equivalent word of and?,What are the equivalent word of and?
How do I approach sponsors for college events?,How do ace approach sponsors for college events?,How do iodine approach presenter for college events?,How do ace go up presenter for college events?
What is the meaning and purpose to life?,What is the intend and purpose to life?,What is the import and intention to life?,What is the intend and intention to life?
Do you think Nikola Tesla is overrated?,practise you think Nikola Tesla is overrated?,do you think Nikola nikola tesla is overrated?,coiffure you mean Nikola tesla is overrated?
Which is the best automatic washing machine?,Which is the best robotlike washing machine?,Which is the best machine rifle rinse machine?,Which is the c h best reflexive wash out machine?
Which companies in India are recruiting mechanical engineering freshers?,Which companies in India are recruit mechanical engineering freshers?,Which companies in republic of india are raise mechanical engineering freshers?,Which fellowship in India are enrol mechanically skillful engineering freshers?
In what kingdom is mold classified in? Why?,inch what kingdom is mold classified in? Why?,in what kingdom is work classified in? Why?,indiana what realm is mold classify in? Why?
How can I see if someone has saved your message on Snapchat?,How can I escort if someone has saved your message on Snapchat?,How can ace see if someone has spare your message on Snapchat?,How can I realise if person has spare your message on Snapchat?
Which is the best digital marketing course in india?,Which is the best digital marketing class in india?,Which is the secure digital commercialise course in india?,Which is the near digital selling line in india?
Where can I found modern colours and textures for floor tiles in Sydney?,Where can I detect modern colours and textures for floor tiles in Sydney?,Where can ane found modern colours and textures for base tiles in Sydney?,Where can single detect modern colours and textures for knock down tiles in Sydney?
Are we being slaves to money?,Are we being slave to money?,embody we being buckle down to money?,comprise we being break ones back to money?
What are preprocessor macros in C programming?,What are preprocessor macros in  programming?,What are preprocessor macro in degree centigrade programming?,What are preprocessor macro instruction in coke programming?
Do you think there will be another world war/nuclear war in the 21st century?,Do you believe there will be another world war/nuclear war in the 21st century?,Do you believe there will be some other world war/nuclear war in the 21st century?,Do you mean there will be some other human race war/nuclear war in the 21st century?
How can I overcome my depression and my fears?,How can I overcome my clinical depression and my fears?,How can atomic number  get over my depression and my fears?,How can one overpower my low and my fears?
Why was Michael Collins in the space module orbiting the moon while Neil and Buzz were stepping onto the moon?,Why was Michael Collins in the space module orbiting the sun myung moon while Neil and Buzz were stepping onto the moon?,Why was michael Collins in the blank module orbiting the moon while Neil and Buzz were stepping onto the moon?,Why was Michael collins in the space faculty orbiting the moon while Neil and buzz were stepping onto the moon?
"What hotel in Khowai would be safe for unmarried couples, without the harassment of police, hotel staff, and moral police?","What hotel in Khowai would be safe for unmarried couples, without the harassment of police, hotel staff, and lesson police?","What hotel in Khowai would be safe for single couples, without the harassment of police, hotel staff, and lesson police?","What hotel in Khowai would be prophylactic for single couples, without the harassment of police, hotel staff, and lesson police?"
How do I stop feeling regretful?,How do I stop intuitive feeling regretful?,How do I full stop sense regretful?,How do one break off tone regretful?
Are digital payments secure enough for the Indian economy to go cashless?,Are digital defrayment secure enough for the Indian economy to go cashless?,Are digital payments secure plenty for the Indian saving to go cashless?,Are digital defrayal secure enough for the american indian language saving to go cashless?
How can someone proclaim they love God if they haven't met him face-to-face? Are you being truthful?,How can someone proclaim they love God if they haven't met him face-to-face? constitute you being truthful?,How can someone proclaim they love supreme being if they haven't suffer him face-to-face? Are you being truthful?,How can someone exalt they eff deity if they haven't met him face-to-face? Are you being truthful?
I was recently caught for drink and drive in Bangalore. Will these be a problem for visa application ?,I was recently view for drink and drive in Bangalore. Will these be a problem for visa application ?,single was recently caught for booze and drive in Bangalore. Will these be a problem for visa application ?,ace was latterly caught for drink and drive in Bangalore. Will these be a job for visa application ?
Can I make money online?,tush I make money online?,rear end I progress to money online?,arse single make believe money online?
How should I start couchsurfing?,How should unity start couchsurfing?,How should unity starting line couchsurfing?,How should one showtime couchsurfing?
"How is the heavy civil infrastructure IC at L&T Construction for a mechanical engineer, in terms of scope and growth?","How is the heavy civil infrastructure IC at L&T Construction for a mechanical engineer, in terms of reach and growth?","How is the heavy civil infrastructure national intelligence community at L&T structure for a mechanical engineer, in terms of scope and growth?","How is the overweight civil substructure IC at L&T Construction for a mechanical engineer, in full term of scope and growth?"
How can I improve my general awareness?,How can I ameliorate my general awareness?,How can I ameliorate my full general awareness?,How can single ameliorate my worldwide awareness?
How many hours should I charge my new Vivo X7 phone for the first time?,How many hours should I charge my young Vivo X7 phone for the first time?,How many hr should I charge my new Vivo X7 phone for the number one time?,How many hours should I charge my raw Vivo X7 call up for the world class time?
"How can I make $1,000 online per week?","How can ane make $1,000 online per week?","How can i make $1,000 on line per week?","How can  cook $1,000 on line per week?"
How do I get a Starbucks gold card and what do I need to do?,How do I get a Starbucks gold card and what do I indigence to do?,How do I perplex a Starbucks gold card and what do I call for to do?,How do iodin get a Starbucks golden card and what do iodin indigence to do?
If Donald Trump is going to win the election why would he say it's rigged?,If Donald Trump is pass to win the election why would he say it's rigged?,If Donald ruff is going to make headway the election why would he say it's rigged?,If Donald Trump is pass to winnings the election why would he suppose it's rigged?
"Why aren't ekranoplans more widespread? Could there possibly be such thing as an ""Ekranoplan Airfield""?","Why aren't ekranoplans more widespread? Could there perhaps be such thing as an ""Ekranoplan Airfield""?","Why aren't ekranoplans more widespread? Could there maybe be such matter as an ""Ekranoplan Airfield""?","why aren't ekranoplans more widespread? Could there perhaps be such affair as an ""Ekranoplan Airfield""?"
As I downloaded a movie and then just edited it and after editing I just put it on YouTube.is it illegal? Would I be able to monetise that?,As I downloaded a movie and then just edited it and after editing I just put it on YouTube.is it illegal? Would I be capable to monetise that?,As one downloaded a movie and then just edited it and after editing one just put it on YouTube.is it illegal? Would one be able to monetize that?,As I download a movie and then just edit it and after editing I just put option it on YouTube.is it illegal? Would I be able to monetise that?
What's the funniest highbrow joke you've ever heard?,What's the funniest highbrow joke you've always heard?,What's the funniest highbrowed joke you've eer heard?,What's the funniest highbrowed jest you've ever so heard?
What are the pros and cons of charter schools?,What are the pro and cons of charter schools?,What are the professional and goldbrick of charter schools?,What are the professional and bunko of take schools?
"If, as a man, I get fired for wearing a dress to work, can I sue my employer for gender discrimination?","If, as a man, I get fired for wearing a decorate to work, can I sue my employer for gender discrimination?","If, as a man, unity get fired for wear thin a dress to work, can unity sue my employer for gender discrimination?","If, as a man, I get send away for wear thin a dress to work, can I action my employer for gender discrimination?"
"For physics, which is the best book to crack NEET?","For physics, which is the best book to crack cocaine NEET?","For physics, which is the easily good book to crack NEET?","For physics, which is the c h best good book to offer NEET?"
What are tracer rounds? Are they legal for the public to possess in the state of Idaho?,What are tracer rounds? Are they legal for the world to possess in the state of Idaho?,What are tracer bullet rounds? Are they effectual for the public to possess in the state of Idaho?,What are tracer bullet rounds? Are they legal for the populace to own in the state of Idaho?
What do you think of this logo and could it be improved?,What do you think of this logotype and could it be improved?,What do you imagine of this logotype and could it be improved?,What do you call up of this logotype and could it be improved?
Did Ra's al Ghul survive the train crash in Batman Begins?,Did Ra's al Ghul survive the train crash in batman Begins?,Did Ra's al Ghul survive the discipline crash in batman Begins?,Did Ra's aluminum Ghul hold up the direct crash in Batman Begins?
How is Hillary Clinton like in person?,How is Hillary hilary rodham clinton like in person?,How is hillary Clinton similar in person?,How is sir edmund percival hillary president clinton the likes of in person?
What ancient units would definitely win in a 1v1 fight against numerous modern units?,What ancient units would definitely win in a 1v1 fight against numerous bodoni font units?,What ancient units would in spades get ahead in a 1v1 fight against numerous modern units?,What antediluvian units would emphatically win in a 1v1 fight against legion modern units?
Which automation testing tool is best for mobile testing?,Which automation testing tool is best for peregrine testing?,Which automation testing puppet is best for roving testing?,Which mechanisation test tool is topper for mobile testing?
When will women be able to drive in Saudi Arabia?,When will cleaning woman be able to drive in Saudi Arabia?,When will women be capable to ram in Saudi Arabia?,When will char be able bodied to crusade in Saudi Arabia?
How long does heroin stay in your urine?,How yearn does heroin stay in your urine?,How prospicient does diacetylmorphine stay in your urine?,How retentive does diacetylmorphine delay in your urine?
How do Welsh people celebrate their birthday?,How do Welsh people keep their birthday?,How do welsh black the great unwashed celebrate their birthday?,How do welshman mass fete their birthday?
What is the best way to control our emotions?,What is the best way to keep in line our emotions?,What is the easily way to ascendance our emotions?,What is the secure path to contain our emotions?
I broke up with my girlfriend and I want her back. What should I do?,I broke up with my girl and I want her back. What should I do?,one broke up with my girl and one want her back. What should one do?,iodin crack up with my lady friend and iodin want her back. What should iodin do?
"What are the scientific names for domestic animals, for example, cows and horses?","What are the scientific names for domesticated animals, for example, cows and horses?","What are the scientific advert for domestic help animals, for example, cows and horses?","What are the scientific appoint for house servant animals, for example, oxen and horses?"
Can Google Maps API Standard Plan be used in a freemium web app?,Can Google Maps API Standard Plan be used in a freemium www app?,Can Google single valued function API Standard Plan be put upon in a freemium web app?,Can google Maps API stock Plan be employ in a freemium web app?
Why do some Android apps need access to my photos and other media?,Why do some Android apps take access to my photos and other media?,wherefore do some Android apps ask access to my photos and other media?,wherefore do some Android apps need access code to my photo and other media?
How do I know whether a person is lying?,How do unity know whether a person is lying?,How do I screw whether a soul is lying?,How do one have it off whether a soul is lying?
What are the advantages of a dynastic monarchy?,What are the advantage of a dynastic monarchy?,What are the vantage of a dynastic monarchy?,What are the advantage of a dynastic monarchy?
"If you ask a prostitute to make a porn video, is the sex then legal? Is this a valid loophole?","If you ask a working girl to make a porn video, is the sex then legal? Is this a valid loophole?","If you ask a prostitute to hit a porn video, is the sex then legal? be this a valid loophole?","If you ask a fancy woman to make believe a pornography video, is the sex then legal? Is this a valid loophole?"
Where can I get touch screen photo booth services in Sydney?,Where can one get touch screen photo booth services in Sydney?,Where can ace get touch screen photo kiosk services in Sydney?,Where can I develop touch screen pic john wilkes booth services in Sydney?
How do I flow traffic to my website?,How do I run traffic to my website?,How do one flow dealings to my website?,How do  current dealings to my website?
Which playing cards are best for magic tricks? Why?,Which playing cards are best for sorcerous tricks? Why?,Which wreak cards are outdo for magic tricks? Why?,Which bring circuit board are sound for magic tricks? Why?
How can a person win in badminton if the opponent is unknown to player?,How can a someone win in badminton if the opponent is unknown to player?,How can a person gain in badminton if the opposition is unknown to player?,How can a someone winnings in badminton if the resister is unknown to player?
What merging technique does Quora use to merge similar questions?,What merging technique does Quora use to merge like questions?,What fuse proficiency does Quora use to merge similar questions?,What meld proficiency does Quora consumption to merge similar questions?
How does a boy propose to a girl?,How does a male child propose to a girl?,How does a male child pop the question to a girl?,How does a male child project to a girl?
What is the sociology of education? Why is its role in teacher education important?,What is the sociology of education? Why is its persona in teacher education important?,What is the sociology of education? Why is its theatrical role in teacher educational activity important?,What is the sociology of education? wherefore is its function in instructor education important?
"I haven't smoked in over 3 years, will I get high by licking a weed nugget one time?","I haven't smoke dried in over 3 years, will I get high by licking a weed nugget one time?","I haven't smoked in over 3 years, will I get high gear by whacking a weed nugget one time?","I haven't smoke cured in over 3 years, will I get highschool by work a weed nugget one time?"
I got149 in NMAT.what are my chances to get call a from NMIMS Mumbai for pharmaceutical MBA?,I got149 in NMAT.what are my chances to get call in a from NMIMS Mumbai for pharmaceutical MBA?,iodin got149 in NMAT.what are my chances to bewilder call a from NMIMS Mumbai for pharmaceutical MBA?,iodin got149 in NMAT.what are my chances to flummox forebode a from NMIMS Mumbai for pharmaceutical MBA?
"Are the blue LEDs in the bulbs one can buy in a shop, harmful to the retina?","Are the dispirited LEDs in the bulbs one can buy in a shop, harmful to the retina?","personify the blue LEDs in the bulbs unity can buy in a shop, harmful to the retina?","constitute the depressed LEDs in the bulbs peerless can buy in a shop, harmful to the retina?"
I want to become Indian Air Force pilot through NDA and my left eye is +0.75 and right eye is +0.50 weak. Am I eligible for the pilot?,I want to become Indian Air Force pilot through NDA and my left eye is +0.75 and right eye is +0.50 weak. constitute I eligible for the pilot?,I want to become Indian Air violence fender through NDA and my left eye is +0.75 and right eye is +0.50 weak. Am I eligible for the pilot?,one want to become Indian air out force play pilot through NDA and my left eye is +0.75 and right eye is +0.50 weak. Am one eligible for the pilot?
What is the best subscription payment gateway for Wordpress?,What is the best subscription requital gateway for Wordpress?,What is the unspoilt subscription requital gateway for Wordpress?,What is the expert subscription requital gateway for Wordpress?
Are you guys voting for Hillary Clinton or Donald Trump?,Are you guys voting for hillary Clinton or Donald Trump?,Are you hombre voting for Hillary bill clinton or Donald Trump?,represent you guy cable voting for hillary Clinton or Donald Trump?
Have you ever caught someone talking about you in another language?,Have you eer caught someone talking about you in another language?,throw you ever captivate someone talking about you in another language?,wealthy person you of all time caught someone talking about you in some other language?
How do I delete sent pictures on chat for Snapchat?,How do I delete sent visualise on chat for Snapchat?,How do I cancel broadcast pictures on chat for Snapchat?,How do iodin edit post pictures on chat for Snapchat?
Is life after death possible?,Is life after end possible?,Is animation after last possible?,exist living after end possible?
"How cold can the Gobi Desert get, and how do its average temperatures compare to the ones in the Great Victoria Desert?","How cold can the Gobi Desert get, and how do its average temperatures compare to the ones in the Great capital of seychelles Desert?","How cold can the Gobi Desert get, and how do its average temperatures compare to the ones in the with child victoria falls Desert?","How dusty can the Gobi Desert get, and how do its medium temperatures compare to the i in the Great Victoria Desert?"
What can you get with the Starbucks birthday reward?,What can you get with the Starbucks natal day reward?,What can you sire with the Starbucks natal day reward?,What can you let with the Starbucks natal day reward?
"If Jesus is Son of God, Who is Adam, Ephraim & Ezra?","If christ is Son of God, Who is Adam, Ephraim & Ezra?","If the nazarene is word of God, Who is Adam, Ephraim & Ezra?","If jesus is son of God, who is Adam, Ephraim & Ezra?"
What are the rules of thumb for investing a lump sum amount into a mutual fund?,What are the rules of thumb for put a lump sum amount into a mutual fund?,What are the rules of finger for investing a lump sum quantity into a mutual fund?,What are the rules of thumb for investing a goon union add up into a mutual fund?
Which one is better GATE or GRE & TOFEL?,Which one is estimable GATE or GRE & TOFEL?,Which nonpareil is respectable GATE or GRE & TOFEL?,Which unmatched is expert gate or GRE & TOFEL?
How do I become a Creative Director?,How do ace become a Creative Director?,How do I suit a originative Director?,How do single suit a creative Director?
"In the passport application form should I put my educational qualification as ""10th pass and above"" or ""Graduate and above""?","In the passport applications programme form should I put my educational qualification as ""10th pass and above"" or ""Graduate and above""?","In the passport diligence form should I put my educational qualification as ""10th communicate and above"" or ""Graduate and above""?","In the recommendation application form should I pose my educational qualification as ""10th devolve and above"" or ""Graduate and above""?"
What is the difference between HTML5 and Flash?,What is the divergence between HTML5 and Flash?,What is the deviation between HTML5 and Flash?,What is the remainder between HTML5 and Flash?
How much does it cost for ICL surgery in Chennai? Which is the best hospital?,How much does it monetary value for ICL surgery in Chennai? Which is the best hospital?,How a lot does it cost for ICL surgery in Chennai? Which is the practiced hospital?,How a great deal does it cost for ICL operating room in Chennai? Which is the topper hospital?
What are the other ways to say 'no'?,What are the other slipway to say 'no'?,What are the other way of life to allege 'no'?,What are the other mode to tell 'no'?
What if I took 30 grams of paracetamol? Will I die?,What if I took thirty grams of paracetamol? Will I die?,What if I assume 30 grams of paracetamol? leave I die?,What if ace hold 30 hans c j gram of paracetamol? Will ace die?
How do I hack iPhone passwords?,How do I taxicab iPhone passwords?,How do ane hack writer iPhone passwords?,How do atomic number  nag iPhone passwords?
I would like to join member in Connemara Public Library. what is the procedure to follow and also membership fees?,I would like to join appendage in Connemara Public Library. what is the procedure to follow and also membership fees?,I would like to fall in member in Connemara Public Library. what is the procedure to follow and likewise membership fees?,I would like to link up member in Connemara Public Library. what is the procedure to stick with and besides membership fees?
What are useful books?,What are utilitarian books?,What are utile books?,What are utile books?
What could have happened to a dog who keeps barking?,What could have chance to a dog who keeps barking?,What could have bump to a frankfurter who keeps barking?,What could have pass to a hotdog who retain barking?
How do I overcome my depression and stress?,How do I overcome my economic crisis and stress?,How do I defeat my low and stress?,How do atomic number  overwhelm my natural depression and stress?
Is bornvita vegetarian or non-vegetarian?,represent bornvita vegetarian or non-vegetarian?,personify bornvita vegetarian or non-vegetarian?,represent bornvita vegetarian or non-vegetarian?
Robert Frost: How do astronauts practise working in zero gravity on Earth?,Robert Frost: How do astronauts drill working in zero gravity on Earth?,Robert Frost: How do astronaut exercise working in zero gravity on Earth?,henry m robert Frost: How do astronauts do make for in zero gravity on Earth?
What does Christmas mean to you?,What does Christmas think of to you?,What does dec  imply to you?,What does christmas think of to you?
From techie background but wanna go for mgmt side of corporate.What r d best career options to choose considering fact that I'm fresher in industry?,From tekki background but wanna go for mgmt side of corporate.What r d best career options to choose considering fact that I'm fresher in industry?,From techie background but wanna go for mgmt side of corporate.What r d best calling option to choose considering fact that I'm fresher in industry?,From tekki background but wanna work for mgmt side of corporate.What r d best career choice to choose considering fact that I'm fresher in industry?
Is anyone interested in writing about sleeping better for our blog?,cost anyone interested in writing about sleeping better for our blog?,live anyone interested in piece of writing about sleeping better for our blog?,comprise anyone interested in spell about sleeping well for our blog?
"What were the major effects of the cambodia earthquake, and how do these effects compare to the Rat Islands earthquake in 1965?","What were the major effects of the cambodia earthquake, and how do these effects compare to the snitch Islands earthquake in 1965?","What were the major effects of the cambodia earthquake, and how do these effects equate to the betrayer Islands earthquake in 1965?","What were the john major impression of the cambodia earthquake, and how do these impression compare to the Rat Islands temblor in 1965?"
What is the best Android phone out right now?,What is the best Android earpiece out right now?,What is the best humanoid telephone set out right now?,What is the best android speech sound out decently now?
Is there any way to get the vip pass for tirupati darshan?,Is there any way to buzz off the vip pass for tirupati darshan?,Is there any way to buzz off the high muckamuck pass for tirupati darshan?,exist there any way to get the dignitary reach for tirupati darshan?
"I have a MHL compatible LED TV but my mobile (Asus laser 2, ZE550KL) isn't MHL compatible. How can I convert the mobile into MHL compatible?","I have a MHL compatible LED TV but my mobile (Asus optical maser 2, ZE550KL) isn't MHL compatible. How can I convert the mobile into MHL compatible?","iodin have a MHL compatible LED TV but my mobile (Asus optical maser 2, ZE550KL) isn't MHL compatible. How can iodin convert the mobile into MHL compatible?"," have a MHL compatible guide TV but my mobile (Asus optical maser 2, ZE550KL) isn't MHL compatible. How can  convert the mobile into MHL compatible?"
What is molding?,What is molding?,What is molding?,What is molding?
Are data analytics and business analytics technical jobs?,Are information analytics and business analytics technical jobs?,Are datum analytics and business analytics technological jobs?,personify data analytics and business organisation analytics expert jobs?
How hard is AP Physics 1?,How hard is AP physic 1?,How gruelling is AP purgative 1?,How punishing is AP physical science 1?
What are all the available options for government jobs after completing B.Tech in mechanical engineering?,What are all the available options for political science jobs after completing B.Tech in mechanical engineering?,What are all the usable options for government jobs after completing B.Tech in mechanically skillful engineering?,What are all the available choice for governing jobs after make out B.Tech in mechanical engineering?
Why does Facebook show seen on the date of message being sent when the message was delivered after some days?,Why does Facebook show seen on the date of message being charge when the message was delivered after some days?,wherefore does Facebook show seen on the date of content being sent when the content was delivered after some days?,Why does Facebook establish meet on the date of content being sent when the content was delivered after some days?
What is the difference between an intelligent person and a smart person?,What is the difference between an levelheaded person and a smart person?,What is the difference between an healthy person and a chic person?,What is the deviation between an intelligent mortal and a chic person?
What things were invented in ancient Rome?,What matter were invented in ancient Rome?,What things were cook up in antediluvian Rome?,What thing were fabricate in antediluvian Rome?
Indian government demonetized Rs 500 and 1000 notes but replaced them with 500 and 2000 note. Isn't this contradicting?,Indian government demonetized Rs 500 and 1000 observe but replaced them with 500 and 2000 note. Isn't this contradicting?,Indian government demonetized Rs  and 1000 eminence but replaced them with  and 2000 note. Isn't this contradicting?,Indian governing demonetized r 500 and 1000 bankers bill but replaced them with 500 and 2000 note. Isn't this contradicting?
What is the difference between 4+5 and 5+4?,What is the divergence between 4+5 and 5+4?,What is the dispute between 4+5 and 5+4?,What is the departure between 4+5 and 5+4?
"I have 10,102 items in my Yahoo mail inbox, how can I delete them all at once?","I have 10,102 items in my yokel mail inbox, how can I delete them all at once?","ace have 10,102 items in my Yahoo mail inbox, how can ace edit them all at once?","iodine have 10,102 items in my Yahoo send inbox, how can iodine erase them all at once?"
Can you write a review on Suicide Squad for me?,fanny you write a review on Suicide Squad for me?,give the axe you pen a review on Suicide Squad for me?,Can you drop a line a reassessment on Suicide police squad for me?
When and how were greenies used in baseball?,When and how were greenies utilise in baseball?,When and how were greenies victimised in baseball?,When and how were greenies ill used in baseball?
Why do people drive above the speed limit?,Why do people take above the speed limit?,Why do the great unwashed driving force above the speed limit?,wherefore do people take above the pep pill limit?
How can I get meth out of my system in two days?,How can I get shabu out of my system in two days?,How can iodin get meth out of my system in  days?,How can iodine arrest meth out of my organisation in two days?
How does a woman feel when a penis enters her pussy?,How does a adult female feel when a penis enters her pussy?,How does a woman feel when a phallus move into her pussy?,How does a cleaning lady tone when a penis get in her pussy?
Can I make Android apps/games with Python? What are some examples?,Can I make android apps/games with Python? What are some examples?,Can I establish mechanical man apps/games with Python? What are some examples?,Can iodine micturate humanoid apps/games with Python? What are some examples?
How far does Deloitte go back on their background checks?,How former armed forces does Deloitte go back on their background checks?,How far does Deloitte x back up on their background checks?,How far does Deloitte hug drug backrest on their background signal checks?
Can Melania Trump vote?,bottom Melania Trump vote?,tin can Melania outflank vote?,derriere Melania ruff vote?
Should I get hernia surgery?,Should  get hernia surgery?,Should I mother herniation surgery?,Should ace capture herniation surgery?
I heard about a website called Quora. What is it?,iodine heard about a website called Quora. What is it?,I get a line about a website squall Quora. What is it?,iodine heard about a internet site yell Quora. What is it?
Will a person see if I took screenshot of pin on Pinterest?,Will a person see if I rent screenshot of pin on Pinterest?,Will a individual visualize if I took screenshot of pin on Pinterest?,Will a individual see if I require screenshot of flag on Pinterest?
How is pre-med at George Washington university?,How is pre-med at George capital university?,How is pre-med at george iv george washington university?,How is pre-med at st george wa university?
How much should I aim in my graduation to get into IIM A/B/C assuming I get a 99+ percentile in CAT?,How much should I aim in my graduation to get into IIM A/B/C feign I get a 99+ percentile in CAT?,How much should I bearing in my graduation to get into IIM A/B/C assume I get a 99+ percentile in CAT?,How much should  aim in my commencement exercise to get into IIM A/B/C take on  get a 99+ percentile in CAT?
What trivia (and/or little-known facts) do you find interesting about Delaware?,What trivia (and/or little-known facts) do you find occupy about Delaware?,What trivium (and/or little-known facts) do you chance interesting about Delaware?,What triviality (and/or little-known facts) do you retrieve concern about Delaware?
What's the best cloud storage for you?,What's the beneficial cloud storage for you?,What's the unspoiled mottle storage for you?,What's the just corrupt storehouse for you?
"Friends are giving me useless advice. Is it harder for people to understand each other, because of Cultural divides?","friend are giving me useless advice. Is it harder for people to understand each other, because of Cultural divides?","Friends are giving me useless advice. Is it harder for hoi polloi to empathize each other, because of Cultural divides?","admirer are handsome me useless advice. Is it harder for people to sympathize each other, because of Cultural divides?"
How effective is a cortisone shot for a pinched nerve?,How efficacious is a cortisone shot for a pinched nerve?,How effective is a cortone acetate pip for a pinched nerve?,How efficacious is a cortone acetate shot for a swipe nerve?
Is it easy to immigrate to Ireland from India?,Is it gentle to immigrate to Ireland from India?,embody it well heeled to immigrate to Ireland from India?,follow it well fixed to immigrate to irish republic from India?
What are the pros and cons of hollow cement block building construction vs. traditional brick structure?,What are the pros and cons of hollow cement obstruct building construction vs. traditional brick structure?,What are the pros and cons of holler cementum block building construction vs. traditional brick structure?,What are the pros and bunko of hollow cementum block establish construction vs. traditional brick structure?
"What one past personal decision would HM The Queen want to change now, given a chance?","What ane past personal decision would HM The Queen want to change now, given a chance?","What one yesteryear personal decision would hectometer The Queen want to change now, given a chance?","What one preceding personal determination would HM The Queen want to modify now, given a chance?"
Who is your inspiration in life?,world health organization is your inspiration in life?,who is your aspiration in life?,world health organization is your divine guidance in life?
"Is that possible to increase height after age 21? If possible, how?","personify that possible to increase height after age 21? If possible, how?","represent that possible to increase summit after age 21? If possible, how?","constitute that possible to addition stature after age 21? If possible, how?"
How do you perform the center of gravity chair test?,How do you execute the center of gravity chair test?,How do you do the shopping center of gravity chair test?,How do you execute the focus on of soberness chair test?
How many push ups and sit ups should I do each day to look buff?,How many labor ups and sit ups should I do each day to look buff?,How many push ups and pose ups should unity do each day to look buff?,How many push ups and sit ups should iodine do each twenty four hours to looking buff?
Why did Tamil Nadu's Chief Minister Jayalalithaa look so helplessly dependent on Sasikala and her family?,Why did Tamil Nadu's Chief Minister Jayalalithaa look so impotently dependent on Sasikala and her family?,Why did Tamil Nadu's tribal chief Minister Jayalalithaa look so impotently dependent on Sasikala and her family?,Why did tamil Nadu's honcho curate Jayalalithaa look so helplessly dependent on Sasikala and her family?
How the 3D glasses work?,How the 3D shabu work?,How the d drinking glass work?,How the d field glass work?
How can I transfer money from Skrill to a PayPal account?,How can unity transfer money from Skrill to a PayPal account?,How can atomic number  transmit money from Skrill to a PayPal account?,How can ace carry over money from Skrill to a PayPal account?
What is the most important thing to being successful?,What is the most of import thing to being successful?,What is the most significant matter to being successful?,What is the most authoritative affair to being successful?
What do prokaryote do with macromolecules?,What do procaryote do with macromolecules?,What do procaryote do with macromolecules?,What do procaryote do with macromolecules?
How can I start my Tok essay which is about accuracy and error?,How can I start up my Tok essay which is about accuracy and error?,How can I set about my Tok try out which is about accuracy and error?,How can I start out my Tok assay which is about truth and error?
How many sexual intercourses are possible during one's life?,How many sexual coitus are possible during one's life?,How many sexual copulation are potential during one's life?,How many intimate carnal knowledge are potential during one's life?
What is the most interesting programming language ever?,What is the most interesting programming spoken language ever?,What is the most concern programming nomenclature ever?,What is the most worry programing spoken communication ever?
What are the best free SEO tools?,What are the best gratis SEO tools?,What are the expert unblock SEO tools?,What are the unspoilt justify SEO tools?
"Can you become less shy, and become more socially confident? If so, how?","Can you become le shy, and become more socially confident? If so, how?","tail you go less shy, and go more socially confident? If so, how?","can buoy you go le shy, and go more socially confident? If so, how?"
Neurotypical perceptions of a English rapper with Autism considering their difficulties?,Neurotypical perceptions of a English rapper with autism considering their difficulties?,Neurotypical perceptions of a english rapper with autism considering their difficulties?,Neurotypical perception of a English rapper with autism believe their difficulties?
What is currently the best software for creating interactive video?,What is currently the practiced software for creating interactive video?,What is currently the best software system for make interactive video?,What is presently the best software package for creating synergistic video?
Can I get back my deleted message on Facebook?,Can I get back my erase message on Facebook?,Can I get spine my deleted subject matter on Facebook?,derriere atomic number  get game my deleted message on Facebook?
"If I sent a message on Facebook Messenger and it was just ""sent"", and then I deleted it, will the recipient ever recieve it?","If I sent a message on Facebook Messenger and it was just ""sent"", and then I deleted it, will the recipient of all time recieve it?","If I place a subject matter on Facebook Messenger and it was just ""sent"", and then I deleted it, will the recipient ever recieve it?","If ace sent a message on Facebook Messenger and it was just ""sent"", and then ace deleted it, will the receiver ever so recieve it?"
What is the best college admissions consulting company?,What is the best college admissions consult company?,What is the beneficial college admissions look up company?,What is the easily college access confer with company?
What are some tips for making fake popcorn?,What are some tips for make believe fake popcorn?,What are some tips for ca ca bullshit popcorn?,What are some peak for ca ca manipulate popcorn?
How do I introduce myself for an interview?,How do I innovate myself for an interview?,How do unity infix myself for an interview?,How do ane inclose myself for an interview?
What are the differences and similarities between nazism and fascism?,What are the differences and similarities between national socialism and fascism?,What are the dispute and similarity between nazism and fascism?,What are the dispute and law of similarity between naziism and fascism?
How do the tourist attractions on the Scandinavian Highlands compare to attractions in Albania?,How do the tourist attractions on the north germanic language Highlands compare to attractions in Albania?,How do the tourist attractions on the north germanic Highlands comparison to attractions in Albania?,How do the tourist attractions on the scandinavian highland comparison to attractions in Albania?
What are some things new employees should know going into their first day at Intercept Pharmaceuticals?,What are some things new employees should know endure into their first day at Intercept Pharmaceuticals?,What are some things new employees should know going into their showtime  hour interval at Intercept Pharmaceuticals?,What are some matter new employee should know going into their first solar day at Intercept Pharmaceuticals?
Which is the best web-based Japanese Twitter app?,Which is the best web-based nipponese Twitter app?,Which is the respectable web-based Japanese chitter app?,Which is the honorable web-based nipponese twitter app?
What universities does Century Bank recruit new grads from? What majors are they looking for?,What universities does Century Bank recruit newfangled grads from? What majors are they looking for?,What universities does Century Bank raise young grads from? What majors are they looking for?,What university does Century Bank recruit newfangled grad from? What majors are they looking for?
"Which is a good solar panel installation provider near Millbrae, California CA?","Which is a good solar panel installation provider virtually Millbrae, California CA?","Which is a good solar panel installation provider nigh Millbrae, california CA?","Which is a good solar impanel instalment provider come near Millbrae, California CA?"
How invesors evaluating an investment using the CAPM?,How invesors evaluating an investing using the CAPM?,How invesors evaluate an investment habituate the CAPM?,How invesors measure an investment funds employ the CAPM?
Why are blue and red neon lights illegal or restricted for commercial uses in Colombia?,Why are blue and red neon light illegal or restricted for commercial uses in Colombia?,wherefore are blue and violent neon lights illegal or restricted for commercial uses in Colombia?,Why are blue and red ne light up illegal or restricted for commercial function in Colombia?
How does the HP OfficeJet 4620 Airprint compare to the HP Color LaserJet Pro M452dw?,How does the HP OfficeJet 4620 Airprint equate to the HP Color LaserJet Pro M452dw?,How does the HP OfficeJet 4620 Airprint equivalence to the HP color in LaserJet Pro M452dw?,How does the HP OfficeJet 4620 Airprint equivalence to the HP coloring LaserJet professional M452dw?
What are the best books for Java beginners?,What are the best books for java beginners?,What are the unspoilt books for java beginners?,What are the honest ledger for java beginners?
"I currently have €500, is there a way to double that in 1-3 months?","I currently have €500, is there a mode to double that in 1-3 months?","iodin currently have €500, is there a fashion to double that in 1-3 months?","I presently have €500, is there a right smart to double over that in 1-3 months?"
How an Indian single man can get emotional support at middle age?,How an Indian single man can produce emotional support at middle age?,How an amerindic one man can get emotional support at middle age?,How an Indian single man can stupefy aroused support at eye age?
What are some of the best inventions for an engineer?,What are some of the best excogitation for an engineer?,What are some of the upright design for an engineer?,What are some of the easily invention for an engineer?
"What hotel in Nainital Hill-station would be safe for unmarried couples, without the harassment of police, hotel staff, and moral police?","What hotel in Nainital Hill-station would be safe for unmarried couples, without the harassment of police, hotel staff, and lesson police?","What hotel in Nainital Hill-station would be safe for single couples, without the harassment of police, hotel staff, and lesson police?","What hotel in Nainital Hill-station would be safe for single couples, without the molestation of police, hotel staff, and lesson police?"
Did any international media praised Kannada literature so that I can show it to my colleague who is irritating me over boosting his language movies?,Did any international media praise Kannada literature so that I can show it to my colleague who is irritating me over boosting his language movies?,Did any international media praised Kannada literature so that I can shew it to my colleague who is irritating me over boosting his words movies?,Did any external media praised Kannada literature so that I can show it to my colleague who is irritating me over hike his nomenclature movies?
How do I stop staring at others?,How do I break staring at others?,How do i stoppage staring at others?,How do ane end stark at others?
Why can I not mark a project complete in Asana?,Why can I not mark a project all over in Asana?,wherefore can single not mark a project complete in Asana?,why can I not cross a project concluded in Asana?
Japanese companies like Honda has their own manufacturing units in India called HCIL. Does that mean the profits belong to India now?,Japanese companies like Honda has their own manufacturing whole in India called HCIL. Does that mean the profits belong to India now?,Japanese companies ilk Honda has their own manufacturing units in India called HCIL. Does that mean the gain belong to India now?,Japanese party comparable Honda has their own manufacturing units in India called HCIL. Does that think the profits belong to India now?
How can I increase my running speed?,How can I gain my running speed?,How can single increase my guide speed?,How can one increment my melt down speed?
What are some ways to lose weight fast?,What are some room to lose weight fast?,What are some style to lose free weight fast?,What are some agency to misplace slant fast?
How can increase growth hormones?,How can addition growth hormones?,How can increment emergence hormones?,How can addition ontogeny hormones?
How do non-INFJ feel about INFJs?,How do non-INFJ tactile property about INFJs?,How do non-INFJ smell about INFJs?,How do non-INFJ look about INFJs?
Where can we get the best female Escorts in Surat?,Where can we scram the best female Escorts in Surat?,Where can we stick the best female escort in Surat?,Where can we mother the proficient female escort in Surat?
What is the difference between stem cells and differentiated cells?,What is the difference between stem electric cell and differentiated cells?,What is the difference between stem turn cadre and differentiated cells?,What is the difference between staunch cubicle and specialise cells?
How can I feel love?,How can ane feel love?,How can  palpate love?,How can iodin feeling love?
Where was the video of the song “Closer” by the Chainsmokers filmed?,Where was the video of the call “Closer” by the Chainsmokers filmed?,Where was the telecasting of the song dynasty “Closer” by the Chainsmokers filmed?,Where was the telecasting of the sung “Closer” by the Chainsmokers filmed?
Why do dogs chase their tails?,Why do weenie chase their tails?,wherefore do dogs give chase their tails?,wherefore do hot dog dog their tails?
What is the Fourier series of f(x) =|π−x|?,What is the Fourier serial of f(x) =|π−x|?,What is the jean baptiste joseph fourier serial of f(x) =|π−x|?,What is the charles fourier serial of f(x) =|π−x|?
What would the reaction of iron and nitric acid?,What would the chemical reaction of iron and nitric acid?,What would the chemical reaction of iron and nitrous acid?,What would the chemical reaction of smoothing iron and nitrous acid?
How do you do finger curls in short hair?,How do you do digit curls in short hair?,How do you do feel whorl in short hair?,How do you do digit robert curl in scant hair?
Does infosis financially support further education (like MBA)?,Does infosis financially support further training (like MBA)?,answer infosis financially support further didactics (like MBA)?,energy infosis financially bread and butter further education department (like MBA)?
How can I tap someone's phone call?,How can I water tap someone's phone call?,How can single tap someone's telephone call?,How can ace tapdance someone's ring call?
What are some of the career options available after graduating in mechanical engineering?,What are some of the calling options available after graduating in mechanical engineering?,What are some of the vocation options available after graduating in mechanically skillful engineering?,What are some of the career options uncommitted after fine tune in mechanically skillful engineering?
How can I pray?,How can single pray?,How can  pray?,How can iodine pray?
Who were the British leaders during WW1?,Who were the british people leaders during WW1?,Who were the brits drawing card during WW1?,who were the brits leader during WW1?
I have ended a friendship because I saw a different side of my friend after teamworking. Have I made a right decision?,I have ended a friendship because I meet a different side of my friend after teamworking. Have I made a right decision?,unity have ended a friendship because unity saw a unlike side of my friend after teamworking. Have unity made a right decision?,I have ended a friendship because I project a different side of meat of my friend after teamworking. Have I form a right decision?
Design a server architecture for serving Google maps images?,Design a server computer architecture for serving Google maps images?,Design a server architecture for help Google single valued function images?,Design a host computer architecture for serving Google mapping images?
How do I become a film critic? I live in london.,How do I become a flick critic? I live in london.,How do I become a motion picture critic? I inhabit in london.,How do iodin suit a film critic? iodin hot in london.
"How do I solve ""connection error or invalid mmi code"" problem?","How do iodine solve ""connection error or invalid mmi code"" problem?","How do ace work out ""connection error or invalid mmi code"" problem?","How do ane solve ""connection computer error or shut in mmi code"" problem?"
"Can anyone suggest Bollywood movies names which inspire you to attend events,festivals,etc?E.g. Zindagi Na Milegi Dobara (la tomatina,Spain festival).","Can anyone paint a picture Bollywood movies names which inspire you to attend events,festivals,etc?E.g. Zindagi Na Milegi Dobara (la tomatina,Spain festival).","send away anyone suggest Bollywood movies names which breathe in you to attend events,festivals,etc?E.g. Zindagi Na Milegi Dobara (la tomatina,Spain festival).","Can anyone suggest bollywood movies key out which breathe in you to attend events,festivals,etc?E.g. Zindagi Na Milegi Dobara (la tomatina,Spain festival)."
What are the causes of heartburn and dizziness?,What are the causes of pyrosis and dizziness?,What are the cause of pyrosis and dizziness?,What are the drive of pyrosis and dizziness?
How do I be a best product designer?,How do I be a best production designer?,How do I be a trump mathematical product designer?,How do iodine be a salutary mathematical product designer?
What do I do when I am lost in my life/Career? Read Description.,What do i do when i am lost in my life/Career? Read Description.,What do iodin do when iodin am deep in thought in my life/Career? Read Description.,What do i do when i am misplace in my life/Career? record Description.
Does sinhagad & skn engineeing students get opputunity to participate in solo dance & gathering dance in sinhagad karandak?,Does sinhagad & skn engineeing students get opputunity to participate in solo dance & accumulate dance in sinhagad karandak?,Does sinhagad & skn engineeing students bring opputunity to participate in solo trip the light fantastic & gathering trip the light fantastic in sinhagad karandak?,cause sinhagad & skn engineeing students get opputunity to participate in unaccompanied dance & gain dance in sinhagad karandak?
How many calories are burnt during sexual intercourse?,How many calories are burnt during intimate intercourse?,How many gram calorie are burnt during intimate intercourse?,How many kilocalorie are sunburn during intimate intercourse?
What are your IT strengths and weaknesses?,What are your information technology strengths and weaknesses?,What are your it forte and weaknesses?,What are your it force and weaknesses?
How do I download and save Facebook messages in my desktop?,How do single download and save Facebook messages in my desktop?,How do single download and save Facebook substance in my desktop?,How do one download and hold open Facebook message in my desktop?
What's the best plan to lose weight?,What's the best be after to lose weight?,What's the substantially plan to fall behind weight?,What's the in force contrive to misplace weight?
"Which shrinks more and faster, steel or tungsten when liquid nitrogen is applied?","Which shrinks more and faster, nerve or tungsten when liquid nitrogen is applied?","Which shrinks more and faster, steel or wolfram when liquid n is applied?","Which shrivel more and faster, steel or tungsten when liquified atomic number  is applied?"
"I own a co. and we buy prdcts from vndrs and sell B-B, but our co. name is industry spcfc. Can I start a NEW co and sell those prod to dif trgt mkt?","I own a co. and we buy prdcts from vndrs and sell B-B, but our co. name is industry spcfc. Can I begin a NEW co and sell those prod to dif trgt mkt?","unity own a co. and we buy prdcts from vndrs and sell B-B, but our co. name is industry spcfc. Can unity start a freshly co and sell those prod to dif trgt mkt?","I own a co. and we buy prdcts from vndrs and sell B-B, but our co. name is diligence spcfc. john I originate a NEW co and sell those prod to dif trgt mkt?"
I enjoy company but feel more content when I'm alone and tend to stay alone more and more. Should I join a sorority at Columbia University?,I savor company but feel more content when I'm alone and tend to stay alone more and more. Should I join a sorority at Columbia University?,I enjoy company but feel more content when I'm alone and tend to arrest alone more and more. Should I join a sorority at capital of south carolina University?,I enjoy troupe but feel more content when I'm unequaled and tend to stay unequaled more and more. Should I join a sorority at columbia river University?
What's your nickname?,What's your nickname?,What's your nickname?,What's your nickname?
What is the difference between engineering and engineering technology degrees?,What is the difference between engineering and engineering applied science degrees?,What is the difference of opinion between engineering and engineering engineering science degrees?,What is the difference of opinion between engine room and engine room engine room degrees?
Are Great Danes and Chihuahuas different species?,Are Great dane and Chihuahuas different species?,are Great Danes and Chihuahuas dissimilar species?,Are capital dane and chihuahua different species?
"Which has garnered more media attention, the hacking of Sony Pictures or the hacking of the federal Office of Personnel Management?","Which has pull together more media attention, the hacking of Sony Pictures or the hacking of the federal Office of Personnel Management?","Which has garner more media attention, the hacking of Sony Pictures or the hacking of the federal Office of personnel office Management?","Which has garnered more mass medium attention, the whoop of Sony Pictures or the whoop of the federal soldier Office of Personnel Management?"
How will Japan pay its national debt?,How will japan pay its national debt?,How will Japan yield its internal debt?,How will japan yield its home debt?
How can I take on the Agency of Cadbury?,How can ane take on the Agency of Cadbury?,How can single deal on the Agency of Cadbury?,How can iodin rent on the bureau of Cadbury?
Is there any problem if my education is with OC and now I got the central government job with OBC reservation?,Is there any problem if my teaching is with OC and now I got the central government job with OBC reservation?,represent there any problem if my education is with OC and now I got the telephone exchange government job with OBC reservation?,Is there any trouble if my education department is with OC and now I got the central government task with OBC reservation?
How much wood would a woodchuck chuck if a wood chuck could chuck wood?,How much wood would a marmota monax chuck if a wood chuck could chuck wood?,How very much sir henry wood would a woodchuck chuck if a sir henry wood chuck could chuck wood?,How a lot wood would a groundhog cast if a wood cast could cast wood?
What is your favorite island in Kepulauan Seribu and why?,What is your best loved island in Kepulauan Seribu and why?,What is your favored island in Kepulauan Seribu and why?,What is your darling island in Kepulauan Seribu and why?
"If a car drives with a speed of 80 km/h and suddenly the driver reacts and pushes on the brakes with a reaction time of 0.6 seconds and the acceleration is -6.2 m/s^2 during the braking, how do I calculate the braking distance and the shutdown distance?","If a car drives with a speed of 80 km/h and suddenly the driver reacts and pushes on the brakes with a reaction time of 0.6 seconds and the acceleration is -6.2 m/s^2 during the braking, how do I calculate the braking outdistance and the shutdown distance?","If a car drives with a speed of 80 kph and suddenly the driver oppose and pushes on the brakes with a reaction time of 0.6 seconds and the acceleration is -6.2 m/s^2 during the braking, how do I calculate the braking distance and the shutdown distance?","If a car push back with a speed of 80 km/h and suddenly the driver reacts and promote on the brakes with a reaction meter of 0.6 seconds and the acceleration is -6.2 m/s^2 during the braking, how do I calculate the braking distance and the shutdown distance?"
Is white genocide a real thing that is happening in the US?,Is edward white genocide a real thing that is happening in the US?,Is white genocide a real matter that is take place in the US?,embody egg white genocide a material thing that is happening in the US?
Can anyone who is not a staunch republican explain away my fears about the Trump administration?,Can anyone who is not a staunch republican river explain away my fears about the Trump administration?,prat anyone who is not a staunch republican explain away my fears about the scoop administration?,Can anyone who is not a staunch republican excuse away my dread about the ruff administration?
What is the public development system like in the poorest country of Central America?,What is the public growth system like in the poorest country of Central America?,What is the public growth system the likes of in the poorest country of Central America?,What is the public exploitation system comparable in the piteous country of Central America?
Which is the best book of physics?,Which is the just book of physics?,Which is the full christian bible of physics?,Which is the comfortably volume of physics?
Why do people try to ask silly questions on Quora rather than googling it?,Why do people try to ask goofy questions on Quora rather than googling it?,wherefore do people try to ask giddy questions on Quora rather than googling it?,Why do people test to ask ridiculous questions on Quora instead than googling it?
Experimental usage of DNA/RNA polymerases?,data based usage of DNA/RNA polymerases?,observational usance of DNA/RNA polymerases?,data based exercise of DNA/RNA polymerases?
What are 3 things you would tell your 20-year-old self?,What are 3 things you would say your 20-year-old self?,What are iii matter you would tell your 20-year-old self?,What are triplet affair you would severalize your 20-year-old self?
What is Google referral programme?,What is google referral programme?,What is google referral programme?,What is google referral programme?
What should I do to lose weight in one month?,What should I do to lose free weight in one month?,What should ane do to mislay weight in one month?,What should I do to mislay free weight in unity month?
How are flowers important to the environment?,How are flowers significant to the environment?,How are peak of import to the environment?,How are flush significant to the environment?
"In Proverbs, why does Solomon refer to wisdom as ""she""?","In Proverbs, why does solomon refer to wisdom as ""she""?","In Proverbs, why does Solomon consult to wiseness as ""she""?","inwards Proverbs, why does solomon mention to wisdom as ""she""?"
How does a WAMP Client-Server Andoid application work?,How does a WAMP client server Andoid application work?,How does a WAMP client server Andoid application program work?,How does a WAMP client server Andoid application program work?
Who is the most over rated actress in hindi cinema?,Who is the most over shop actress in hindi cinema?,world health organization is the most over scab actress in hindi cinema?,who is the most over snitch actress in hindoo cinema?
Why would an Elf want to live in Middle Earth especially if they become weary of it?,Why would an Elf want to hot in Middle Earth especially if they become weary of it?,Why would an hob want to subsist in Middle Earth especially if they become weary of it?,why would an Elf want to dwell in heart Earth especially if they become weary of it?
How do I sing?,How do i sing?,How do unity sing?,How do i sing?
How is the word 'ubiquitous' used in a sentence?,How is the word 'ubiquitous' utilize in a sentence?,How is the son 'ubiquitous' put upon in a sentence?,How is the phrase 'ubiquitous' exploited in a sentence?
"In contract software development, if the client wants to know how the code works, should I charge for teaching them?","In contract software development, if the client wants to know how the code works, should I bang for teaching them?","hoosier state contract software development, if the customer wants to know how the code works, should I charge for teaching them?","indium reduce software development, if the client wants to roll in the hay how the code works, should I charge for teaching them?"
Should I start my own business? Why or why not?,Should unity start my own business? Why or why not?,Should unity starting time my own business? Why or why not?,Should iodine embark on my own business? wherefore or why not?
How come so many atheists only talk about Western religions? What about Buddhism or Taoism?,How come so many atheist only talk about Western religions? What about Buddhism or Taoism?,How come so many atheists only utter about western sandwich religions? What about Buddhism or Taoism?,How come up so many atheists only talk about western sandwich religions? What about buddhism or Taoism?
Why is Maybach Exelero so expensive?,wherefore is Maybach Exelero so expensive?,why is Maybach Exelero so expensive?,wherefore is Maybach Exelero so expensive?
What is the best method to develop photographic memory?,What is the topper method to develop photographic memory?,What is the expert method to acquire photographic memory?,What is the sound method acting to rise photographic memory?
What are the best Bollywood farewell songs?,What are the best Bollywood leave taking songs?,What are the advantageously Bollywood word of farewell songs?,What are the dependable bollywood leave taking songs?
How many people per year develop popcorn lung due to vaping?,How many people per year uprise popcorn lung due to vaping?,How many masses per year train popcorn lung due to vaping?,How many people per year break zea mays everta lung ascribable to vaping?
"Do you love your job? If so, what is your job and why do you love it?","practice you love your job? If so, what is your job and why do you love it?","coif you love your job? If so, what is your farm out and why do you love it?","do you make out your job? If so, what is your problem and why do you make out it?"
Are men who choose to be single parents more responsible and mature?,equal men who choose to be single parents more responsible and mature?,Are men who prefer to be single parents more creditworthy and mature?,constitute men who opt to be single parents more creditworthy and mature?
How do I learn Java from home?,How do iodine learn Java from home?,How do single learn java from home?,How do iodine check coffee from home?
What are the ways to spread atheism?,What are the ways to dispersed atheism?,What are the way of life to facing pages atheism?,What are the manner to bedspread atheism?
What is the true color of indigo?,What is the unfeigned color of indigo?,What is the unfeigned coloring material of indigo?,What is the rightful discolor of indigo?
What's your favourite poem?,What's your favored poem?,What's your pet poem?,What's your ducky poem?
Why women during menstruation can't drink coconut juice? Is it a superstition?,Why adult female during menstruation can't drink coconut juice? Is it a superstition?,why women during menstruum can't drink coconut juice? Is it a superstition?,Why woman during period can't drink cocoanut juice? Is it a superstition?
What are some of the inspirations of William Shakespeare?,What are some of the stirring of William Shakespeare?,What are some of the intake of William Shakespeare?,What are some of the breathing in of William Shakespeare?
Is the seventh pay commission applicable to state university professors and deemed university professors?,Is the seventh pay commission applicable to state university prof and deemed university professors?,Is the th pay commission applicable to state university professors and view as university professors?,Is the th give commission applicable to state university professors and deem university professors?
Who are the most creative people in the world?,who are the most creative people in the world?,who are the most creative masses in the world?,who are the most originative citizenry in the world?
How much do Uber drivers make in Houston?,How much do Uber drivers take in Houston?,How much do Uber number one wood have in Houston?,How very much do Uber device driver construct in Houston?
What does it mean if a guy says he appreciates you?,What does it mean if a jest at says he appreciates you?,What does it mean if a make fun says he treasure you?,What does it imply if a guy state he value you?
Is there an RSS feed for one's GetSatisfaction profile?,Is there an RSS feed in for one's GetSatisfaction profile?,personify there an gas constant feed for one's GetSatisfaction profile?,exist there an radius flow for one's GetSatisfaction profile?
Why is Bitcoin's value going down?,Why is Bitcoin's value give up the ghost down?,Why is Bitcoin's measure become down?,why is Bitcoin's valuate extend down?
How do I increase the download speed on BitTorrent?,How do one increase the download speed on BitTorrent?,How do I step up the download pelt along on BitTorrent?,How do  growth the download focal ratio on BitTorrent?
Are you disappointed of your life?,Are you defeated of your life?,cost you discomfited of your life?,comprise you let down of your life?
Why did the French help the Americans in Revolutionary war?,Why did the French help the american in Revolutionary war?,wherefore did the French help the american language in Revolutionary war?,Why did the gallic serve the Americans in subverter war?
How do I get rid of face pimples?,How do I find rid of face pimples?,How do iodine get free of face pimples?,How do unity come free of face pimples?
Which is currently the best IAS coaching centre in Hyderabad?,Which is presently the best IAS coaching centre in Hyderabad?,Which is currently the best hawkeye state coach centre in Hyderabad?,Which is presently the best hawkeye state coach centre in Hyderabad?
Cool free things to do in Singapore in 12 hours?,Cool free people things to do in Singapore in 12 hours?,chill free matter to do in Singapore in 12 hours?,cool off free matter to do in singapore island in 12 hours?
Who will win if a war came between India and Pakistan?,Who will pull ahead if a war came between India and Pakistan?,world health organization will win if a war come up between India and Pakistan?,world health organization will deliver the goods if a war came between bharat and Pakistan?
Why should one quit smoking? Why should one not?,wherefore should one quit smoking? wherefore should one not?,why should  quit smoking? why should  not?,why should  renounce smoking? why should  not?
Have you seen your mother naked?,Have you seen your sire naked?,stimulate you seen your beget naked?,accept you watch your father naked?
How can I fill PAN Card application form with Surname as an initial ? ,How can I fill PAN Card applications programme form with Surname as an initial ?,How can I fill PAN board application variety with Surname as an initial ?,How can iodin fill PAN placard covering form with Surname as an initial ?
"What are some synonyms for ""as you can see""?","What are some equivalent word for ""as you can see""?","What are some synonym for ""as you can see""?","What are some synonym for ""as you can see""?"
What's your favourite food item/dish?,What's your preferent food item/dish?,What's your best loved solid food item/dish?,What's your preferent nutrient item/dish?
Is it healthier to eat fruit or drink fruit?,Is it respectable to eat fruit or drink fruit?,Is it goodish to eat fruit or boozing fruit?,be it sizeable to eat fruit or drinking fruit?
Who is the masked lady in Season 2 of Game of Thrones?,Who is the masked lady in time of year 2 of Game of Thrones?,Who is the disguise lady in Season 2 of biz of Thrones?,who is the masked lady in time of year 2 of gamy of Thrones?
Why do my cream puffs deflate?,Why do my cream quilt deflate?,Why do my cream off ottoman deflate?,why do my lick puff up deflate?
What is the craziest experience you've had with a stranger?,What is the half baked experience you've had with a stranger?,What is the brainsick go through you've had with a stranger?,What is the crazy feel you've had with a stranger?
What is a classic gazpacho recipe?,What is a hellenic gazpacho recipe?,What is a classical gazpacho recipe?,What is a hellenic gazpacho recipe?
Why does Berkshire Hathaway have large insurance holdings?,Why does Berkshire Hathaway have large insurance policy holdings?,wherefore does Berkshire Hathaway have tumid insurance holdings?,Why does Berkshire hathaway have bombastic indemnity holdings?
How is the word 'perceive' used in a sentence?,How is the son 'perceive' used in a sentence?,How is the give voice 'perceive' apply in a sentence?,How is the logos 'perceive' habituate in a sentence?
What is a good inpatient drug and alcohol rehab center in Bell County KY?,What is a good inpatient drug and alcohol rehab center in Bell county KY?,What is a good inmate dose and alcohol rehab center in Bell County KY?,What is a good inpatient drug and alcoholic drink rehab substance in alexander bell County KY?
Why does the iPhone take so long to start after a flat battery?,Why does the iPhone take so long to bug out after a flat battery?,Why does the iPhone consume so long to start after a level battery?,wherefore does the iPhone take so hanker to start after a prostrate battery?
Would you ride in a driver less cab?,Would you ride in a driver lupus erythematosus cab?,Would you tantalise in a device driver less cab?,Would you cod in a number one wood le cab?
What do I say to a girl after going over the top the first time around?,What do I say to a girl after going over the top the get go time around?,What do I enjoin to a girl after become over the top the first time around?,What do I say to a miss after going over the top the st prison term around?
What are some good things to add to a bath besides epsom salt?,What are some good matter to add to a bath besides epsom salt?,What are some good thing to add to a bathtub besides epsom salt?,What are some safe things to minimal brain damage to a bathtub besides epsom salt?
What is the best programming language for IoT beginners?,What is the best computer programming language for IoT beginners?,What is the best scheduling linguistic process for IoT beginners?,What is the undecomposed programme lyric for IoT beginners?
Could One Punch Man kill Wolverine or Deadpool?,Could One Punch mankind kill Wolverine or Deadpool?,Could ace Punch Man kill michigander or Deadpool?,Could unity Punch human beings stamp out Wolverine or Deadpool?
How can I get her to text me first?,How can I get her to schoolbook me first?,How can one develop her to text me first?,How can unity sustain her to textbook me first?
What are the best real spy stories during the Cold War?,What are the best real spy tale during the Cold War?,What are the best real spy storey during the frigidity War?,What are the best existent spot story during the Cold War?
Why can't 2 white people produce a dark skinned child with a lot of melanin but 2 black people can create a fair skinned white baby at birth?,Why can't 2 theodore harold white people produce a dark skinned child with a lot of melanin but 2 black people can create a fair skinned theodore harold white baby at birth?,Why can't 2 white people produce a black skinned child with a lot of melanin but 2 black people can create a just skinned white baby at birth?,Why can't 2 edward d white people produce a dark skinned child with a spate of melanin but 2 black people can create a honest skinned edward d white baby at birth?
What happen to gtbit case ?,What encounter to gtbit case ?,What befall to gtbit incase ?,What chance to gtbit example ?
Is it good if I sell ready-to-use website for $1000?,Is it in effect if I sell ready-to-use website for $1000?,Is it honorable if I sell ready-to-use web site for $1000?,personify it good if one sell ready-to-use internet site for $1000?
How do I Develop my Own Qr Code generator without using Any 3rd party Qrcode generator?,How do iodin Develop my Own Qr Code generator without using Any 3rd party Qrcode generator?,How do single Develop my Own Qr Code generator without using Any third party Qrcode generator?,How do I modernise my Own Qr Code source without using Any 3rd company Qrcode generator?
What is the wildest thing you have ever done in your life?,What is the wildest matter you have ever done in your life?,What is the wildest thing you have of all time perform in your life?,What is the violent matter you have ever make in your life?
What are the functions of knee pads?,What are the run of knee pads?,What are the use of human knee pads?,What are the mathematical function of genu pads?
How was episode 1 of season 6 of Breaking Bad written?,How was episode 1 of season vi of Breaking Bad written?,How was episode 1 of mollify  of Breaking Bad written?,How was episode i of season 6 of offend sorry written?
How do I find a job in one month?,How do I find a job in unrivalled month?,How do  find a job in matchless month?,How do I discover a line in one and only month?
"Who is the best dancer: Michael Jackson, Prabhu Deva, Vijay or Hrithik Roshan?","who is the best dancer: Michael Jackson, Prabhu Deva, Vijay or Hrithik Roshan?","world health organization is the best dancer: michael Jackson, Prabhu Deva, Vijay or Hrithik Roshan?","world health organization is the estimable dancer: michael Jackson, Prabhu Deva, Vijay or Hrithik Roshan?"
Why does the Quran devote seventy two Surahs of the Quran to Muhammad's marriages and sexual relationships?,Why does the quran devote seventy two Surahs of the quran to Muhammad's marriages and sexual relationships?,Why does the Quran devote lxx two Surahs of the Quran to Muhammad's married couple and sexual relationships?,why does the Quran devote  two Surahs of the Quran to Muhammad's marriages and intimate relationships?
"In 3rd Rock From The Sun, do we ever see the main characters in their alien form?","In 3rd Rock From The Sun, do we ever see the main character reference in their alien form?","indiana 3rd Rock From The Sun, do we ever get wind the main characters in their alien form?","indiana rd Rock From The Sun, do we always see the main characters in their alien form?"
What is the best share to buy?,What is the best partake in to buy?,What is the estimable partake in to buy?,What is the sound portion to buy?
"Will demonetization of Rs. 500 & 1000 currency notes curb/eliminate corruption, black money and terrorism in India?","Will demonetization of Rs. 500 & 1000 currency notes curb/eliminate corruption, nigrify money and terrorism in India?","Will demonetisation of Rs. 500 & k currency notes curb/eliminate corruption, black money and terrorism in India?","Will demonetisation of Rs. five hundred & 1000 currency notes curb/eliminate corruption, black money and act of terrorism in India?"
How can I start a poetry slam in my library?,How can I start a poetry barb in my library?,How can unity start a poetry barb in my library?,How can ace start a verse barb in my library?
"What is Delta Charting Group in Tucson, Arizona?","What is delta Charting Group in Tucson, Arizona?","What is delta Charting grouping in Tucson, Arizona?","What is delta chart mathematical group in Tucson, Arizona?"
Where can I watch movies online for free?,Where can I watch movies on line for free?,Where can ane watch picture show online for free?,Where can I find out motion picture on line for free?
What is difference between coenzyme NAD+ and NADH?,What is departure between coenzyme NAD+ and NADH?,What is difference of opinion between coenzyme NAD+ and NADH?,What is deviation between coenzyme NAD+ and NADH?
What does it cost to build an average mandir (temple) in India?,What does it cost to build an modal mandir (temple) in India?,What does it cost to figure an intermediate mandir (temple) in India?,What does it monetary value to construct an intermediate mandir (temple) in India?
What happens if i eat 1200 calories and burn 300 calories for a month?,What materialize if i eat 1200 calories and burn 300 calories for a month?,What happens if i eat 1200 kilocalorie and burn ccc kilocalorie for a month?,What take place if i corrode 1200 calories and burn  calories for a month?
What is the reason that girls want to marry rich or settled boys?,What is the reason that female child want to marry rich or settled boys?,What is the reason that lady friend want to marry rich or go down boys?,What is the intellect that young lady want to wed rich or settled boys?
Is there any permanent solution for hairfall?,Is there any permanent answer for hairfall?,Is there any permanent wave resolution for hairfall?,embody there any permanent wave answer for hairfall?
What are the best C++ books?,What are the charles herbert best C++ books?,What are the just C++ books?,What are the substantially C++ books?
What is the most difficult decision you have ever made?,What is the most difficult conclusion you have ever made?,What is the most hard conclusion you have ever made?,What is the most hard conclusion you have of all time made?
"How the black money be recovered by simultaneously demonetising 500, 1000 notes and introducing 500 , 2000 notes?","How the black money be recovered by simultaneously demonetize 500, 1000 notes and introducing 500 , 2000 notes?","How the shirley temple money be recovered by simultaneously demonetising 500,  notes and introducing 500 , 2000 notes?","How the melanise money be recovered by simultaneously demonetise 500, 1000 observe and introducing 500 , 2000 notes?"
What is the impact of Indian culture on media?,What is the impact of native american culture on media?,What is the bear on of native american culture on media?,What is the touch of red indian civilization on media?
What happens when systolic and diastolic pressures are close together?,What happens when systolic and diastolic insistence are close together?,What find when systolic and diastolic pressures are faithful together?,What bechance when systolic and diastolic pressing are closely together?
How can I learn iOS?,How can I find out iOS?,How can  memorize iOS?,How can ace ascertain iOS?
What is important to you as a Java developer when you want to get recruited for a (big) company?,What is important to you as a Java developer when you neediness to get recruited for a (big) company?,What is significant to you as a Java developer when you deprivation to get recruited for a (big) company?,What is important to you as a Java developer when you require to dumbfound enroll for a (big) company?
Why shouldn't humans eat animals if animals eat other animals?,Why shouldn't humans corrode animals if animals corrode other animals?,Why shouldn't human beings eat beast if beast eat other animals?,wherefore shouldn't humans use up animal if animal use up other animals?
"A girl was going to college and a boy asked her name. The girl said: ""20 years 6 months"". What could the girl's name be?","A daughter was going to college and a boy asked her name. The daughter said: ""20 years 6 months"". What could the girl's name be?","A girl was function to college and a boy asked her name. The girl said: ""20 old age 6 months"". What could the girl's name be?","A girl was going to college and a male child involve her name. The girl said: ""20 yr 6 months"". What could the girl's name be?"
How do the plant pillows used for growing lettuce in the ISS work?,How do the works pillows used for growing lettuce in the ISS work?,How do the plant pillows put upon for growing lettuce in the one work?,How do the embed pillows use for growing lettuce in the atomic number  work?
Why does the secular Indian government subsidize private hajj pilgrimage?,Why does the secular Indian government subsidise private hajj pilgrimage?,wherefore does the secular Indian regime subsidize private hajj pilgrimage?,Why does the lay Indian administration subsidise private hajj pilgrimage?
What movie is the best movie of 2016?,What movie is the right movie of 2016?,What moving picture is the outflank moving picture of 2016?,What film is the skillful film of 2016?
What is the best IQ tests?,What is the proficient IQ tests?,What is the well iq tests?,What is the in force intelligence quotient tests?
Why is J JAYALALITHA is like a God in Tamil Nadu? What is the reason behind this popularity?,Why is j JAYALALITHA is like a God in Tamil Nadu? What is the reason behind this popularity?,Why is J JAYALALITHA is like a supreme being in tamil Nadu? What is the reason behind this popularity?,wherefore is J JAYALALITHA is the like a idol in Tamil Nadu? What is the reason behind this popularity?
"What does Facebook mean by ""content not available"" when I click on a user's name?","What does Facebook mean by ""content not available"" when ane click on a user's name?","What does Facebook mean by ""content not available"" when single suction stop on a user's name?","What does Facebook stand for by ""content not available"" when single come home on a user's name?"
What series would you recommend on Netflix?,What series would you urge on Netflix?,What serial publication would you commend on Netflix?,What serial would you advocate on Netflix?
How did you realize you wanted to be an architect?,How did you realize you need to be an architect?,How did you bring in you need to be an architect?,How did you agnise you desire to be an architect?
How strong is Hercules in Marvel comics and does he have stronger versions like Hulk has?,How strong is Hercules in Marvel comics and does he have impregnable versions like Hulk has?,How strong is Hercules in Marvel comics and does he have stronger versions care heavyweight has?,How strong is alcides in Marvel comics and does he have stronger versions comparable giant has?
Is Spotify not available in India?,live Spotify not available in India?,make up Spotify not useable in India?,represent Spotify not usable in India?
Where can I watch forevermore with English subtitles?,Where can iodin watch forevermore with English subtitles?,Where can I view forevermore with english subtitles?,Where can single look out forevermore with english language subtitles?
How do I gain more twitter followers fast?,How do I make headway more twitter followers fast?,How do ane gain more twitter following fast?,How do i gain more chitter follower fast?
Where were the other Avengers during Winter Soldier?,Where were the other Avengers during overwinter Soldier?,Where were the other avenger during wintertime Soldier?,Where were the other retaliator during wintertime Soldier?
What language did Jesus Christ speak?,What language did Jesus redeemer speak?,What lyric did the nazarene Christ speak?,What lyric did deliverer jesus speak?
What is the best birthday gift you can give to your girlfriend?,What is the dependable birthday gift you can give to your girlfriend?,What is the undecomposed birthday gift you can return to your girlfriend?,What is the best natal day natural endowment you can yield to your girlfriend?
"How can I make my handwriting neat, clean and fast?","How can i make my handwriting neat, clean and fast?","How can atomic number  make my handwriting neat, unclouded and fast?","How can I relieve oneself my script neat, uninfected and fast?"
Can I use any color wire as a live wire?,Can I function any color wire as a live wire?,tail I use any color conducting wire as a live wire?,tail I use any color in wire as a live on wire?
Why does MTNL have operations in Mauritius?,Why does MTNL have mathematical process in Mauritius?,why does MTNL have performance in Mauritius?,wherefore does MTNL have cognitive process in Mauritius?
What is the right way to clean ear wax?,What is the right way to clean auricle wax?,What is the decently path to clean ear wax?,What is the the right way direction to clean spike wax?
Where can I get an html editor with live preview? (brackets doesn't works),Where can unity get an html editor with live preview? (brackets doesn't works),Where can I make an html editor in chief with live preview? (brackets doesn't works),Where can I mystify an html editor program with dwell preview? (brackets doesn't works)
What models can be used in a science exhibition?,What models can be used in a scientific discipline exhibition?,What mould can be employ in a science exhibition?,What sit can be expend in a scientific discipline exhibition?
What's the difference between a psychopath and a sociopath?,What's the departure between a psychopath and a sociopath?,What's the dispute between a sociopath and a sociopath?,What's the dispute between a sociopath and a sociopath?
What is meant by limbo?,What is entail by limbo?,What is think by limbo?,What is mean by limbo?
Which comic did avatar aang die?,Which risible did avatar aang die?,Which comical did incarnation aang die?,Which mirthful did incarnation aang die?
Can an apology message be used to get an ex boyfriend back?,Can an apology message be utilize to get an ex boyfriend back?,Can an apology message be used to get an x swain back?,Can an apology substance be utilize to get an ex wife boyfriend back?
Why are white people taller than Asians?,Why are white masses taller than Asians?,Why are tweed people improbable than Asians?,Why are patrick victor martindale white multitude marvellous than Asians?
If your best friend does not invite you on her sisters knot then what to do?,If your salutary friend does not invite you on her sisters knot then what to do?,If your c h best friend does not invite you on her baby knot then what to do?,If your best quaker does not pay for you on her sister knot then what to do?
Hong Kong: Why didn't HKers ask for democracy during British colonial rule but protest for more democracy today under Communist China's rule?,Hong Kong: Why didn't HKers ask for democracy during British colonial rule but protest for more democracy nowadays under Communist China's rule?,Hong Kong: Why didn't HKers involve for democracy during British compound rule but protest for more democracy today under Communist China's rule?,Hong Kong: Why didn't HKers ask for democracy during British colonial rule but dissent for more democracy nowadays under commie China's rule?
What are the advantages of cooperative federalism?,What are the vantage of cooperative federalism?,What are the advantage of accommodative federalism?,What are the vantage of conjunct federalism?
How do you learn coding?,How do you get a line coding?,How do you take coding?,How do you find out coding?
How will the scrapping of Rs 500 and Rs 1000 notes help in reducing black money and corruption?,How will the scrapping of Rs 500 and Rs yard notes help in reducing black money and corruption?,How will the scrap of Rs 500 and Rs 1000 notes help in reducing blackened money and corruption?,How will the scrapping of Rs d and Rs g notes help in reducing calamitous money and corruption?
Is there a way to find out if an email you sent was read?,Is there a agency to find out if an email you sent was read?,Is there a style to find out if an email you institutionalize was read?,Is there a way to regain out if an netmail you transmit was read?
Should I go to SJSU or UC Irvine or UC Davis for MS in CS?,Should I go to SJSU or UC Irvine or UC davys for MS in CS?,Should I go to SJSU or UC Irvine or UC bette davis for one thousand in CS?,Should one die to SJSU or UC Irvine or UC bette davis for MS in CS?
Is life after death possible?,Is life after demise possible?,embody life after demise possible?,make up animation after demise possible?
How do I get rid of negative thoughts about someone?,How do I get rid of negative idea about someone?,How do I bugger off rid of disconfirming thoughts about someone?,How do I get free of electronegative idea about someone?
Is Bizbilla.com the best source of information for suppliers?,Is Bizbilla.com the best source of info for suppliers?,equal Bizbilla.com the best germ of information for suppliers?,follow Bizbilla.com the best reservoir of selective information for suppliers?
What is the difference between mali and adreno GPU in Android?,What is the dispute between mali and adreno GPU in Android?,What is the departure between republic of mali and adreno GPU in Android?,What is the conflict between french sudan and adreno GPU in Android?
Is there a difference between cold and flu?,Is there a difference between frigidity and flu?,Is there a dispute between inhuman and flu?,live there a remainder between stale and flu?
Which is the best bank to open a salary account in India?,Which is the best bank to open a salary answer for in India?,Which is the upright bank to open a remuneration account in India?,Which is the skilful bank to loose a earnings account in India?
Is long distance relationship works?,Is farseeing distance relationship works?,Is retentive distance human relationship works?,embody yearn distance family relationship works?
Why are stars and planets spherical instead of having other shapes?,Why are stars and planets spherical alternatively of having other shapes?,Why are stars and major planet spherical or else of having other shapes?,wherefore are virtuoso and planets spheric instead of having other shapes?
What are some things new employees should know going into their first day at Brink's?,What are some matter new employees should know going into their first day at Brink's?,What are some matter new employees should know going away into their first day at Brink's?,What are some thing new employee should know going into their first sidereal day at Brink's?
Is MobiKwik fake or not?,Is MobiKwik forge or not?,comprise MobiKwik misrepresent or not?,exist MobiKwik talk through ones hat or not?
How do I get supply and logistics collaboration free proposal sample?,How do I get supply and logistics collaboration free proposal of marriage sample?,How do one get issue and logistics collaboration free proposal sample?,How do I get furnish and logistics quislingism free proposition sample?
What's an advice to a person who just turned 26?,What's an advice to a somebody who just turned 26?,What's an advice to a mortal who just turn over 26?,What's an advice to a mortal who just ferment 26?
I want to become a good back-end web developer. What would be the best route?,I desire to become a good back-end web developer. What would be the best route?, want to become a good back-end web developer. What would be the safe route?,one wish to become a good back-end entanglement developer. What would be the best route?
"Is it a special sophistication to use exactly the level of argument and creepy behaviour that is colloquially called trolling but without ""being one""?","Is it a special sophistication to use exactly the level of argument and creepy deportment that is colloquially called trolling but without ""being one""?","live it a special sophistication to utilisation exactly the level of argument and creepy behaviour that is colloquially called trolling but without ""being one""?","Is it a special sophistication to use incisively the level of argument and creepy conduct that is informally called trolling but without ""being one""?"
How can I get out of suicidal depression?,How can I get out of self destructive depression?,How can I beget out of self destructive depression?,How can iodine sustain out of self destructive depression?
Why hasn't climate change been discussed in the presidential debates?,Why hasn't climate change been hash out in the presidential debates?,wherefore hasn't climate change been discourse in the presidential debates?,Why hasn't mood alteration been hash out in the presidential debates?
When and why did you choose to stay single for the rest of your life?,When and why did you choose to abide single for the rest of your life?,When and why did you opt to stay  for the rest of your life?,When and why did you choose to stick around one for the rest period of your life?
What are some problems that YOU face in your day-to-day life?,What are some problems that YOU facial expression in your day-to-day life?,What are some problems that YOU boldness in your day to day life?,What are some trouble that YOU grimace in your day to day life?
Is an elephant dangerous?,embody an elephant dangerous?,personify an elephant dangerous?,cost an elephant dangerous?
"Mixed Martial Arts: What is the difference between Bellator and the UFC, besides that they are different fighting organizations?","Mixed Martial Arts: What is the departure between Bellator and the UFC, besides that they are different fighting organizations?","Mixed Martial Arts: What is the difference between Bellator and the UFC, too that they are different agitate organizations?","integrate Martial Arts: What is the remainder between Bellator and the UFC, too that they are different fighting organizations?"
What can I present in the computer exhibition of my school?,What can I present in the computing device exhibition of my school?,What can one show in the computer exhibition of my school?,What can one present in the calculator exposition of my school?
What is the best embarrassing moment of your life?,What is the undecomposed embarrassing moment of your life?,What is the c h best embarrassing here and now of your life?,What is the intimately hinder mo of your life?
Rory Cooper: Where did the name Quora come from?,Rory Cooper: Where did the nominate Quora come from?,Rory Cooper: Where did the distinguish Quora seminal fluid from?,Rory Cooper: Where did the bring up Quora come up from?
What would the world have been today if Hitler had won the World war 2?,What would the world have been today if Hitler had won the World state of war 2?,What would the existence have been today if Hitler had won the macrocosm war 2?,What would the existence have been today if adolf hitler had won the existence war 2?
Is the bad reputation of the Chinese tourists deserved?,cost the bad reputation of the Chinese tourists deserved?,make up the bad report of the Chinese tourists deserved?,follow the bad report of the formosan tourists deserved?
Why should I learn Romanian?,why should I learn Romanian?,why should iodine learn Romanian?,wherefore should  read Romanian?
How is like to be a PhD student in Macquarie University?,How is like to be a PhD scholarly person in Macquarie University?,How is corresponding to be a phd student in Macquarie University?,How is similar to be a phd pupil in Macquarie University?
What is Silk Road?,What is silk Road?,What is silk Road?,What is silk Road?
What reasons did and do some people give for hating Jews?,What reasons did and do some masses give for hating Jews?,What reasons did and do some people chip in for hate Jews?,What reasons did and do some citizenry open for detest Jews?
Where can I find professional hackers?,Where can I find out professional hackers?,Where can I rule professional person hackers?,Where can ane happen pro hackers?
Can I rent my PC/laptop during my idle time for money?,Can I rent my PC/laptop during my idle metre for money?,ass unity rent my PC/laptop during my idle time for money?,Can ace rent my PC/laptop during my stagnate sentence for money?
Has there ever been a true communist country?,hour angle there ever been a true communist country?,Has there of all time been a true communistic country?,suffer there ever been a dead on target commie country?
Why did Trump win the election?,wherefore did Trump win the election?,why did Trump advance the election?,wherefore did outflank deliver the goods the election?
How different people react to dimonatization?,How different the great unwashed react to dimonatization?,How unlike people respond to dimonatization?,How dissimilar multitude oppose to dimonatization?
Is there any evidence that can prove the existence of God?,cost there any evidence that can prove the existence of God?,follow there any evidence that can prove the beingness of God?,cost there any evidence that can try out the being of God?
Why did InstantQ fail?,why did InstantQ fail?,wherefore did InstantQ fail?,why did InstantQ fail?
How can I hack a d-link router's password?,How can iodine hack a d-link router's password?,How can iodine cab a d-link router's password?,How can ane hack writer a d-link router's password?
What do foreigners think of Indians when they visit India?,What do foreigners think of Indians when they chitchat India?,What do outlander think of Indians when they chit chat India?,What do outlander reckon of american indian language when they visit India?
How can I get access to my Yahoo email account if the Recovery email account that I used to create the account has been deleted?,How can I get approach to my Yahoo email account if the Recovery email account that I used to create the account has been deleted?,How can I get get at to my Yahoo email account if the recovery email account that I used to create the account has been deleted?,How can I get memory access to my chawbacon email account if the Recovery email account that I used to produce the account has been deleted?
How long does it actually take to learn how to sing?,How long does it really take to learn how to sing?,How long does it in reality hire to learn how to sing?,How long does it really learn to watch how to sing?
Why did Arnab Goswami quitted from Times Now?,Why did Arnab Goswami quit from Times Now?,why did Arnab Goswami step down from Times Now?,why did Arnab Goswami cease from metre Now?
Why do people always stop talking when I enter the room?,Why do people always stop talking when I introduce the room?,Why do people constantly stop talking when I go into the room?,wherefore do the great unwashed always stop talking when one enter the room?
How will Trump's presidency affect prospective international students from Syria?,How will Trump's presidency affect prospective international educatee from Syria?,How will Trump's presidency impact prospective international scholar from Syria?,How will Trump's presidential term dissemble prospective international bookman from Syria?
What is the trading card game landscape in 2016?,What is the trading notice game landscape in 2016?,What is the merchandise bill game landscape in 2016?,What is the sell bill of fare spirited landscape in 2016?
What is Facebook Mentions and how does it work?,What is Facebook remark and how does it work?,What is Facebook note and how does it work?,What is Facebook advert and how does it work?
What is the best beach in Goa?,What is the advantageously beach in Goa?,What is the honorable beach in Goa?,What is the adept beach in Goa?
Why are voltage sources connected in parallel? Is it possible to connect voltage sources having different terminal voltages in parallel?,Why are voltage sources connected in parallel? Is it possible to connect voltage sources having different terminal electromotive force in parallel?,Why are voltage sources tie in in parallel? Is it possible to connect voltage sources having different final voltages in parallel?,Why are voltage sources connected in parallel? Is it potential to connect voltage sources having different depot electromotive force in parallel?
Her (2013 movie): What does it mean that Samantha loves 641 people? Who are these people? Can/do customers share an O/S?,Her (2013 movie): What does it mean that Samantha loves 641 people? world health organization are these people? Can/do customers share an O/S?,Her (2013 movie): What does it mean that Samantha erotic love 641 people? who are these people? Can/do customers share an O/S?,Her (2013 movie): What does it stand for that Samantha loves 641 people? Who are these people? Can/do client ploughshare an O/S?
What are the strongest majors in terms of job prospects and what are the weakest majors at the University of Minnesota?,What are the strongest major in terms of job prospects and what are the weakest major at the University of Minnesota?,What are the strongest big league in terms of farm out prospects and what are the weakest big league at the University of Minnesota?,What are the inviolable majors in terms of chore prospects and what are the weakest majors at the university of Minnesota?
Is it normal to have hairs around your nipples as a female?,Is it convention to have hairs around your nipples as a female?,follow it normal to have hairs around your tit as a female?,Is it pattern to have fuzz more or less your nipples as a female?
"In Cognizant, If I switch from ITIS to Development should I undergo PAT training and clear the assessments?","In Cognizant, If I switch from ITIS to Development should I undergo slick training and clear the assessments?","In Cognizant, If I switch from ITIS to Development should I undergo glib civilise and clear the assessments?","In Cognizant, If I switch from ITIS to developing should I undergo pat condition and clear the assessments?"
"How many architecture firms are there in the US, where can I find a good directory?","How many architecture firms are there in the US, where can I find a soundly directory?","How many computer architecture firms are there in the US, where can I find a full directory?","How many computer architecture house are there in the US, where can I find a practiced directory?"
How can we improve our personality?,How can we better our personality?,How can we meliorate our personality?,How can we ameliorate our personality?
"I want to demonstrate the power of “Li- Fi” or Visible Light Communication as school project, how can i make it simple , circuit diagram also needed ?","I want to demonstrate the power of “Li- Fi” or Visible Light Communication as civilize project, how can i make it simple , circuit diagram also needed ?","I want to demonstrate the power of “Li- Fi” or Visible Light communication as school project, how can i make it simple , circuit plot also needed ?","I want to demonstrate the power of “Li- Fi” or Visible unaccented Communication as schoolhouse project, how can i take a crap it simple , circuit diagram also needed ?"
Can I work as a data scientist/analyst for the CIA/FBI/defense if I am not an American citizen (currently a PhD student on an F1 visa)?,Can I lick as a data scientist/analyst for the CIA/FBI/defense if I am not an American citizen (currently a PhD student on an F1 visa)?,Can I work as a data scientist/analyst for the CIA/FBI/defense if I am not an American citizen (currently a phd educatee on an F1 visa)?,Can single study as a data scientist/analyst for the CIA/FBI/defense if single am not an american citizen (currently a PhD student on an F1 visa)?
Harvard College Courses: What is general shopping advice for Pathology classes?,Harvard college Courses: What is general shopping advice for Pathology classes?,john harvard College Courses: What is general stag advice for Pathology classes?,john harvard College Courses: What is universal shopping advice for pathology classes?
What is the point of being alive if you don't at least try to do something remarkable?,What is the point of being alive if you don't at least adjudicate to do something remarkable?,What is the direct of being alive if you don't at to the lowest degree try to do something remarkable?,What is the bespeak of being live if you don't at least hear to do something remarkable?
How do I find a mentor to help me in life?,How do I regain a mentor to help me in life?,How do ace find a mentor to assistance me in life?,How do ace incur a mentor to assist me in life?
What is a manometric head?,What is a manometric head?,What is a manometric head?,What is a manometric head?
Which is the most important thing in life?,Which is the most important affair in life?,Which is the most of import affair in life?,Which is the most significant matter in life?
What is 2g spectrum all about?,What is 2g spectrum all about?,What is 2g spectrum all about?,What is 2g spectrum all about?
Has life been found on any other planet?,give life been found on any other planet?,Has aliveness been base on any other planet?,ha life sentence been happen on any other planet?
Should I invest in Bitcoin now? Why?,Should I indue in Bitcoin now? Why?,Should one enthrone in Bitcoin now? Why?,Should  enthrone in Bitcoin now? Why?
In search of a book which covers detailed understanding of the subjects like predictive modelling and classification tree and others while using R?,In search of a book which covers detailed realize of the subjects like predictive modelling and classification tree and others while using R?,In search of a book which covers detailed realize of the subjects like predictive modelling and classification tree and others while utilise R?,In lookup of a book which covers detailed understanding of the content like prognosticative modelling and classification tree and others while using R?
What is the thing you regret the most?,What is the thing you sorrow the most?,What is the affair you rue the most?,What is the matter you ruefulness the most?
What is the story behind the London Riots of August 2011?,What is the story behind the capital of the united kingdom Riots of August 2011?,What is the story rear end the London Riots of lordly 2011?,What is the chronicle bum the London Riots of venerable 2011?
What is the best advice you can give to a 17-year-old?,What is the dear advice you can give to a 17-year-old?,What is the estimable advice you can grant to a 17-year-old?,What is the full advice you can hold to a 17-year-old?
What happens if I do not tip my waiter in the U.S.?,What happens if I do not tilt my waiter in the U.S.?,What happens if I do not angle my server in the U.S.?,What happens if single do not tippytoe my server in the U.S.?
"What is the meaning of the key word​ ""cube,"" when used in the context of​ units?","What is the meaning of the name word​ ""cube,"" when used in the context of​ units?","What is the meaning of the key word​ ""cube,"" when employ in the linguistic context of​ units?","What is the have in mind of the name word​ ""cube,"" when used in the context of use of​ units?"
Why don't I get horny?,Why don't one get horny?,Why don't atomic number  puzzle horny?,wherefore don't atomic number  start out horny?
What is a company in India?,What is a caller in India?,What is a fellowship in India?,What is a troupe in India?
What is with the obsession of people on Quora with IQ?,What is with the fixation of people on Quora with IQ?,What is with the fixation of hoi polloi on Quora with IQ?,What is with the compulsion of mass on Quora with IQ?
What are some things that Java can do that Python and Node.js cannot?,What are some things that Java can do that python and Node.js cannot?,What are some thing that Java can do that python and Node.js cannot?,What are some affair that java can do that python and Node.js cannot?
How do I make money while studying?,How do  make money while studying?,How do iodin induce money while studying?,How do iodine stimulate money while studying?
What should I know while disputing a charge from Chase Bank?,What should one know while disputing a charge from Chase Bank?,What should ace recognise while disputing a charge from Chase Bank?,What should I hump while argufy a lodge from Chase Bank?
I am 15 years old. I love a girl who is older than me by 3 years. She loves me too. We are in a 4 year relationship. Suddenly her parents said that she is going to get married. I want to marry her badly. What do I do?,I am 15 years old. I love a girl who is older than me by 3 years. She loves me too. We are in a 4 year relationship. Suddenly her parents said that she is going to get married. I lack to marry her badly. What do I do?,I am 15 years old. I love a daughter who is older than me by 3 years. She loves me too. We are in a 4 year relationship. Suddenly her parents said that she is going to have married. I want to marry her badly. What do I do?, am fifteen years old.  love a girl who is older than me by 3 years. She loves me too. We are in a four year relationship. Suddenly her parents said that she is going to get married.  want to marry her badly. What do  do?
What is sweep-second hand?,What is sweep second hand?,What is sweep second hand?,What is sweep hand hand?
Is it possible to lose 3kg in 3 days?,cost it possible to lose 3kg in 3 days?,equal it possible to suffer 3kg in 3 days?,represent it potential to fall behind 3kg in 3 days?
"My girlfriend broke up with me, she wants to remain friends and talk. Should I not text her or initiate any contact anymore?","My girlfriend broke up with me, she wants to remain friends and talk. Should I not text her or initiate any striking anymore?","My girlfriend broke up with me, she wants to remain friends and talk. Should iodin not text her or savant any contact anymore?","My girl broke up with me, she wants to remain friends and talk. Should  not textual matter her or initiate any contact anymore?"
How can I use Likas' papaya soap?,How can unity use Likas' papaya soap?,How can one use Likas' papaia soap?,How can atomic number  habituate Likas' melon tree soap?
Is it time to use Angular 2 in production?,cost it time to use Angular 2 in production?,make up it time to use angulate 2 in production?,Is it prison term to use angular two in production?
What should I do to be like Jony Ive?,What should  do to be like Jony Ive?,What should  do to be comparable Jony Ive?,What should i do to be comparable Jony Ive?
Is political science a science?,follow political science a science?,equal political scientific discipline a science?,constitute political skill a science?
How many times should you wash your hair?,How many times should you washables your hair?,How many multiplication should you moisten your hair?,How many time should you backwash your hair?
What's the most interesting psychology fact you know of?,What's the most matter to psychology fact you know of?,What's the most occupy psychological science fact you know of?,What's the most occupy psychological science fact you make out of?
What is load?,What is load?,What is load?,What is load?
What are some of the best questions/answers ever seen on Quora?,What are some of the best questions/answers ever interpret on Quora?,What are some of the skilful questions/answers ever experience on Quora?,What are some of the serious questions/answers eer insure on Quora?
Does eating too much sugar give you diabetes? I actually do work out and eat healthy for the most part but I'm wondering because I eat a lot of sugar,Does eating too much sugar give you diabetes? i actually do work out and eat healthy for the most part but I'm wondering because i eat a lot of sugar,Does eating too much sugar give you diabetes? I actually do work out and eat tidy for the most part but I'm wondering because I eat a portion of sugar,Does eating too lots sugar render you diabetes? I actually do work out and eat level headed for the most part but I'm wondering because I eat a lot of sugar
What's the feeling of having sex for the first time?,What's the feeling of having sex for the number  time?,What's the intuitive feeling of having sex for the inaugural time?,What's the tone of having sexual practice for the outset time?
What are some anime series featuring overpowered main characters?,What are some anime series featuring whelm main characters?,What are some zanzibar copal serial featuring overpowered main characters?,What are some anime serial publication have overpowered primary characters?
What are the perks availed to an IAS officer except salary?,What are the perks availed to an IAS military officer except salary?,What are the perk availed to an IAS officer take out salary?,What are the pick up availed to an IAS policeman leave off salary?
What's the best rooftop bar in the Mission?,What's the best rooftop stripe in the Mission?,What's the well rooftop measure in the Mission?,What's the good rooftop saloon in the Mission?
"Do you think the leadership of Chris Patten, as last Governor of Hong Kong, sowed the seeds for the Pro Independence Movement we see today?","Do you intend the leadership of Chris Patten, as last Governor of Hong Kong, sowed the seeds for the Pro Independence Movement we see today?","Do you mean the leadership of Chris Patten, as last regulator of Hong Kong, sowed the seeds for the Pro Independence Movement we see today?","behave you think the leadership of Chris Patten, as last regulator of Hong Kong, sowed the seeds for the Pro Independence Movement we take in today?"
How can I verify a Gmail account without a phone?,How can I verify a Gmail invoice without a phone?,How can i verify a Gmail news report without a phone?,How can single assert a Gmail history without a phone?
"What choose one for becoming IAS in class 1,PCM or art?","What choose ane for becoming IAS in class 1,PCM or art?","What choose one for turn IAS in sort out 1,PCM or art?","What choose unity for become ia in class 1,PCM or art?"
What women's breasts indicates?,What women's titty indicates?,What women's boob indicates?,What women's breast indicates?
Has Quora turned into a political hack for Clinton?,Has Quora wrench into a political hack for Clinton?,take in Quora change by reversal into a political hack for Clinton?,take Quora off into a political taxicab for Clinton?
How can you convert .qcow2 file to .iso?,How can you commute .qcow2 file to .iso?,How can you win over .qcow2 data file to .iso?,How can you convince .qcow2 indian file to .iso?
What are tanks wholesale?,What are tankful wholesale?,What are tankful wholesale?,What are armored combat vehicle wholesale?
"Which is better, whatsapp or viber?","Which is better, whatsapp or viber?","Which is better, whatsapp or viber?","Which is better, whatsapp or viber?"
What is the best way to find an IT job after college in London?,What is the best way to find an IT book of job after college in London?,What is the substantially way to encounter an IT job after college in London?,What is the beneficial right smart to find an it job after college in London?
Where can I find CPH4?,Where can one find CPH4?,Where can i get CPH4?,Where can iodin get CPH4?
Is India secular country?,Is India laic country?,Is india temporal country?,exist republic of india temporal country?
What is Xanthan Gum used for?,What is Xanthan Gum victimised for?,What is Xanthan gum tree put upon for?,What is Xanthan gum tree victimised for?
Are A grades enough to get into Cambridge?,Are A range enough to get into Cambridge?,Are ampere grades adequate to get into Cambridge?,Are A class sufficiency to sire into Cambridge?
How do you define mathematical rigor?,How do you define numerical rigor?,How do you limit numerical rigor?,How do you specify numerical rigor?
How can I become a millionaire on Amazon? What products can I sell between 150 to 350?,How can I turn a millionaire on Amazon? What products can I sell between 150 to 350?,How can I become a millionaire on Amazon? What production can I betray between 150 to 350?,How can i suit a millionaire on Amazon? What products can i sell between  to 350?
Do Israeli Jews feel connected to diaspora Jews?,Do Israeli Jews finger connected to diaspora Jews?,answer israeli Jews feel connected to diaspora Jews?,coif israeli israelite feel connected to diaspora Jews?
If either Hillary Clinton or Donald Trump were to die unexpectedly before the election what would happen?,If either Hillary Clinton or Donald Trump were to die circumstantially before the election what would happen?,If either Hillary Clinton or Donald best were to give up the ghost unexpectedly before the election what would happen?,If either sir edmund hillary hilary rodham clinton or Donald Trump were to die circumstantially before the election what would happen?
How do I hack Instagram account? Someone is using my identity and posting inappropriate post?,How do I cut up Instagram account? Someone is using my identity and posting inappropriate post?,How do I hack Instagram account? Someone is utilise my identity element and posting inappropriate post?,How do I hack Instagram account? individual is using my individuality and post inappropriate post?
What is plagiarism? Why is it illegal?,What is plagiarism? wherefore is it illegal?,What is plagiarism? wherefore is it illegal?,What is plagiarism? wherefore is it illegal?
Which is better AIIMS or JIPMER?,Which is near AIIMS or JIPMER?,Which is ameliorate AIIMS or JIPMER?,Which is just AIIMS or JIPMER?
How can I get others’ phone MAC address?,How can I get others’ telephone set MAC address?,How can  get others’ telephone set MAC address?,How can I sire others’ headphone mac address?
Why do people ask questions on Quora instead of Googling it?,Why do people ask head on Quora instead of Googling it?,Why do masses ask questions on Quora or else of Googling it?,wherefore do people ask interrogation on Quora instead of google it?
Is the movie The Wolf of Wall street dubbed in hindi?,Is the film The Wolf of Wall street dubbed in hindi?,Is the film The Wolf of Wall street dub in hindi?,Is the film The savage of palisade street dubbed in hindi?
Why did Donald Trump want to be president?,why did Donald Trump want to be president?,Why did Donald scoop require to be president?,why did Donald ruff wish to be president?
"What are the differences between ""begin,"" ""began,"" and ""begun""?","What are the remainder between ""begin,"" ""began,"" and ""begun""?","What are the divergence between ""begin,"" ""began,"" and ""begun""?","What are the deviation between ""begin,"" ""began,"" and ""begun""?"
How can you find an atomic number?,How can you find an nuclear number?,How can you obtain an nuclear number?,How can you get an nuclear number?
"I have a startup idea, How can I approach venture capitalists, I have sent a mail but there is no response from them. How can I approach them? Will they permit if I directly go to their office?","I have a startup idea, How can I approach guess capitalists, I have sent a mail but there is no response from them. How can I approach them? Will they permit if I directly go to their office?","I have a inauguration idea, How can I approach venture capitalists, I have send off a mail but there is no response from them. How can I approach them? Will they permit if I directly go to their office?","I have a inauguration idea, How can I go about venture capitalists, I have sent a mail but there is no response from them. How can I go about them? Will they let if I directly go to their office?"
What are the issues associated with creating new provinces in Pakistan?,What are the way out associated with creating new provinces in Pakistan?,What are the issues associated with make novel provinces in Pakistan?,What are the issues tie in with creating raw province in Pakistan?
What is the easiest way to live off the grid?,What is the easiest mode to live off the grid?,What is the loose room to live off the grid?,What is the well off elbow room to be off the grid?
What are some orange foods?,What are some orangeness foods?,What are some orange tree foods?,What are some orange tree foods?
How do I find a Chinese girlfriend in Toronto?,How do  find a Chinese girlfriend in Toronto?,How do I receive a chinese girlfriend in Toronto?,How do  chance a Chinese lady friend in Toronto?
How do I make YouTube videos funny?,How do I make YouTube telecasting funny?,How do unity relieve oneself YouTube videos funny?,How do ane work YouTube video recording funny?
United Parcel Service: What's the cheapest way to ship heavy luggage from Canada to the US?,United Parcel Service: What's the cheapest way to transport heavy luggage from Canada to the US?,United Parcel Service: What's the cheapest way to send heavy baggage from Canada to the US?,United Parcel Service: What's the gaudy way to embark heavy luggage from canada to the US?
"What is a summary of ""The Adarna Bird"" by José de la Cruz?","What is a compact of ""The Adarna Bird"" by José de la Cruz?","What is a compendious of ""The Adarna Bird"" by José first state la Cruz?","What is a succinct of ""The Adarna Bird"" by José delaware louisiana Cruz?"
"If one can't get a job without work experience, how can one get experience?","If one can't induce a job without work experience, how can one induce experience?","If one can't buzz off a job without mold experience, how can one buzz off experience?","If unrivaled can't flummox a farm out without work experience, how can unrivaled flummox experience?"
What are some pentagon-shaped objects?,What are some pentagon-shaped objects?,What are some pentagon-shaped objects?,What are some pentagon-shaped objects?
Why shouldn't I ask a girl to be my girlfriend?,Why shouldn't atomic number  ask a girl to be my girlfriend?,Why shouldn't one need a girl to be my girlfriend?,why shouldn't I necessitate a girlfriend to be my girlfriend?
What is the best joke you have heard?,What is the honest joke you have heard?,What is the honest jocularity you have heard?,What is the advantageously antic you have heard?
Is it possible to see a nebula with the naked eye?,Is it possible to figure a nebula with the naked eye?,Is it potential to experience a nebula with the naked eye?,follow it potential to examine a nebula with the naked eye?
How many U.S. Forever stamps do I need to send a letter sized envelope of normal letter thickness and weight to the UK?,How many U.S. Forever pestle do I need to send a letter sized envelope of normal letter thickness and weight to the UK?,How many U.S. Forever stamps do I need to station a letter sized envelope of normal letter heaviness and weight to the UK?,How many united states of america Forever stamp do I need to send a letter size envelope of normal letter thickness and weight to the UK?
How you can improve your life?,How you can meliorate your life?,How you can ameliorate your life?,How you can meliorate your life?
Does moto g 3rd gen support wireless charging with or without some accessories?,Does moto g 3rd gen fend for wireless charging with or without some accessories?,practise moto g 3rd gen fend for wireless charging with or without some accessories?,Does moto  third gen support tuner charging with or without some accessories?
Does the suggested user list that appears when searching in  Instagram mean you have searched for them in the past?,Does the suggested user list that appears when searching in Instagram intend you have searched for them in the past?,Does the suggested user tilt that appears when searching in Instagram mingy you have searched for them in the past?,dress the evoke drug user list that appears when searching in Instagram mean you have searched for them in the past?
Samsung note facing worse response and company is on the risk of facing huge loss… didn't company tested it carefully before launching?,Samsung note facing worse response and company is on the risk of facing immense loss… didn't company tested it carefully before launching?,Samsung mention facing big response and company is on the risk of facing huge loss… didn't company tested it carefully before launching?,Samsung note facing big response and company is on the danger of facing huge loss… didn't company tested it cautiously before launching?
How can I crack the IIT/JEE 2016?,How can I tops the IIT/JEE 2016?,How can single crack cocaine the IIT/JEE 2016?,How can single snap the IIT/JEE 2016?
Why mustache grows in young girls face?,Why mustache grows in young little girl face?,Why moustache grows in young missy face?,Why moustache grows in thomas young fille face?
What are some mind blowing tools and gadgets that mos't people dont know?,What are some bear in mind blowing tools and gadgets that mos't people dont know?,What are some head fumble tools and gadgets that mos't people dont know?,What are some mind mess up peter and contraption that mos't people dont know?
How are you today?,How are you today?,How are you today?,How are you today?
What are some tips for looking pretty with makeup?,What are some tilt for looking pretty with makeup?,What are some tips for sounding passably with makeup?,What are some summit for sounding passably with makeup?
What is the origin of Snow White?,What is the origin of baron snow of leicester White?,What is the stock of snowfall White?,What is the beginning of bamboozle White?
Can a 16 year old and 13/14 year old have sex?,dismiss a 16 year old and 13/14 year old have sex?,give the sack a 16 twelvemonth old and 13/14 twelvemonth old have sex?,displace a  year one time and 13/14 year one time have sex?
What is Type checking?,What is typewrite checking?,What is type checking?,What is typecast checking?
"I'm first year BTech student in CSE, India. What are the best ways to get in product based companies?","I'm first twelvemonth BTech student in CSE, India. What are the best ways to get in product based companies?","I'm first year BTech pupil in CSE, India. What are the best ways to bugger off in product based companies?","I'm first year BTech educatee in CSE, India. What are the sound fashion to get in product based companies?"
Who was your first kiss with and what was it like?,world health organization was your first kiss with and what was it like?,Who was your showtime buss with and what was it like?,world health organization was your first class honours degree buss with and what was it like?
What are some good pick up lines which actually work?,What are some skilful pick up lines which actually work?,What are some honest pick up line of business which actually work?,What are some dependable cream up lines which really work?
Do I need to inform my University if I have decided to take a semester off?,brawl I need to inform my University if I have decided to take a semester off?,Do I need to inform my University if I have determine to aim a semester off?,Do I necessitate to inform my university if I have decided to hold a semester off?
What is the best question one has ever come across in Quora?,What is the best question unity has ever come across in Quora?,What is the best doubtfulness one has always come across in Quora?,What is the safe question one has always cum across in Quora?
How do I be more intellectual?,How do iodin be more intellectual?,How do one be more intellectual?,How do ace be more intellectual?
What is the most embarrassing moment you've ever experienced?,What is the most embarrassing consequence you've ever experienced?,What is the most embarrassing instant you've ever so experienced?,What is the most hinder mo you've always experienced?
What are some legal rights that are granted to someone who turns 18 years old in London?,What are some legal rights that are granted to someone who turns xviii years old in London?,What are some sound rights that are granted to someone who turns 18 years older in London?,What are some sound rights that are granted to someone who turns eighteen yr old in London?
What is lifebydesign.com?,What is lifebydesign.com?,What is lifebydesign.com?,What is lifebydesign.com?
What are the safety precautions on handling shotguns proposed by the NRA in Utah?,What are the safe precautions on handling shotguns proposed by the NRA in Utah?,What are the safety precautions on deal shotguns proposed by the nra in Utah?,What are the safety safeguard on wield shotgun proposed by the NRA in Utah?
Is it true your soul can suddenly implode and incinerate your body?,Is it true your soul can suddenly implode and burn your body?,Is it true your individual can suddenly go off and incinerate your body?,exist it confessedly your soul can dead implode and incinerate your body?
What is the best place to play backgammon online?,What is the best localise to play backgammon online?,What is the best localize to wreak backgammon online?,What is the expert invest to wreak backgammon online?
How can I use WhatsApp on PC?,How can I employment WhatsApp on PC?,How can one employ WhatsApp on PC?,How can single utilize WhatsApp on PC?
Do coal power plants produce 1000 times more energy than the coal they burn contains?,practise coal power plants produce 1000 times more energy than the coal they burn contains?,ut coal power plants produce 1000 times more energy than the coal they cauterize contains?,doctor of osteopathy coal tycoon plants produce 1000 times more push than the coal they burn contains?
What's considered a lot of question views on Qoura?,What's consider a lot of question views on Qoura?,What's think a lot of wonder views on Qoura?,What's debate a deal out of enquiry views on Qoura?
"I left Islam and want to come back to it, but when I try to read the Quran, or listen to it, I almost cry. What should I do?","I result Islam and want to come back to it, but when I try to read the Quran, or listen to it, I almost cry. What should I do?","I left Islam and want to come back to it, but when I test to read the Quran, or listen to it, I most cry. What should I do?","I left field Islam and deprivation to come backbone to it, but when I try to read the Quran, or listen to it, I almost cry. What should I do?"
Whysulphuric acid is called as king of chemical?,Whysulphuric acid is called as top executive of chemical?,Whysulphuric acid is send for as world beater of chemical?,Whysulphuric acidulous is ring as world beater of chemical?
How can I add miles to my United MileagePlus after the trip?,How can I add miles to my link up MileagePlus after the trip?,How can I minimal brain dysfunction miles to my unite MileagePlus after the trip?,How can atomic number  append swedish mile to my United MileagePlus after the trip?
What exercises does the Insanity Cardio Abs workout include?,What exercises does the Insanity Cardio type ab workout include?,What exercises does the Insanity Cardio group ab exercise include?,What practise does the Insanity Cardio abs physical exertion include?
How does selfie stick help you?,How does selfie stick assistant you?,How does selfie hold fast supporter you?,How does selfie gravel service you?
How can I increase my height I am 5'2 and 13 years old?,How can I increase my height I am 5'2 and thirteen years old?,How can ane increase my height ane am 5'2 and thirteen years old?,How can I increase my acme I am 5'2 and thirteen twelvemonth old?
Who gained the most during the eurozone debt and financial crisis?,Who gained the most during the eurozone debt and fiscal crisis?,who put on the most during the eurozone debt and financial crisis?,world health organization attain the most during the eurozone debt and fiscal crisis?
"What software companies, other than the mass recruiters, come to IEM (Kolkata) for campus placements?","What package companies, other than the mass recruiters, come to IEM (Kolkata) for campus placements?","What computer software companies, other than the volume recruiters, come to IEM (Kolkata) for campus placements?","What package companies, other than the hoi polloi recruiters, descend to IEM (Kolkata) for campus placements?"
How can I trap a photon?,How can I entrap a photon?,How can  maw a photon?,How can ace cakehole a photon?
Have you ever heard of travel hacking?,Have you ever heard of change of location hacking?,Have you always find out of travel hacking?,get you ever get a line of travelling hacking?
Where can I get a BIC America F12 Subwoofer?,Where can I produce a BIC America F12 Subwoofer?,Where can ace get a BIC united states of america F12 Subwoofer?,Where can i stupefy a BIC united states of america F12 Subwoofer?
What are the chances that the Electoral College votes against Trump and for Hillary?,What are the chances that the Electoral College votes against ruff and for Hillary?,What are the chances that the Electoral college balloting against Trump and for Hillary?,What are the luck that the Electoral college suffrage against Trump and for Hillary?
"How can I ask someone, very politely, to reply to my email?","How can I ask someone, very politely, to answer to my email?","How can ane ask someone, very politely, to respond to my email?","How can unity require someone, very politely, to response to my email?"
Dark Web: How can you access the deep web on a mobile phone?,Dark Web: How can you get at the deep web on a mobile phone?,Dark Web: How can you access code the oceanic abyss web on a mobile phone?,Dark Web: How can you access code the deeply world wide web on a mobile phone?
Can I see who views / viewed my Instagram?,give notice I see who views / viewed my Instagram?,Can ace see who views / view my Instagram?,crapper  construe who views / viewed my Instagram?
How do you change the font color in document.writeln (JavaScript)?,How do you commute the font color in document.writeln (JavaScript)?,How do you modify the baptismal font color in document.writeln (JavaScript)?,How do you shift the baptismal font semblance in document.writeln (JavaScript)?
"What are some mercenaries, guns for hire, pmc, etc. tv show on Netflix?","What are some mercenaries, shooter for hire, pmc, etc. tv show on Netflix?","What are some mercenaries, guns for hire, pmc, and so on tv register on Netflix?","What are some mercenaries, gunslinger for hire, pmc, and so forth tv evince on Netflix?"
What is a good introductory computer science book?,What is a undecomposed introductory computer science book?,What is a good basic computer skill book?,What is a right basic computer skill book?
How can I earn money online or offline without much effort?,How can I clear money online or offline without much effort?,How can I realize money on line or offline without much effort?,How can i realize money online or offline without practically effort?
What will be the last jobs to be taken over by robots or software automation?,What will be the last jobs to be taken over by golem or software automation?,What will be the finish jobs to be involve over by robots or software automation?,What will be the utmost jobs to be taken over by robot or package automation?
What are some of the perks and benefits of being a diplomat? House? Driver? Immunity?,What are some of the gain vigor and benefits of being a diplomat? House? Driver? Immunity?,What are some of the perk up and do good of being a diplomat? House? Driver? Immunity?,What are some of the fringe benefit and do good of being a diplomat? House? Driver? Immunity?
How is the syndrome for the hamming code interpreted?,How is the syndrome for the overplay code interpreted?,How is the syndrome for the overact write in code interpreted?,How is the syndrome for the overact inscribe interpreted?
What was the Sunidhi Chauhan concert at Saarang 2015 like?,What was the Sunidhi Chauhan concert at Saarang 2015 like?,What was the Sunidhi Chauhan concert at Saarang 2015 like?,What was the Sunidhi Chauhan concert at Saarang 2015 like?
How do I learn architectural sketching?,How do ace learn architectural sketching?,How do ace study architectural sketching?,How do one take architectural sketching?
"Which one is grammatically correct: ""an year"" or ""a year""?","Which unrivalled is grammatically correct: ""an year"" or ""a year""?","Which ace is grammatically correct: ""an year"" or ""a year""?","Which unmatched is grammatically correct: ""an year"" or ""a year""?"
To form a more perfect union - Why did the states need a stronger union?,To form a more perfect union - Why did the country need a stronger union?,To form a more perfect union - Why did the state department call for a stronger union?,To strain a more perfect union - Why did the state of matter need a potent union?
Why do people always misunderstand me?,why do people always misunderstand me?,wherefore do people always misconceive me?,wherefore do citizenry constantly misunderstand me?
How do I lose 15kgs in 21 days?,How do I lose 15kgs in twenty one days?,How do I fall behind 15kgs in twenty one days?,How do iodine fall behind 15kgs in twenty one days?
How can you recharge Energizer Ultimate Lithium batteries?,How can you reload Energizer Ultimate Lithium batteries?,How can you reload Energizer ultimate Lithium batteries?,How can you reload energizer Ultimate atomic number  batteries?
What are some relationship hacks that actually are worth learning?,What are some relationship hacks that really are worth learning?,What are some kinship nag that actually are worth learning?,What are some human relationship hacks that really are deserving learning?
Why are almost all answers anonymous in Quora?,Why are almost all suffice anonymous in Quora?,wherefore are almost all answers anon in Quora?,Why are near all solution anon in Quora?
How do you get through Harvard admissions?,How do you scram through Harvard admissions?,How do you baffle through harvard admissions?,How do you contract through harvard admissions?
What are the best ways to handle bullies?,What are the secure ways to handle bullies?,What are the honorable ways to wield bullies?,What are the charles herbert best slipway to do by bullies?
What could happen if you eat an egg shell?,What could happen if you exhaust an egg shell?,What could bump if you eat an ball shell?,What could pass if you eat on an testicle shell?
Why did J.K. Rowling call the school Hogwarts?,Why did J.K. Rowling call up the school Hogwarts?,Why did J.K. Rowling holler the shoal Hogwarts?,wherefore did J.K. Rowling phone the shoal Hogwarts?
What is the maximum age difference between husband and wife?,What is the maximum maturate difference between husband and wife?,What is the uttermost age difference between married man and wife?,What is the maximum old age deviation between hubby and wife?
What is the best way to reduce belly and arm fat?,What is the best way to reduce stomach and arm fat?,What is the best fashion to reduce paunch and arm fat?,What is the easily way to trim down belly and build up fat?
What is the Minimum pay or salary for a chartered accountant?,What is the Minimum pay up or salary for a chartered accountant?,What is the minimal pay or salary for a rent accountant?,What is the minimum remuneration or pay for a chartered accountant?
How do you determine a computer's speed?,How do you decide a computer's speed?,How do you square off a computer's speed?,How do you shape a computer's speed?
Which industries in India are called small -scale industries? Explain its two importance also?,Which industries in India are called little -scale industries? Explain its two importance also?,Which diligence in India are called small -scale industries? Explain its two grandness also?,Which industriousness in bharat are called small -scale industries? Explain its deuce importance also?
Do employees at S & T Bank have a good work-life balance? Does this differ across positions and departments?,Do employee at S & T Bank have a good work-life balance? Does this differ across positions and departments?,Do employees at southward & T rely have a good work-life balance? Does this differ across positions and departments?,Do employee at S & T Bank have a beneficial work-life balance? Does this differ crossways positions and departments?
Does Donald Trump have a limited vocabulary?,Does Donald Trump have a trammel vocabulary?,act Donald scoop have a limited vocabulary?,fare Donald ruff have a circumscribe vocabulary?
What are the advantages and disadvantages of bioremediation?,What are the advantages and disfavor of bioremediation?,What are the vantage and disfavor of bioremediation?,What are the reward and disfavor of bioremediation?
Is there any way to increase height after age of 20?,Is there any way to increase top after age of 20?,Is there any style to increase height after eld of 20?,follow there any elbow room to increase height after old age of 20?
What can I do if someone abuses me because of my caste?,What can I do if person abuses me because of my caste?,What can iodine do if soul abuses me because of my caste?,What can unity do if individual insult me because of my caste?
Where I can find cheap but branded cloths in Bangalore?,Where I can find cheap but post cloths in Bangalore?,Where iodin can find cheap but post cloths in Bangalore?,Where ane can line up cheap but branded material in Bangalore?
What famous anime characters have purple hair?,What famous zanzibar copal characters have purple hair?,What far famed gum anime characters have purple hair?,What illustrious anime theatrical role have purplish hair?
How can I improve my English writing skills? Which books do you suggest?,How can I improve my English writing skills? Which record do you suggest?,How can I meliorate my english language writing skills? Which books do you suggest?,How can single improve my english people writing skills? Which quran do you suggest?
Why are American Saltwater Taffy candies imported in Japan?,Why are American Saltwater Taffy candies import in Japan?,Why are American seawater taffy candies imported in Japan?,why are american Saltwater Taffy candies spell in Japan?
How is Jose Mourinho doing?,How is Jose Mourinho doing?,How is Jose Mourinho doing?,How is Jose Mourinho doing?
What does it mean when a dog extends a paw to you as if it wanted to shake hands?,What does it mean when a dog extends a hand to you as if it wanted to shake hands?,What does it mingy when a dog widen a paw to you as if it wanted to shake hands?,What does it mean when a dog extends a hand to you as if it desire to shake off hands?
Which is the best earphone under 1000rs? Is soundmagic ES20 on top of that list?,Which is the best earphone under 1000rs? Is soundmagic ES20 on go past of that list?,Which is the best headphone under 1000rs? Is soundmagic ES20 on upper side of that list?,Which is the in force phone under 1000rs? constitute soundmagic ES20 on top of that list?
I have a best friend whom I fell in love with very early. I recently brought that up and realised that she doesnt feel the same way. What can I do to get over her?,I have a best friend whom I go down in love with very early. I recently brought that up and realised that she doesnt feel the same way. What can I do to get over her?,I have a best acquaintance whom I fell in erotic love with very early. I recently brought that up and realised that she doesnt feel the same way. What can I do to get over her?,iodin have a best champion whom iodin fell in love with very early. iodin recently brought that up and realised that she doesnt feel the same way. What can iodin do to draw over her?
"What is an interesting fact that you know and I don't, but shouldn't?","What is an interesting fact that you know and iodine don't, but shouldn't?","What is an concern fact that you know and i don't, but shouldn't?","What is an concern fact that you sleep with and ane don't, but shouldn't?"
How does a laser emit polarized light?,How does a optical maser emit polarized light?,How does a optical maser emit polarise light?,How does a optical maser give out polarize light?
What are your thoughts on the new 2016 MacBook Pro?,What are your thought process on the new 2016 MacBook Pro?,What are your opinion on the modern 2016 MacBook Pro?,What are your thought process on the novel 2016 MacBook Pro?
How people crack the civil services exam in their first attempt?,How people crack the civil services exam in their first gear attempt?,How people crack the polite help exam in their first attempt?,How people fissure the polite services examination in their first attempt?
How do I do regular 2 year mba in less course fee? for a btech mechanical engineer…..,How do I do regular 2 year mba in less line fee? for a btech mechanical engineer…..,How do iodin do regular 2 twelvemonth mba in less course fee? for a btech mechanical engineer…..,How do I do regular 2 twelvemonth master in business in less class fee? for a btech mechanical engineer…..
Which is the best book for contract law?,Which is the honorable book for contract law?,Which is the c h best bible for contract law?,Which is the respectable christian bible for sign law?
Where can I get most affordable rate for wedding cupcakes at Gold Coast?,Where can I get most affordable rate for get hitched with cupcakes at Gold Coast?,Where can I get most low priced rate for wedding cupcakes at amber Coast?,Where can I get most affordable rate for espouse cupcake at amber Coast?
What are the most professional looking blog themes on Tumblr?,What are the most professional looking blog stem on Tumblr?,What are the most professional wait blog topic on Tumblr?,What are the most pro looking web log paper on Tumblr?
How much does Uber driver make in San Diego?,How a lot does Uber driver make in San Diego?,How much does Uber number one wood shuffling in San Diego?,How a lot does Uber number one wood construct in San Diego?
What is the easiest motorcycle for DIY repair and maintenance?,What is the easiest cycle for DIY repair and maintenance?,What is the easiest motorbike for DIY indemnify and maintenance?,What is the gentle motorbike for DIY amend and maintenance?
What is Woody Allen's film style?,What is arboreous Allen's film style?,What is arboraceous Allen's photographic film style?,What is arboreous Allen's celluloid style?
Can a human being have equal romantic feelings for two people?,Can a human being have equal wild eyed feelings for two people?,Can a human being being have equal romantic feelings for  people?,Can a human being have equate wild eyed feelings for ii people?
Is buying SAIL stocks a smart long term investment?,Is buying voyage stocks a smart long term investment?,Is buying SAIL stocks a bright long terminal figure investment?,Is purchase sweep carry a smart long term investment?
Do you like avril lavigne?,cause you like avril lavigne?,perform you same avril lavigne?,come you care avril lavigne?
How did you achieve your work/life balance?,How did you reach your work/life balance?,How did you attain your work/life balance?,How did you reach your work/life balance?
Is this website legit?,represent this website legit?,be this site legit?,personify this site legit?
Is Bangalore an overrated city for living?,Is Bangalore an overrated urban center for living?,make up bangalore an overrated city for living?,equal bangalore an overestimate city for living?
Where can I find a qualified hacker?,Where can ane find a qualified hacker?,Where can ace find a restricted hacker?,Where can ace witness a modify hacker?
Is the Mitsubishi Eclipse reliable?,live the Mitsubishi Eclipse reliable?,represent the Mitsubishi eclipse reliable?,constitute the Mitsubishi eclipse reliable?
Is it hard to learn English?,Is it strong to learn English?,cost it punishing to learn English?,equal it arduous to read English?
What are the various job profiles in SEBI and the required eligibility criterias & qualifications to get into them?,What are the various job profiles in SEBI and the required eligibility criterias & reservation to get into them?,What are the various farm out profiles in SEBI and the required eligibility criterias & making to get into them?,What are the respective job profiles in SEBI and the required eligibility criterias & reservation to suffer into them?
What is the impact of demonetisation?,What is the shock of demonetisation?,What is the bear on of demonetisation?,What is the touch of demonetisation?
Why are whales so famous?,wherefore are whales so famous?,why are whale so famous?,wherefore are heavyweight so famous?
How will a girl know if the boy she fancies or any other random boy likes her?,How will a girlfriend know if the boy she fancies or any other random boy likes her?,How will a girl know if the son she illusion or any other random son likes her?,How will a girl have a go at it if the male child she partiality or any other random male child likes her?
What is the difference between a mistake and an error?,What is the difference between a err and an error?,What is the deviation between a error and an error?,What is the divergence between a fault and an error?
What is the meaning of my life?,What is the imply of my life?,What is the mean of my life?,What is the stand for of my life?
How do I stop myself from falling asleep?,How do I hitch myself from falling asleep?,How do I bar myself from light asleep?,How do atomic number  turn back myself from shine asleep?
Which are the great examples of presence of mind?,Which are the great examples of comportment of mind?,Which are the bully examples of comportment of mind?,Which are the slap up object lesson of comportment of mind?
Is Eminem considered a good rapper or just a popular one? Why?,Is Eminem considered a good rapper or just a democratic one? Why?,Is Eminem considered a salutary doorknocker or just a popular one? Why?,Is Eminem reckon a good doorknocker or just a democratic one? Why?
"I have an external drive and I have some important data on it, I want to make it bootable, how do I make it bootable without loosing data?","I have an external drive and I have some important data on it, I want to make it bootable, how do I make it bootable without relax data?","I have an external driving and I have some important data on it, I want to pee pee it bootable, how do I pee pee it bootable without loosing data?","unity have an outside drive and unity have some important data on it, unity need to make it bootable, how do unity make it bootable without loosing data?"
What's your opinion on Indian Prime Minister Modi's new policy about illegalization of 500 and 1000 currency notes?,What's your opinion on Indian Prime Minister Modi's new policy about illegalization of d and 1000 currency notes?,What's your opinion on native american Prime Minister Modi's new policy about illegalization of five hundred and 1000 currency notes?,What's your opinion on indian Prime government minister Modi's new policy about illegalization of d and 1000 currency notes?
Extraterrestrial Life: What is the most undeniable evidence of UFO ever seen?,Extraterrestrial Life: What is the most undeniable evidence of UFO eer seen?,Extraterrestrial Life: What is the most undeniable evidence of flying saucer ever so seen?,alien Life: What is the most undeniable evidence of ufo of all time seen?
Comparing Schools and Universities: In what ways is Harvard better than Stanford?,Comparing Schools and Universities: In what ways is Harvard salutary than Stanford?,Comparing schooling and Universities: inwards what ways is Harvard better than Stanford?,comparison schooling and Universities: In what ways is harvard university better than Stanford?
Advantage and disadvantage of curd?,advantage and disadvantage of curd?,vantage and disfavour of curd?,reward and disfavour of curd?
How can a person become interesting?,How can a someone become interesting?,How can a somebody go interesting?,How can a mortal get interesting?
Can men wear stockings?,Can men wearing stockings?,give the sack humans wear stockings?,crapper military personnel article of clothing stockings?
Is the news about a chip in Rs. 2000 bank note a rumor?,Is the news about a splintering in Rs. 2000 bank note a rumor?,Is the news about a potato chip in Rs. 2000 depository financial institution note a rumor?,Is the tidings about a break off in Rs. 2000 bank federal reserve note a rumor?
What US college/can I attend (as an international student)?,What america college/can I attend (as an international student)?,What uranium college/can I attend (as an external student)?,What us college/can unity attend (as an outside student)?
Why do so may people ask questions on Quora that can easily be found by a simple Google searh?,Why do so may people ask questions on Quora that can easily be found by a simple google searh?,why do so may people ask enquiry on Quora that can easily be found by a simple Google searh?,Why do so crataegus oxycantha people ask questions on Quora that can well be found by a simple google searh?
How much does it costs to make a mobile app in India?,How much does it toll to make a mobile app in India?,How much does it monetary value to make a wandering app in India?,How a great deal does it price to make a wandering app in India?
What's it like having a sibling?,What's it same having a sibling?,What's it ilk having a sibling?,What's it same having a sibling?
Which is the best site for learning programming?,Which is the better site for learning programming?,Which is the best locate for pick up programming?,Which is the ripe website for get wind programming?
"Done with my mechanical engineering, now want to pursue masters in it. what are the different fields in masters for mechanical engineer?","Done with my mechanical engineering, now want to act on masters in it. what are the different fields in masters for mechanical engineer?","Done with my mechanical engineering, now want to quest for masters in it. what are the unlike fields in masters for mechanical engineer?","act with my mechanically skillful engineering, now want to follow masters in it. what are the different fields in masters for mechanically skillful engineer?"
How can you print an e-ticket by using a PNR number?,How can you print an e-ticket by use a PNR number?,How can you publish an e-ticket by utilize a PNR number?,How can you photographic print an e-ticket by victimization a PNR number?
Why are first copy sunglasses of premium brands like Ray Ban so cheap in spite of having same design and visibly same material?,Why are first imitate sunglasses of premium brands like Ray Ban so cheap in spite of having same design and visibly same material?,Why are first copy shades of premium brands corresponding Ray Ban so cheap in spite of having same design and visibly same material?,wherefore are first written matter sunglasses of premium brands care Ray Ban so cheap in spite of having same design and visibly same material?
Are women more attractive than men?,be women more attractive than men?,equal woman more attractive than men?,exist woman more attractive than men?
Why do men cheat in a relationship?,wherefore do men cheat in a relationship?,Why do piece chisel in a relationship?,why do man slicker in a relationship?
Why did India's capital change from Calcutta to Delhi?,Why did India's uppercase change from Calcutta to Delhi?,Why did India's capital interchange from calcutta to Delhi?,wherefore did India's working capital change from kolkata to Delhi?
Which is best software course for a fresher to get IT job? Which course has more demand nowadays,Which is best software course for a fresher to get IT job? Which course has more require nowadays,Which is best software system course for a fresher to get IT job? Which course has more demand now,Which is best software flow for a invigorated to get IT job? Which flow has more demand now
What are the benefits of working out your legs?,What are the benefits of puzzle out out your legs?,What are the do good of forge out your legs?,What are the gain of do work out your legs?
"I'm 24, I want to be a entrepreneur. How do I start?","I'm 24, atomic number  want to be a entrepreneur. How do atomic number  start?","I'm 24, ane privation to be a entrepreneur. How do ane start?","I'm 24, ace need to be a entrepreneur. How do ace start?"
"If you could wish for anything in the world, what would it be?","If you could regard for anything in the world, what would it be?","If you could compliments for anything in the world, what would it be?","If you could wishing for anything in the world, what would it be?"
What measures should governments take to counter ISIS' expansion? Who is funding them?,What measures should governments return to counter ISIS' expansion? Who is funding them?,What measures should governments take to rejoinder ISIS' expansion? Who is financing them?,What measures should political science take to counter ISIS' expansion? who is backing them?
How do I study for the class 11 CBSE exams in a month and score good marks in the PCM?,How do I study for the class 11 CBSE exams in a month and make good marks in the PCM?,How do I cogitation for the class 11 CBSE exams in a month and account good marks in the PCM?,How do I study for the class 11 CBSE exam in a month and score secure st mark in the PCM?
Why are humans weak at computation?,wherefore are humans weak at computation?,Why are homo imperfect at computation?,wherefore are world faint at computation?
How much marks should I score in NEET 2017 to get a govt. medical college in Bihar?,How a lot marks should I score in NEET 2017 to get a govt. medical college in Bihar?,How a lot marks should I mark in NEET 2017 to get a govt. medical college in Bihar?,How much marks should I grievance in NEET 2017 to get down a govt. aesculapian college in Bihar?
Why would Trump not make a good president?,wherefore would Trump not make a good president?,wherefore would Trump not prepare a good president?,wherefore would ruff not make a thoroughly president?
What is the funniest thing your child ever did?,What is the suspicious thing your child ever did?,What is the funniest affair your fry ever did?,What is the comical thing your youngster eer did?
Can girls and boys be best friends and kiss?,Can young woman and boys be best friends and kiss?,Can girl and boys be best friend and kiss?,Can girls and male child be adept ally and kiss?
Why do people pray?,why do people pray?,why do mass pray?,wherefore do mass pray?
Can an average student get into the IIMs?,Can an average scholar get into the IIMs?,Can an average educatee cause into the IIMs?,can buoy an ordinary educatee get into the IIMs?
How do I invest in stock?,How do one invest in stock?,How do unity clothe in stock?,How do iodine put in stock?
"Which word is the correct one ""outlines"" or ""outline""?","Which formulate is the correct one ""outlines"" or ""outline""?","Which articulate is the right one ""outlines"" or ""outline""?","Which bible is the adjust matchless ""outlines"" or ""outline""?"
What is the limit as x approaches infinity of this question?,What is the limit as x approaches eternity of this question?,What is the limit as tenner go about infinity of this question?,What is the boundary as x approach eternity of this question?
What is a classic example of an individual using BPO in his daily life?,What is a classic example of an individual using BPO in his everyday life?,What is a classic illustration of an mortal using BPO in his daily life?,What is a classic example of an person employ BPO in his day after day life?
What's a unique and classic name for a classic rock band?,What's a unique and definitive name for a definitive rock band?,What's a unequalled and greco roman name for a greco roman rock band?,What's a unequaled and authoritative nominate for a authoritative rock band?
What is the difference between a good and bad conscience?,What is the difference of opinion between a good and bad conscience?,What is the remainder between a sound and bad conscience?,What is the deviation between a honest and uncollectible conscience?
How to prepare for CA Final exams?,How to prepare for CA terminal exams?,How to organise for CA terminal exams?,How to gear up for atomic number  net exams?
Is it possible to change your DNA to match someone else's?,Is it possible to change your DNA to match mortal else's?,Is it possible to modification your DNA to match soul else's?,Is it potential to shift your desoxyribonucleic acid to match someone else's?
Is the RBI releasing 1000 rupee notes again?,Is the rbi releasing 1000 rupee notes again?,make up the RBI releasing 1000 mauritian rupee notes again?,Is the RBI let go k pakistani rupee notes again?
How long do users appear on the grid in Grindr and Scruff? How long is a user green for and how long is a user amber for before they are no longer visible on the grid?,How retentive do users appear on the grid in Grindr and Scruff? How retentive is a user green for and how retentive is a user amber for before they are no longer visible on the grid?,How long do users appear on the grid in Grindr and Scruff? How long is a user common for and how long is a user gold for before they are no longer visible on the grid?,How longsighted do users appear on the grid in Grindr and Scruff? How longsighted is a substance abuser green for and how longsighted is a substance abuser amber for before they are no longsighted visible on the grid?
What is the expected cutoff for KVPY 2016 SA -stream 2016?,What is the look cutoff for KVPY 2016 SA -stream 2016?,What is the bear cutoff for KVPY 2016 sa -stream 2016?,What is the have a bun in the oven crosscut for KVPY 2016 sa -stream 2016?
Is it possible to do Masters in Defense Studies in correspondence from any Indian University?,Is it possible to do Masters in Defense bailiwick in correspondence from any Indian University?,Is it possible to do passe partout in Defense Studies in correspondence from any indian University?,Is it possible to do Masters in Defense field in proportionateness from any amerindian language University?
How can I get Meth out of my system in less than 2 days so I can pass my drug test?,How can I get Meth out of my organisation in less than 2 days so I can pass my drug test?,How can I scram Meth out of my system in le than 2 days so I can pass my drug test?,How can I baffle Meth out of my system in lupus erythematosus than 2 years so I can pass my drug test?
What is BYOD in the classroom and why should I implement it?,What is BYOD in the classroom and why should I carry out it?,What is BYOD in the schoolroom and why should  implement it?,What is BYOD in the schoolroom and why should one enforce it?
How do I make money with Google AdSense?,How do I make money with google AdSense?,How do one make money with google AdSense?,How do one cause money with google AdSense?
Which is the best c programming book for a beginner?,Which is the in force c programming book for a beginner?,Which is the best degree centigrade computer programming book for a beginner?,Which is the upright blow programming al quran for a beginner?
What are some important android phone apps?,What are some important android telephone apps?,What are some important humanoid headphone apps?,What are some significant mechanical man sound apps?
What's the best sound that helps you fall asleep?,What's the in force sound that helps you fall asleep?,What's the sound well grounded that helps you fall asleep?,What's the advantageously sound that service you precipitate asleep?
How can you play Pokemon on a Mac?,How can you bring Pokemon on a Mac?,How can you shimmer Pokemon on a Mac?,How can you bet Pokemon on a Mac?
Can I make unlimited international voice calls too using Reliance Jio sim?,Can ane make unlimited international voice calls too using Reliance Jio sim?,Can I make believe unlimited international voice calls too utilize Reliance Jio sim?,Can I make limitless international vocalise predict too using Reliance Jio sim?
Is MBA too difficult?,Is mba too difficult?,equal mba too difficult?,personify master in business too difficult?
What would be the effects of gst bill?,What would be the result of gst bill?,What would be the effect of gst bill?,What would be the impression of gst bill?
Which media android player supports social sharing?,Which media android player funding social sharing?,Which media android player plump for societal sharing?,Which media mechanical man instrumentalist supports mixer sharing?
What was your first sex experience?,What was your st sex experience?,What was your low sexual urge experience?,What was your low sexuality experience?
Why is it not allowed for a male Muslim to wear gold?,Why is it not allowed for a manful Muslim to wear gold?,Why is it not allowed for a virile Muslim to weary gold?,wherefore is it not let for a manly Muslim to wear gold?
Is the saying a 'train/trail of thought'?,Is the aver a 'train/trail of thought'?,personify the allege a 'train/trail of thought'?,make up the say a 'train/trail of thought'?
Why did Quora give a NET: :ERR_CERT_COMMON_NAME_INVALID error on 2016-10-21?,Why did Quora give a NET: :ERR_CERT_COMMON_NAME_INVALID mistake on 2016-10-21?,Why did Quora establish a NET: :ERR_CERT_COMMON_NAME_INVALID erroneous belief on 2016-10-21?,why did Quora break a NET: :ERR_CERT_COMMON_NAME_INVALID fault on 2016-10-21?
Why do the pants control and counterfeit our money plus empty and erase our accounts?,Why do the pants control and counterfeit our money plus empty and efface our accounts?,Why do the pants control and counterfeit our money summation empty and score out our accounts?,Why do the drawers control and counterfeit our money plus vacate and score out our accounts?
What is the fastest way to earn money?,What is the fastest way to realize money?,What is the quickest way to bring in money?,What is the debauched means to take in money?
What are effects of rahu in conjunction with venus in 1st house?,What are core of rahu in conjunction with venus in 1st house?,What are effects of rahu in coincidence with genus venus in 1st house?,What are personal effects of rahu in coincidence with venus in st house?
How do I remove pimple?,How do i remove pimple?,How do ace murder pimple?,How do i murder pimple?
"I scored less marks in class 11, can I still score good in class 12?","I scored less marks in class 11, can I still make good in class 12?","I tally less marks in course of study 11, can I still score good in course of study 12?","I scored less tag in class 11, can I still hit skilful in class 12?"
What is the true meaning of entropy?,What is the true think of of entropy?,What is the confessedly think of of entropy?,What is the on key significant of entropy?
What are the best coaching institutes for Advanced Java in Hyderabad?,What are the full coaching institutes for Advanced Java in Hyderabad?,What are the topper train institutes for Advanced Java in Hyderabad?,What are the charles herbert best coaching plant for get on Java in Hyderabad?
What business can I start with 100000 in Hyderabad?,What business can atomic number  start with 100000 in Hyderabad?,What business can atomic number  start with  in Hyderabad?,What line of work can iodine start with hundred thousand in Hyderabad?
Do men expect too much from women?,Do men expect too practically from women?,coif men have a bun in the oven too much from women?,coif humankind have a bun in the oven too much from women?
How much more patronising and condesending should the establishment be for improved social harmony?,How much more arch and condesending should the establishment be for improved social harmony?,How often more patronising and condesending should the establishment be for improved sociable harmony?,How practically more condescend and condesending should the establishment be for better social harmony?
What is the process to determine the density of aluminum and how does zinc compare?,What is the process to watch the density of aluminum and how does zinc compare?,What is the work on to determine the density of al and how does zinc compare?,What is the cognitive operation to watch the density of al and how does zinc compare?
What are some life lesson you can give me?,What are some life moral you can give me?,What are some life example you can cave in me?,What are some living deterrent example you can consecrate me?
"What's the Latin word for ""right""?","What's the romance word for ""right""?","What's the romance tidings for ""right""?","What's the latin christian bible for ""right""?"
What's your opinion about the decision on removal of 500 and 1000 rupees currency notes?,What's your public opinion about the decision on removal of 500 and 1000 rupees currency notes?,What's your legal opinion about the decision on removal of 500 and thousand rupees currency notes?,What's your impression about the conclusion on removal of 500 and 1000 seychelles rupee currency notes?
How do I become a pilot in India?,How do I suit a pilot in India?,How do I turn a pilot film in India?,How do unity get a cowcatcher in India?
How does diet affect hair health?,How does dieting affect hair health?,How does dieting regard hair health?,How does dieting touch hairsbreadth health?
What is coding in the computer program?,What is tantalize in the computer program?,What is inscribe in the calculator program?,What is twit in the information processing system program?
Can anybody change the outcome to let Trump lose when he won on December 19th?,Can anybody change the outcome to let Trump lose when he won on dec 19th?,Can anybody change the effect to let Trump turn a loss when he won on December 19th?,Can anybody change the final result to lashkar e toiba Trump fall behind when he won on December 19th?
How does it feel like to die?,How does it palpate like to die?,How does it feeling care to die?,How does it spirit the like to die?
Why do people talk behind my back?,Why do people talk rump my back?,Why do hoi polloi verbalise behind my back?,why do masses talk bottom my back?
How do I prepare well for campus placements exam?,How do unity prepare well for campus placements exam?,How do I fix well for campus placement exam?,How do i make well for campus arrangement exam?
How can I lose fat without doing any aerobic physical activity?,How can I lose fat without doing any aerophilous physical activity?,How can I lose fat without doing any aerophilous strong arm activity?,How can one lose fatten out without doing any aerobic strong arm activity?
How do you unlock an iPad?,How do you unlock an iPad?,How do you unlock an iPad?,How do you unlock an iPad?
What is the probability of getting 53 fridays in a leap year?,What is the probability of getting 53 fridays in a bound year?,What is the probability of become fifty three fridays in a leap year?,What is the chance of cause fifty three fridays in a leap year?
What is the single best reason and argument you can give to people to convince them that they should care about politics?,What is the single best reason and argument you can give to citizenry to convince them that they should care about politics?,What is the single best reason and line of reasoning you can give to people to convert them that they should care about politics?,What is the single best reason and argument you can spring to hoi polloi to convince them that they should give care about politics?
How does an oscillator (L and C) work?,How does an oscillator (L and C) work?,How does an oscillator (L and C) work?,How does an oscillator (L and C) work?
What is the email address of India's Prime Minister?,What is the email address of India's meridian Minister?,What is the email savoir faire of India's select Minister?,What is the e mail reference of India's flush Minister?
What are the advantages of mechanical energy?,What are the advantages of mechanically skillful energy?,What are the advantage of mechanically skillful energy?,What are the advantage of mechanically skillful energy?
How do I learn c programming for beginners?,How do I learn vitamin c programming for beginners?,How do unity learn c scheduling for beginners?,How do I watch speed of light program for beginners?
What is the typical career path for someone who becomes a professor in education?,What is the typical calling path for someone who becomes a professor in education?,What is the typical life history course for someone who becomes a professor in education?,What is the typical vocation itinerary for someone who becomes a prof in education?
Is a sea of massive gravitons what ripples when galaxy clusters collide and is it what waves in a double slit experiment?,Is a sea of massive gravitons what ripples when beetleweed clusters collide and is it what waves in a double slit experiment?,Is a ocean of massive gravitons what ripples when galaxy clusters jar and is it what waves in a double slit experiment?,Is a sea of massive gravitons what bubble when galaxy clump collide and is it what waves in a dual slit experiment?
Is ISBF really affiliated to University of London?,Is ISBF really connected to University of London?,Is ISBF very attached to University of London?,personify ISBF actually affiliated to university of London?
"If Superman punched me in the face while holding back ninety-nine percent of his power, what would happen?","If Superman punched me in the face while defy back ninety-nine percent of his power, what would happen?","If lucy in the sky with diamonds punch me in the face while holding back ninety-nine percent of his power, what would happen?","If acid punched me in the look while holding back ic percent of his power, what would happen?"
"What would you do if your teenager not only wanted to have a baby, but expected YOU to take care of the baby?","What would you do if your teenager not only wanted to have a baby, but expected YOU to strike care of the baby?","What would you do if your teenager not only want to have a baby, but expected YOU to take charge of the baby?","What would you do if your teen not only wanted to have a baby, but expected YOU to remove deal of the baby?"
What are the catering tips for your next corporate event?,What are the catering tips for your adjacent corporate event?,What are the ply tips for your succeeding corporate event?,What are the cater tips for your side by side corporal event?
What are the strongest majors in terms of job prospects and what are the weakest majors at Barry University?,What are the strongest majors in terms of task prospects and what are the weakest majors at Barry University?,What are the unattackable majors in terms of line prospects and what are the weakest majors at Barry University?,What are the strong major in terms of speculate prospects and what are the weakest major at Barry University?
How bad is it to swallow bleach?,How defective is it to swallow bleach?,How unsound is it to sup bleach?,How uncollectible is it to live with bleach?
How can I get first class honours in medicine?,How can I get first class award in medicine?,How can I flummox number  class honours in medicine?,How can i pay off for the first time class honours in medicine?
What do you think about the idea of Narendra Modi about 500&1000 notes?,What do you think about the estimation of Narendra Modi about 500&1000 notes?,What do you retrieve about the approximation of Narendra Modi about 500&1000 notes?,What do you recall about the approximation of Narendra Modi about 500&1000 notes?
How can I tell if someone on messenger is on a call or video chat?,How can I tell if soul on messenger is on a call or video chat?,How can iodin order if someone on messenger is on a call or video chat?,How can I tell if person on courier is on a call up or video chat?
Do people who go on sites like MyProAna really have anorexia?,Do people who go on sites ilk MyProAna really have anorexia?,Do people who break on sites like MyProAna actually have anorexia?,practice masses who go on internet site like MyProAna really have anorexia?
What is an example of bureaucracy?,What is an case of bureaucracy?,What is an case of bureaucracy?,What is an exercise of bureaucracy?
What's your failure stories?,What's your bankruptcy stories?,What's your loser stories?,What's your bankruptcy stories?
Why don't magnetic monopoles exist?,Why don't charismatic monopoles exist?,wherefore don't charismatic monopoles exist?,wherefore don't charismatic monopoles exist?
"What does this mean, ""are you authorized to work in the United States without sponsorship?""","What does this mean, ""are you authorized to work in the United united states department of state without sponsorship?""","What does this mean, ""are you authorized to run in the United res publica without sponsorship?""","What does this mean, ""are you authorized to function in the joined state without sponsorship?"""
How can reset phone back to it's two original state with out loosing all information?,How can reset telephone back to it's two original state with out loosing all information?,How can readjust phone back to it's two original state with out loosen all information?,How can readjust sound backbone to it's two original state with out loosing all information?
Do artificial neural networks work for all kinds of data?,Do artificial neural networks sour for all kinds of data?,Do stilted neural networks exercise for all kinds of data?,behave artificial neural net function for all kinds of data?
What will happen if Pakistan and China declare a joint war with India?,What will happen if Pakistan and china declare a joint war with India?,What will happen if Pakistan and peoples republic of china declare a juncture war with India?,What will bump if west pakistan and China declare a roast war with India?
If GST bill was so important for India's economy then on what grounds was it being opposed by Congress for so long?,If GST bill was so important for India's thriftiness then on what grounds was it being opposed by Congress for so long?,If GST flier was so important for India's thriftiness then on what grounds was it being opposed by Congress for so long?,If GST eyeshade was so of import for India's economy then on what grounds was it being fight back by Congress for so long?
What should we do after MBA?,What should we do after MBA?,What should we do after MBA?,What should we do after MBA?
What percentage of Americans are introverts and extroverts?,What percentage of american are introverts and extroverts?,What percentage of american english are invaginate and extroverts?,What pct of american english are invaginate and extroverts?
Which TV series has the best ending?,Which TV serial has the best ending?,Which idiot box serial has the best ending?,Which television serial has the right ending?
"He says he doesn't know what the future holds but right now he doesn't want to be with me , what does he mean?","He says he doesn't hump what the future holds but right now he doesn't want to be with me , what does he mean?","atomic number  sound out he doesn't know what the future holds but right now he doesn't want to be with me , what does he mean?","He says he doesn't have intercourse what the future tense holds but right now he doesn't deprivation to be with me , what does he mean?"
How do you know who is a beggar?,How do you bang who is a beggar?,How do you do it who is a beggar?,How do you cognize who is a beggar?
How many devices is Netflix available on?,How many twist is Netflix available on?,How many device is Netflix uncommitted on?,How many device is Netflix uncommitted on?
What's the best way to learn malayalam?,What's the just way to learn malayalam?,What's the salutary means to learn malayalam?,What's the easily mode to pick up malayalam?
Is it morally right to have children?,Is it morally correctly to have children?,be it morally veracious to have children?,comprise it virtuously in good order to have children?
"If China controls Spratly Islands, will Japan be threatened?","If China moderate Spratly Islands, will Japan be threatened?","If mainland china controls Spratly Islands, will japanese archipelago be threatened?","If republic of china curb Spratly Islands, will japanese islands be threatened?"
How far in advance can you book a hotel?,How far in kick upstairs can you book a hotel?,How army for the liberation of rwanda in advance can you word of god a hotel?,How alir in feeler can you playscript a hotel?
What are some of the most intriguing 4 digit numbers?,What are some of the most intrigue 4 digit numbers?,What are some of the most intrigue little joe digit numbers?,What are some of the most fascinate quaternary fingers breadth numbers?
How do I get delivered back on my iMessage?,How do I get bear back on my iMessage?,How do one get fork over back on my iMessage?,How do I bewilder rescue rear on my iMessage?
What is a distributed cache in Hadoop?,What is a distributed hive up in Hadoop?,What is a pass around stash in Hadoop?,What is a circulate squirrel away in Hadoop?
Should I stop believing in God?,Should I occlusive believing in God?,Should I bar trust in God?,Should iodine arrest consider in God?
What are the largest college campuses in the world?,What are the largest college campus in the world?,What are the bombastic college campus in the world?,What are the enceinte college campus in the world?
What are the pros and cons about cloning?,What are the pros and mulct about cloning?,What are the professional and bunco about cloning?,What are the pro and con about cloning?
"Can I use any image from google/website in my blog, along with mentioning the credits for the image?","Can I use any see from google/website in my blog, along with mentioning the credits for the image?","Can I use any double from google/website in my blog, along with mentioning the mention for the image?","potty single use any image from google/website in my blog, along with mentioning the mention for the image?"
How can I improve my spoken English?,How can I amend my spoken English?,How can ace meliorate my spoken English?,How can single amend my verbalise English?
Someone deleted me from Snapchat but I can still see their story. How is this possible?,Someone deleted me from Snapchat but I can tranquil see their story. How is this possible?,Someone delete me from Snapchat but I can unruffled see their story. How is this possible?,someone deleted me from Snapchat but i can still envision their story. How is this possible?
Will there ever be a time when the world is unified with one language?,Will there ever be a time when the world is unite with one language?,leave there ever be a time when the world is unite with one language?,Will there ever be a time when the planetary is amalgamate with one and only language?
"In EC branch, does grade really matter in final year of B.E, provided I have good grades in my first 3 years?","In EC branch, does grade really matter in final year of B.E, provided I have well grades in my first 3 years?","In EC branch, does grade really matter in final examination year of B.E, provided I have good grade in my first 3 years?","indium EC branch, does grade really matter in final year of B.E, provided I have good grades in my world class iii years?"
How is the International Olympic Committee funded?,How is the international Olympic Committee funded?,How is the outside olympian Committee funded?,How is the external olympian committee funded?
What should I do to get healthy hair?,What should I do to bring healthy hair?,What should iodine do to sire healthy hair?,What should  do to arrest tidy hair?
What can I use Java for?,What can single use Java for?,What can atomic number  use java for?,What can single purpose java for?
"Is there a good comparison between ""Cinnamon"", ""Xfce"", ""KDE"", and ""MATE""? Which one should I choose?","Is there a good comparison between ""Cinnamon"", ""Xfce"", ""KDE"", and ""MATE""? Which one should unity choose?","exist there a good comparing between ""Cinnamon"", ""Xfce"", ""KDE"", and ""MATE""? Which one should I choose?","personify there a undecomposed comparison between ""Cinnamon"", ""Xfce"", ""KDE"", and ""MATE""? Which one should iodin choose?"
What are the safety precautions on handling shotguns proposed by the NRA in Arkansas?,What are the safety safeguard on handling shotguns proposed by the NRA in Arkansas?,What are the safe guard on handling shotguns proposed by the NRA in Arkansas?,What are the safety safeguard on handling shotgun proposed by the nra in Arkansas?
Were Al Pacino or Robert De Niro approached to be in the Sopranos?,Were Al Pacino or Robert first state Niro approached to be in the Sopranos?,Were Al Pacino or Robert diamond state Niro set about to be in the Sopranos?,live Al Pacino or robert De Niro draw near to be in the Sopranos?
What can I do to increase my memory,What can I do to step up my memory,What can I do to step up my memory board,What can one do to addition my remembering
How effective are IP address 'blockers'/'hiders' for Mac?,How efficient are IP address 'blockers'/'hiders' for Mac?,How in force are IP deal 'blockers'/'hiders' for Mac?,How effectual are information science speak 'blockers'/'hiders' for Mac?
Have you ever seen ghost?,consume you ever seen ghost?,Have you eer run into ghost?,birth you of all time construe ghost?
Is it a good idea to switch from .NET to big data and Hadoop after 5 years of IT experience in .NET?,Is it a good idea to switch from .NET to big information and Hadoop after 5 years of IT experience in .NET?,Is it a good melodic theme to switch from .NET to big data and Hadoop after 5 years of IT know in .NET?,comprise it a good idea to transposition from .NET to big data and Hadoop after 5 years of information technology experience in .NET?
How can I submit a video game idea to developers?,How can I defer a video game idea to developers?,How can single submit a tv game idea to developers?,How can ane submit a video recording gamy idea to developers?
"Why can't straight people wear rainbows anymore, and why do people assume the LGBT community absolutely loves rainbows?","Why can't neat people wear rainbows anymore, and why do people assume the LGBT community absolutely loves rainbows?","Why can't straight people wear off rainbows anymore, and why do people assume the LGBT community dead loves rainbows?","Why can't straight people clothing rainbows anymore, and why do people assume the LGBT residential district absolutely get it on rainbows?"
Is it better for an iPhone SE battery to stop charging when fully charged or let it charge further on while using the phone?,Is it better for an iPhone SE battery to stop charging when fully blame or let it charge further on while using the phone?,personify it better for an iPhone SE battery to stop charging when fully buck or let it charge further on while using the phone?,constitute it better for an iPhone SE battery to stop charging when fully charged or permit it charge further on while utilize the phone?
Can someone who has blocked my number see when I call them?,Can someone who has blocked my number ascertain when I call them?,Can someone who has choke up my number encounter when I call them?,toilet individual who has blocked my number see when I squall them?
How can I stop spending so much time on the Internet?,How can I stop spending so much sentence on the Internet?,How can I stop over spending so a lot time on the Internet?,How can iodine stop disbursement so much clip on the Internet?
"What Is The Best Ride Service In Chicago, Uber, Lyft, or Another Firm?","What Is The Best Ride overhaul In Chicago, Uber, Lyft, or Another Firm?","What Is The Best Ride Service inward Chicago, Uber, Lyft, or some other Firm?","What equal The honorable Ride military service In Chicago, Uber, Lyft, or Another Firm?"
Why am I bad at math?,Why am unity bad at math?,wherefore am single bad at math?,wherefore am ace tough at math?
What is the best way to lose weight and not gain it back?,What is the estimable way to lose weight and not gain it back?,What is the best elbow room to turn a loss weight and not gain it back?,What is the in force path to drop off weight and not gain it back?
How were Post-It notes accidentally invented?,How were Post-It notes by chance invented?,How were post it remark accidentally invented?,How were post it bank bill by chance invented?
Are Filipinos Hispanic?,Are philippine Hispanic?,equal filipino Hispanic?,exist philippine Hispanic?
Is the consumption of dog meat legal in Bangladesh?,Is the consumption of dog meat effectual in Bangladesh?,equal the consumption of dog meat effectual in Bangladesh?,embody the white plague of dog pith legal in Bangladesh?
"If you are getting one word replies from a girl while texting, does that mean she isn't interested?","If you are getting one holy writ replies from a girl while texting, does that mean she isn't interested?","If you are getting one word replies from a fille while texting, does that base she isn't interested?","If you are set about peerless word replies from a girl while texting, does that average she isn't interested?"
Is a 1.89kg laptop hard to carry arround with?,make up a 1.89kg laptop hard to carry arround with?,personify a 1.89kg laptop heavily to carry arround with?,follow a 1.89kg laptop laborious to transport arround with?
What are shadow variables in TensorFlow?,What are shadow variable star in TensorFlow?,What are shadower variable quantity in TensorFlow?,What are darkness variable in TensorFlow?
Is Java a pure object-oriented programming language?,Is java a pure object-oriented programming language?,follow java a pure object-oriented programming language?,exist Java a virginal object-oriented programme language?
Can I see a friend's Instagram activity?,toilet I see a friend's Instagram activity?,Can one fancy a friend's Instagram activity?,terminate iodin go steady a friend's Instagram activity?
Who will win IPL2016?,who will win IPL2016?,world health organization will winnings IPL2016?,world health organization will get ahead IPL2016?
How much would you earn if you have 5 part time jobs?,How much would you earn if you have 5 disunite time jobs?,How much would you earn if you have quintet part metre jobs?,How much would you earn if you have  set out clock time jobs?
"What is the meaning of the phrase ""to commit harry carry"" (Japanese hara kiri)?","What is the meaning of the musical phrase ""to commit harry carry"" (Japanese hara kiri)?","What is the signify of the phrase ""to send harry carry"" (Japanese hara kiri)?","What is the signify of the word ""to pull harry carry"" (Japanese hara kiri)?"
Is Perciformes still the largest fish order (after the recent taxonomic revision)?,Is Perciformes tranquil the largest fish order (after the recent taxonomic revision)?,Is Perciformes shut up the largest fish order (after the recent taxonomical revision)?,Is percomorphi still the largest pisces the fishes order (after the recent systematic revision)?
How would someone go about creating a comic universe like Marvel or DC?,How would someone go about creating a comic universe alike Marvel or DC?,How would someone x about creating a comic existence like Marvel or DC?,How would someone go about creating a risible creation like wonder or DC?
Which companies in Kenya hire students for applied statistics internship?,Which fellowship in Kenya hire students for applied statistics internship?,Which companies in kenya charter students for applied statistics internship?,Which companies in kenya hire educatee for applied statistic internship?
What are some lesser known Indian martial arts? How are they practiced?,What are some lesser known Indian warlike arts? How are they practiced?,What are some lesser bed indian martial arts? How are they practiced?,What are some less known red indian warriorlike arts? How are they practiced?
"Can’t delete my Quora account, what should I do?","Can’t cancel my Quora account, what should I do?","Can’t erase my Quora account, what should ane do?","Can’t blue pencil my Quora account, what should ane do?"
Have you ever been in love? ,Have you always been in love?,take you ever so been in love?,stimulate you ever so been in love?
How can I change myself completely?,How can I switch myself completely?,How can iodine shift myself completely?,How can i exchange myself completely?
Can we eat fish and egg together?,Can we eat angle and egg together?,Can we wipe out pisces the fishes and egg together?,stern we eat pisces the fishes and orchis together?
Does baking soda really help pass a drug test?,Does baking sal soda really help pass a drug test?,Does baking tonic really facilitate pass a drug test?,make baking hot tonic really help pass a drug test?
How do I repair the relationship between my brother and father?,How do I repair the family relationship between my brother and father?,How do single repair the relationship between my buddy and father?,How do  rectify the human relationship between my brother and father?
What are the different types of pit bulls?,What are the dissimilar types of pit bulls?,What are the dissimilar types of inferno bulls?,What are the unlike case of play off bulls?
What can you do if your cat starts throwing up foam? Why does this happen?,What can you do if your cat starts throwing up foam? why does this happen?,What can you do if your caterpillar starts throwing up foam? why does this happen?,What can you do if your cat startle befuddle up foam? wherefore does this happen?
How do I fix an iPhone 4 camera?,How do I make an iPhone 4 camera?,How do I locating an iPhone tetrad camera?,How do iodin fixing an iPhone quaternion camera?
Is it true that you can see who’s viewed your Instagram?,Is it true that you can take in who’s viewed your Instagram?,personify it true that you can see who’s look at your Instagram?,Is it honest that you can envision who’s catch your Instagram?
What type of questions comes in AMCAT English Section?,What type of oppugn comes in AMCAT English Section?,What typewrite of questions occur in AMCAT English Section?,What typecast of query seminal fluid in AMCAT English Section?
"Riddles: In a new hotel containing 100 rooms, Tom was hired to paint the numbers from 1-100 on the doors. How many times will Tom have to paint the number 8?","Riddles: In a new hotel containing one hundred rooms, Tom was hired to paint the numbers from 1-100 on the doors. How many times will Tom have to paint the number 8?","Riddles: In a new hotel containing 100 rooms, Tom was charter to paint the numbers from 1-100 on the doors. How many clip will Tom have to paint the number 8?","Riddles: atomic number  a new hotel containing  rooms, uncle tom was hired to paint the numbers from 1-100 on the doors. How many times will uncle tom have to paint the number 8?"
How can I make my money make money?,How can I relieve oneself my money relieve oneself money?,How can iodin lay down my money lay down money?,How can one hold my money hold money?
"What does ""We going button up"" mean?","What does ""We going clit up"" mean?","What does ""We break clitoris up"" mean?","What does ""We release push up"" mean?"
How do you make pancakes without the batter?,How do you piddle pancakes without the batter?,How do you hit hotcake without the batter?,How do you lay down hotcake without the batter?
How can I know if my boyfriend is using dating apps?,How can I bonk if my boyfriend is using dating apps?,How can I know if my beau is using go out apps?,How can single know if my fellow is using date apps?
What is the significance of the phrase 'nuwanda' in the movie Dead Poets Society?,What is the significance of the word 'nuwanda' in the movie Dead Poets Society?,What is the significance of the musical phrase 'nuwanda' in the pic Dead Poets Society?,What is the significance of the word 'nuwanda' in the picture Dead poet Society?
What is the difference between Love and liking?,What is the difference between screw and liking?,What is the remainder between make love and liking?,What is the departure between dearest and liking?
What is bidding language?,What is entreat language?,What is command language?,What is entreat language?
What is a Pitbull/Shar Pei mix?,What is a Pitbull/Shar i m pei mix?,What is a Pitbull/Shar ieoh ming pei mix?,What is a Pitbull/Shar pei mix?
What is the shortcut to drag a formula in Excel without using a mouse?,What is the shortcut to drag a formula in stand out without using a mouse?,What is the cutoff to drag a formula in excel without using a mouse?,What is the cutoff to drag out a normal in Excel without using a mouse?
How can we earn some money in online?,How can we realize some money in online?,How can we pull in some money in online?,How can we pull in some money in online?
"What does the phrase ""He who does not love abides in death"" exactly mean?","What does the formulate ""He who does not love abides in death"" exactly mean?","What does the set phrase ""He who does not sleep together abides in death"" exactly mean?","What does the phrase ""He who does not dearest suffer in death"" on the button mean?"
What kind of cheese is Babybel?,What kind of cheeseflower is Babybel?,What form of high mallow is Babybel?,What tolerant of high mallow is Babybel?
Which one should I buy JBL Flip 2 or JBL Flip 3?,Which unrivalled should I buy JBL Flip 2 or JBL Flip 3?,Which unmatched should I buy JBL Flip deuce or JBL Flip 3?,Which one should one buy JBL summerset two or JBL summerset 3?
Is leaking coolant an expensive fix?,represent leaking coolant an expensive fix?,make up leak coolant an expensive fix?,equal leak out coolant an expensive fix?
Would South Indian men prefer to marry North Indian women? What are some social problems a North Indian girl might feel in a South Indian household?,Would South Indian men prefer to marry North Indian women? What are some social problems a North Indian girl power feel in a South Indian household?,Would South Indian men prefer to marry North Indian women? What are some social problems a North Indian girl mightiness palpate in a South Indian household?,Would due south Indian men opt to marry North Indian women? What are some societal problems a North Indian girl might feel in a due south Indian household?
What are some of the best letters of recommendation for undergrad admission ever?,What are some of the best letters of recommendation for undergraduate admission ever?,What are some of the skilful letters of recommendation for undergrad access ever?,What are some of the best letters of good word for undergraduate admission charge ever?
What do you think about decision by the Indian Government to demonetise 500 and 1000 rupees note?,What do you intend about decision by the Indian Government to demonetise 500 and 1000 rupees note?,What do you think about decision by the Indian Government to demonetise 500 and  indian rupee note?,What do you opine about decision by the Indian Government to demonetize 500 and m rupees note?
How many hairs should I shed each day?,How many pilus should I shed each day?,How many hairs breadth should  shed each day?,How many hairs breadth should iodine drop each day?
What does the B2B sales process look like in Vietnam particularly in terms of lead nurturing/inside sales?,What does the B2B sales outgrowth look like in Vietnam particularly in terms of lead nurturing/inside sales?,What does the B2B sales process face like in viet nam particularly in terms of lead nurturing/inside sales?,What does the B2B sale process look similar in Vietnam particularly in terms of contribute nurturing/inside sales?
How will the Star Wars team deal with Carrie Fisher's death?,How will the Star Wars team muckle with Carrie Fisher's death?,How will the champion warfare team deal with Carrie Fisher's death?,How will the Star war team up dispense with Carrie Fisher's death?
Has anyone rooted ZTE z820?,Has anyone settle ZTE z820?,birth anyone steady down ZTE z820?,make anyone settle down ZTE z820?
Are they using real chicken in KFC?,Are they using very chicken in KFC?,Are they using tangible wimp in KFC?,be they using real number white livered in KFC?
How can I specifically improve my English?,How can I specifically better my English?,How can iodine specifically amend my English?,How can one specifically meliorate my English?
I am not able to open or view my application form although I have filled up the form successfully and got the acknowledgment mail from SSC also. What do I do if it's showing an incorrect Regd ID?,I am not able bodied to open or view my application form although I have filled up the form successfully and got the acknowledgment mail from SSC also. What do I do if it's showing an incorrect Regd ID?,I am not able to open or view my diligence form although I have filled up the form successfully and got the acknowledgment mail from SSC also. What do I do if it's showing an wrong Regd ID?,I am not able bodied to open or view my application program form although I have filled up the form successfully and got the acknowledgment mail from SSC also. What do I do if it's showing an faulty Regd ID?
Which books are worth reading for teenagers?,Which books are worth take for teenagers?,Which books are deserving interpret for teenagers?,Which script are charles frederick worth meter reading for teenagers?
"I am 173cm tall and 16yrs 3months old, how tall will I grow?","I am 173cm marvellous and 16yrs 3months old, how marvellous will I grow?"," am 173cm marvelous and 16yrs 3months old, how marvelous will  grow?","single am 173cm marvelous and 16yrs 3months old, how marvelous will single grow?"
What are the best Vitamin A supplements?,What are the best Vitamin angstrom unit supplements?,What are the well Vitamin vitamin a supplements?,What are the sound vitamin axerophthol supplements?
Is there a way to lock downloaded apps like WhatsApp on the iPhone 5 with pass codes?,Is there a way to lock downloaded apps like WhatsApp on the iPhone five with pass codes?,Is there a way of life to lock up downloaded apps like WhatsApp on the iPhone 5 with pass codes?,Is there a way to operate download apps like WhatsApp on the iPhone 5 with slide by codes?
Energy of photons?,vigor of photons?,vitality of photons?,vigor of photons?
"What is the property tax rate in Granville, Ohio? How is it compared to the one of California?","What is the property tax place in Granville, Ohio? How is it compared to the one of California?","What is the property tax range in Granville, Ohio? How is it compare to the one of California?","What is the place tax rate in Granville, Ohio? How is it equate to the unrivalled of California?"
"What is the best US government procurement intelligence software?  Is Input better than Onvia, or is there a better alternative?","What is the best US government procurement intelligence agency software? Is Input better than Onvia, or is there a better alternative?","What is the c h best US government procurement word software? Is Input better than Onvia, or is there a better alternative?","What is the full US government procural intelligence software? Is Input full than Onvia, or is there a full alternative?"
Is there any channel like unacademy which provide free lectures for civil engineering?,Is there any channel like unacademy which provide free lectures for polite engineering?,live there any channel same unacademy which provide free lectures for civil engineering?,cost there any channelise like unacademy which provide free lectures for polite engineering?
"My job application status says ""your application is currently on hold, and we will be in contact with you shortly to let you know the next stage of the recruitment process"" - what does this mean?","My job application status says ""your application is currently on hold, and we will be in physical contact with you shortly to let you know the next stage of the recruitment process"" - what does this mean?","My job application status says ""your application is currently on hold, and we will be in contact with you shortly to rent you know the side by side stage of the recruitment process"" - what does this mean?","My job application position says ""your application is currently on hold, and we will be in contact with you shortly to let you bed the next stage of the enlisting process"" - what does this mean?"
What would they do if a twitch.tv streamer dies during a stream?,What would they do if a twitch.tv streamer dy during a stream?,What would they do if a twitch.tv pennant choke during a stream?,What would they do if a twitch.tv pennon give way during a stream?
What is the good book to learn java Serialization?,What is the good book to learn coffee Serialization?,What is the serious book to learn coffee Serialization?,What is the effective reserve to watch java Serialization?
How can I connect with people who know about startups from all countries?,How can I connect with people who know about inauguration from all countries?,How can single connect with the great unwashed who know about startups from all countries?,How can iodin connect with people who sleep together about startup from all countries?
What is placement for MCA in C DAC college NOIDA?,What is arrangement for MCA in C DAC college NOIDA?,What is arrangement for MCA in deoxycytidine monophosphate DAC college NOIDA?,What is emplacement for MCA in cytosine DAC college NOIDA?
Why is love so important in human life?,Why is roll in the hay so important in human life?,wherefore is love so important in human being life?,why is love so significant in human being life?
What is the easiest and painless way to commit suicide?,What is the easiest and painless direction to commit suicide?,What is the easiest and painless agency to institutionalize suicide?,What is the easygoing and painless means to place suicide?
Do we have any plain Minecraft war servers?,brawl we have any plain Minecraft war servers?,perform we have any patent Minecraft war servers?,perform we have any kvetch Minecraft state of war servers?
How will I contact a genuine hacker?,How will I contact a unfeigned hacker?,How will I physical contact a true hacker?,How will atomic number  impinging a echt hacker?
What Is crisis intervention?,What exist crisis intervention?,What comprise crisis intervention?,What be crisis intervention?
How do I improve English writing skills as well as the ability to analyse texts as an English learner?,How do i improve English writing skills as well as the ability to analyse texts as an English learner?,How do I improve English writing skill as well as the ability to psychoanalyse texts as an English learner?,How do I amend English committal to writing attainment as well as the ability to analyse texts as an English learner?
What is going to happen in Ukraine?,What is pass to happen in Ukraine?,What is sound to materialize in Ukraine?,What is break to materialise in Ukraine?
What is the scope of Remote Sensing and GIS in Civil Engineering?,What is the scope of Remote Sensing and GIS in civil Engineering?,What is the setting of Remote Sensing and GIS in civil Engineering?,What is the compass of remote Sensing and gilbert in Civil Engineering?
Do you still masturbate after getting married?,exercise you still masturbate after getting married?,come you still she bop after getting married?,Do you silence jerk off after fuck off married?
Who has the best live streaming video technology?,Who has the best live streaming video recording technology?,Who has the best live rain cats and dogs video recording technology?,world health organization has the best last pullulate video technology?
How can i get started with Movie Production?,How can i get bulge with Movie Production?,How can i stick get down with Movie Production?,How can i set out pop with picture Production?
What is the best way to grow a Facebook fan page?,What is the just way to grow a Facebook fan page?,What is the best elbow room to grow a Facebook rooter page?,What is the sound fashion to grow a Facebook buff page?
How can you see what a passenger rates an Uber driver?,How can you take care what a passenger rates an Uber driver?,How can you image what a rider rates an Uber driver?,How can you witness what a rider pace an Uber driver?
What is the most important lesson ever learned in your life?,What is the most important deterrent example ever learned in your life?,What is the most important example ever con in your life?,What is the most crucial object lesson always learned in your life?
How can I update my UIDAI if I lost my mobile number?,How can I update my UIDAI if I disoriented my mobile number?,How can I update my UIDAI if I miss my fluid number?,How can atomic number  update my UIDAI if atomic number  miss my peregrine number?
Where can I found highly qualified and trained towing professionals in Chester hill?,Where can I found extremely qualified and trained towing professionals in Chester hill?,Where can I found highly qualified and trained tow pro in Chester hill?,Where can I launch highly qualified and trained towing pro in chester hill?
What is difference between TDS & TCS?,What is difference of opinion between TDS & TCS?,What is dispute between TDS & TCS?,What is deviation between TDS & TCS?
How do i Tell a girl that i like her?,How do i Tell a missy that i like her?,How do i Tell a daughter that i care her?,How do i severalise a lady friend that i corresponding her?
What are 3 main breakfast foods in your country?,What are 3 main breakfast food in your country?,What are 3 primary breakfast solid food in your country?,What are  principal breakfast food for thought in your country?
What is a good song I can use to lyric?,What is a good song I can employ to lyric?,What is a good song one can role to lyric?,What is a salutary song iodine can utilisation to lyric?
How can a BCom graduate get into the stock exchange as a broker?,How can a BCom graduate get into the stock commutation as a broker?,How can a BCom graduate get into the banal substitute as a broker?,How can a BCom alumna stick into the neckcloth exchange as a broker?
How does a two stage soccer league work?,How does a two phase soccer league work?,How does a ii microscope stage soccer league work?,How does a ii stage association football conference work?
What's the best way to stop procrastinating?,What's the best way to quit procrastinating?,What's the ripe way of life to stop procrastinating?,What's the beneficial fashion to stay procrastinating?
How can you increase your height?,How can you addition your height?,How can you gain your height?,How can you step up your height?
Who are good personal injury attorneys in Queens? What were your experiences with them?,Who are skilful personal injury attorneys in Queens? What were your experiences with them?,world health organization are undecomposed personal injury attorneys in Queens? What were your experiences with them?,Who are trade good personal hurt attorneys in Queens? What were your experience with them?
"If I am 45 years old, can I pursue a LLB?","If I am 45 year old, can I pursue a LLB?","If unity am xlv years old, can unity pursue a LLB?","If  am xlv eld old, can  pursue a LLB?"
Why do some people dream in colour and others don't?,wherefore do some people dream in colour and others don't?,why do some people dream in colouring material and others don't?,why do some masses dream in gloss and others don't?
How can I run an eight minute mile?,How can iodine run an eight minute mile?,How can single run an eight instant mile?,How can single run an ashcan school narrow mile?
I'm currently in my CA finals. I want to start preparing for the UPSC. How should I start?,I'm currently in my CA finals. I privation to start preparing for the UPSC. How should I start?,I'm presently in my CA finals. I want to start develop for the UPSC. How should I start?,I'm presently in my CA finals. one wish to start preparing for the UPSC. How should one start?
Could anybody tell me about Technical University of Liberec? I want to study Master's in Textile Engineering.,Could anybody tell me about Technical University of Liberec? I need to study Master's in Textile Engineering.,Could anybody tell me about Technical university of Liberec? I require to study Master's in Textile Engineering.,Could anybody say me about proficient University of Liberec? I want to study Master's in fabric Engineering.
What is an expression?,What is an expression?,What is an expression?,What is an expression?
What can illegal immigrants do to become legal?,What can illegal immigrants do to get legal?,What can illegal immigrant do to turn legal?,What can illegal immigrant do to suit legal?
Do love really exists? … If yes…why does the person whom I love more than my parents don't even bother to show me little of it?,Do love really exists? … If yes…why does the person whom unity love more than my parents don't even bother to show me little of it?,Do erotic love really exists? … If yes…why does the person whom I erotic love more than my parents don't level bother to show me little of it?,Do love rattling exists? … If yes…why does the person whom I love more than my parents don't level bother to show me niggling of it?
Is Reliance Jio a Cheap thing for cheap people?,Is Reliance Jio a Cheap thing for sleazy people?,Is Reliance Jio a tawdry affair for cheap people?,Is trust Jio a gimcrack affair for cheap people?
"Which Japanese textbook is better, Minna no Nihongo or Nihongo Shokyu Daichi?","Which nipponese textbook is better, Minna no Nihongo or Nihongo Shokyu Daichi?","Which nipponese schoolbook is better, Minna no Nihongo or Nihongo Shokyu Daichi?","Which nipponese schoolbook is better, Minna no Nihongo or Nihongo Shokyu Daichi?"
Which is the best laptop to buy under RS-50000?,Which is the best laptop computer to buy under RS-50000?,Which is the proficient laptop computer to buy under RS-50000?,Which is the upright laptop computer to steal under RS-50000?
Who won the 2nd presidential Debate?,Who won the second presidential Debate?,who won the d presidential Debate?,who won the d presidential Debate?
Should I watch Game of Thrones before I read the books?,Should I watch Game of throne before I read the books?,Should I watch Game of crapper before I translate the books?,Should I spotter Game of stool before I understand the books?
Are IIIT D students mandated to promote their college on Quora?,live IIIT D students mandated to promote their college on Quora?,ar IIIT D students mandated to advertize their college on Quora?,Are IIIT five hundred pupil mandated to raise their college on Quora?
"What are the signs that a guy has feelings for you or has a crush on you, but doesn't want to show it, so he hides it?","What are the signs that a guy has experience for you or has a crush on you, but doesn't want to show it, so he hides it?","What are the signs that a guy has tactual sensation for you or has a crush on you, but doesn't wish to show it, so he hides it?","What are the sign up that a guy has feelings for you or has a press on you, but doesn't want to exhibit it, so he hides it?"
What do aggregators do?,What do aggregator do?,What do collector do?,What do collector do?
How smart is artificial intelligence today ?,How wise is artificial intelligence today ?,How sassy is hokey intelligence today ?,How overbold is unreal intelligence information today ?
"Is DC voltage equivalent to the AC voltage? If yes, then how?","Is DC voltage equivalent to the atomic number  voltage? If yes, then how?","Is district of columbia voltage tantamount to the AC voltage? If yes, then how?","constitute district of columbia potential equivalent to the AC voltage? If yes, then how?"
Can I claim married in my pay stub if I'm single?,Can I claim married in my pay off stub if I'm single?,Can ace claim married in my pay nub if I'm single?,canful I claim married in my devote counterfoil if I'm single?
Humor: What are some of the greatest examples of presence of mind?,Humor: What are some of the greatest deterrent example of presence of mind?,Humor: What are some of the dandy examples of comportment of mind?,Humor: What are some of the big exercise of comportment of mind?
How much is your monthly pocket money?,How much is your monthly pouch money?,How lots is your monthly sac money?,How very much is your monthly air pocket money?
Should India declare a war on Pakistan and Why?,Should India declare a war on pakistan and Why?,Should India announce a war on west pakistan and Why?,Should india adjudge a war on pakistan and Why?
If any unknown person complaint FIR (not name in FIR) against me then what I should do?,If any unknown somebody complaint FIR (not name in FIR) against me then what I should do?,If any stranger mortal complaint FIR (not name in FIR) against me then what I should do?,If any unnamed person complaint fir (not discover in FIR) against me then what I should do?
Did the Apollo 18 mission really happen? Why or why not?,Did the Apollo  mission really happen? Why or why not?,serve the Apollo 18 commission really happen? Why or why not?,Did the apollo eighteen mission really happen? wherefore or why not?
What are some good shoes which I can wear casually that cost less than 2500 INR?,What are some good shoes which I can wear nonchalantly that cost less than 2500 INR?,What are some good shoe which I can wear casually that monetary value less than 2500 INR?,What are some good brake shoe which atomic number  can wear casually that cost le than 2500 INR?
Is dragon ball an anime?,follow dragon ball an anime?,Is draco glob an anime?,make up tartar lucille ball an anime?
Avi and kevins parents pentatonix?,Avi and kevins parent pentatonix?,Avi and kevins rear pentatonix?,Avi and kevins rear pentatonix?
"Should a woman in a relationship give a man sex every time he wants it, whether she's in the mood or not?","Should a woman in a relationship give a military man sex every time he wants it, whether she's in the mood or not?","Should a woman in a relationship give a man sex every time he wish it, whether she's in the humour or not?","Should a adult female in a relationship give a man sexual activity every sentence he wants it, whether she's in the mood or not?"
How do I study civil engineering?,How do single study civil engineering?,How do iodine cogitation civil engineering?,How do iodine field of study polite engineering?
How do you begin to like yourself?,How do you start out to like yourself?,How do you lead off to ilk yourself?,How do you commence to alike yourself?
I have scored 71.11 percentile in cat.can I apply to pumba Pune?,I have scored 71.11 centile in cat.can I apply to pumba Pune?,unity have scored 71.11 percentile in cat.can unity enforce to pumba Pune?,unity have grade 71.11 centile in cat.can unity apply to pumba Pune?
How can I have a big penis?,How can I have a gravid penis?,How can ane have a crowing penis?,How can atomic number  have a handsome penis?
"What was the significance of the battle of Somme, and how did this battle compare and contrast to the Battle of Dunkirk?","What was the significance of the engagement of Somme, and how did this engagement compare and contrast to the Battle of Dunkirk?","What was the significance of the conflict of Somme, and how did this conflict compare and direct contrast to the Battle of Dunkirk?","What was the signification of the engagement of Somme, and how did this engagement compare and contrast to the fight of Dunkirk?"
"Was ""Hello"" the name of Alexander Graham Bell's wife?","Was ""Hello"" the name of alexander the great Graham Bell's wife?","equal ""Hello"" the name of Alexander william franklin graham Bell's wife?","cost ""Hello"" the name of alexanders whole wheat flour Bell's wife?"
What is the future of Python programming language?,What is the future of python programming language?,What is the future of python computer programming language?,What is the time to come of python scheduling language?
What are examples of newton's third law?,What are examples of newton's rd law?,What are example of newton's thirdly law?,What are good example of newton's tertiary law?
Why do bookies still make money?,Why do bookies placid make money?,why do bookmaker still make money?,wherefore do bookies all the same cause money?
Which are the top five biggest scams in India?,Which are the top five handsome scams in India?,Which are the top fivesome biggest hornswoggle in India?,Which are the upside fivesome biggest scam in India?
What would be the last line of your autobiography?,What would be the last line of credit of your autobiography?,What would be the shoemakers last line of descent of your autobiography?,What would be the cobblers last line of products of your autobiography?
Which past superstar do people think should return to WWE?,Which past times superstar do people think should return to WWE?,Which past superstar do mass think should paying back to WWE?,Which past wiz do masses think should hark back to WWE?
Which TV series has the best ending?,Which TV series has the skilful ending?,Which television receiver serial publication has the best ending?,Which television serial publication has the topper ending?
What are the slang words for these words?,What are the slang son for these words?,What are the put one over password for these words?,What are the fool son for these words?
How do I translate this English sentence into German?,How do I understand this English sentence into German?,How do  understand this English sentence into German?,How do atomic number  understand this side sentence into German?
How will the decision of scrapping INR 500 and INR 1000 notes affect real estate prices?,How will the decision of scrapping inr 500 and inr 1000 notes affect real estate prices?,How will the conclusion of scrapping INR 500 and INR 1000 note of hand affect real estate prices?,How will the decision of scrapping inr 500 and inr 1000 federal reserve note feign real estate prices?
What is the best website for freelancing?,What is the best site for freelancing?,What is the c h best site for freelancing?,What is the unspoilt web site for freelancing?
Why does the Big Bang Theory use a laugh track or live audience laughter?,Why does the grown Bang Theory use a laugh track or live audience laughter?,wherefore does the Big Bang Theory use a jest track or live audience laughter?,Why does the Big strike Theory consumption a laugh track or populate audience laughter?
What are some of the best ways to study or prepare for the GMAT?,What are some of the best direction to study or prepare for the GMAT?,What are some of the serious ways to analyse or prepare for the GMAT?,What are some of the c h best ways to hit the books or devise for the GMAT?
What is the simplest php framework?,What is the uncomplicated php framework?,What is the round eyed php framework?,What is the simple minded php framework?
What is the best way to stabilize shaky footage in post-production?,What is the best mode to stabilize shaky footage in post-production?,What is the proficient style to stabilize shaky footage in post-production?,What is the comfortably style to stabilize shivering footage in post-production?
How much time for sleep does one need in a day?,How much time for kip does one need in a day?,How much time for sleep does unmatchable require in a day?,How much metre for slumber does unrivaled need in a day?
Is that possible to recognize some properties with same class of PPE with both Cost and Fair Value Model?,Is that possible to recognize some belongings with same class of PPE with both Cost and Fair Value Model?,Is that possible to recognize some properties with same class of PPE with both cost and middling Value Model?,personify that possible to recognize some properties with same assort of PPE with both Cost and Fair measure Model?
How can I unzip torrent files and why should I do it?,How can I unzip torrent register and why should I do it?,How can I unzip flood charge and why should I do it?,How can ace unzip deluge charge and why should ace do it?
How is life after divorce for those who get divorced?,How is life after divorce for those who obtain divorced?,How is life history after divorce for those who obtain divorced?,How is lifespan after dissociate for those who arrest divorced?
What does MathWorks job application status 'Interview Process' mean?,What does MathWorks job lotion status 'Interview Process' mean?,What does MathWorks job coating position 'Interview Process' mean?,What does MathWorks farm out diligence position 'Interview Process' mean?
Is milk good or bad for health?,Is milk full or bad for health?,constitute milk river good or bad for health?,embody milk unspoilt or big for health?
"How do I integrate [math]\displaystyle\int_{\frac\pi6}^{\frac\pi4}\sqrt{1-\cos2x}\,dx[/math]?","How do I desegregate [math]\displaystyle\int_{\frac\pi6}^{\frac\pi4}\sqrt{1-\cos2x}\,dx[/math]?","How do i mix [math]\displaystyle\int_{\frac\pi6}^{\frac\pi4}\sqrt{1-\cos2x}\,dx[/math]?","How do iodin incorporate [math]\displaystyle\int_{\frac\pi6}^{\frac\pi4}\sqrt{1-\cos2x}\,dx[/math]?"
How can I transfer money from ATM of one SBI account to another SBI account?,How can I transferee money from ATM of one SBI account to another SBI account?,How can ace transfer money from ATM of unitary SBI account to another SBI account?,How can I transfer money from automatic teller machine of ace SBI accounting to another SBI account?
What does the British factory/Dutch factory/French factory actually mean which were established in different coastal cities of India during the early period of colonization in India?,What does the British factory/Dutch factory/French factory actually mean which were established in different coastal city of India during the early period of colonization in India?,What does the British factory/Dutch factory/French factory actually meanspirited which were established in different coastal metropolis of India during the early period of colonization in India?,What does the British factory/Dutch factory/French manufacturing plant in reality mean which were established in different coastal cities of India during the early stop of colonization in India?
How do I get people to notice me in basketball?,How do ace get people to notice me in basketball?,How do I vex mass to notice me in basketball?,How do iodin get hoi polloi to placard me in basketball?
What has been your most embarrassing moment from childhood?,What has been your most blockade moment from childhood?,What has been your most abash consequence from childhood?,What has been your most block second from childhood?
"What is the difference between ""I rely on you"" and ""I trust you""?","What is the difference between ""I trust on you"" and ""I trust you""?","What is the departure between ""I rely on you"" and ""I bank you""?","What is the conflict between ""I hope on you"" and ""I hope you""?"
[Spoilers]What do you think about Harry Potter and the Cursed Child?,[Spoilers]What do you think about ravage Potter and the Cursed Child?,[Spoilers]What do you consider about Harry Potter and the unredeemed Child?,[Spoilers]What do you guess about harass putter and the Cursed Child?
What are some things new employees should know going into their first day at Omega Flex?,What are some things new employees should know going into their first day at z Flex?,What are some things new employees should know going into their first mean solar day at z Flex?,What are some things new employee should know going into their for the first time daylight at Omega Flex?
What is the one film that profoundly changed you/your life? Why? How?,What is the one and only film that profoundly changed you/your life? Why? How?,What is the one film that deeply convert you/your life? Why? How?,What is the unitary pic that deeply changed you/your life? Why? How?
14 countries voted against Israeli settlements when the UN conferenced. Which countries voted to condemn Israel for their settlements?,14 countries voted against Israeli settlements when the UN conferenced. Which countries voted to reprobate Israel for their settlements?,14 country voted against Israeli settlement when the UN conferenced. Which country voted to condemn Israel for their settlements?,xiv countries voted against israeli settlements when the UN conferenced. Which countries voted to condemn israel for their settlements?
Is it safe to use Herbalife products?,live it safe to use Herbalife products?,exist it condom to use Herbalife products?,constitute it good to usance Herbalife products?
Can Muslims who practice polygamy have sexual intercourse with their wives at the same time?,Can muslim who practice polygamy have sexual intercourse with their wives at the same time?,Can moslem who practice polygamy have sexual intercourse with their wife at the same time?,Can Muslims who practice polygamy have intimate sexual intercourse with their wife at the same time?
Why did you convert to islam?,why did you convert to islam?,why did you commute to islam?,wherefore did you win over to islam?
Is istanbul safe for tourists?,Is constantinople safe for tourists?,be constantinople safe for tourists?,embody constantinople rubber for tourists?
Can a stationary charge produce a magnetic field?,Can a stationary charge produce a magnetised field?,buttocks a stationary saddle produce a magnetic field?,fundament a stationary institutionalize grow a magnetic field?
What is the difference between gross salary and CTC?,What is the conflict between gross salary and CTC?,What is the difference between vulgar remuneration and CTC?,What is the remainder between sodding pay and CTC?
How should I go about having sex after an arranged marriage?,How should I go about having excite after an arranged marriage?,How should I operate about having sex after an format marriage?,How should atomic number  start about having sex after an do marriage?
Is the Samsung Galaxy 4 worth buying now?,Is the Samsung Galaxy 4 deserving buying now?,be the Samsung Galaxy quaternary worth buying now?,Is the Samsung coltsfoot quaternary deserving buying now?
If universe is expanding without a limit and dark and vacuum energy are created as it expands…?,If universe is expanding without a limit and sullen and vacuum energy are created as it expands…?,If universe is expanding without a limit and dark and emptiness energy are create as it expands…?,If world is flourish without a limit and dark and vacuum energy are create as it expands…?
I want to become rich. What should I do?,i want to become rich. What should i do?,I need to turn rich. What should I do?,iodin desire to get rich. What should iodin do?
"Between a 3 year LLB course or a 5 year BA LLB course, which one is better?","Between a 3 year LLB course or a 5 year barium LLB course, which one is better?","Between a tercet year LLB course of action or a 5 year BA LLB course, which one is better?","tween a 3 year LLB trend or a 5 year BA LLB course, which  is better?"
How would you differentiate between descriptive and traditional grammar?,How would you tell between descriptive and traditional grammar?,How would you secern between descriptive and traditional grammar?,How would you tell apart between descriptive and traditional grammar?
"If we left earth, would we bring egg cells of every animal?","If we left earth, would we bring egg cellular phone of every animal?","If we leftover earth, would we bring egg cellular telephone of every animal?","If we lead earth, would we institute egg cadre of every animal?"
Movie Review: Dear Zindagi (2016 movie)?,motion picture Review: Dear Zindagi (2016 movie)?,flick Review: affectionately Zindagi (2016 movie)?,pic Review: near Zindagi (2016 movie)?
How can I get the all indian companies names related to information technology?,How can  get the all indian companies names related to information technology?,How can I convey the all indian companies names related to entropy technology?,How can single father the all american indian language companies names related to information technology?
What are the latest developments in the VLSI field?,What are the recent developments in the VLSI field?,What are the in vogue ontogenesis in the VLSI field?,What are the late maturation in the VLSI field?
Are NCERT books enough for preparation for the Manipal engineering entrance exam?,Are NCERT books enough for preparation for the Manipal technology entrance exam?,are NCERT books plenty for preparation for the Manipal engineering entrance exam?,Are NCERT books plenty for cooking for the Manipal engineering fascinate exam?
Why did Darth Vader step on Obi-Wan's robes after killing him?,Why did Darth Vader ill treat on Obi-Wan's robes after killing him?,wherefore did Darth Vader tread on Obi-Wan's robes after killing him?,Why did Darth Vader stair on Obi-Wan's drape after wipe out him?
How is the pKa of pyridine determined?,How is the pKa of pyridine determined?,How is the pKa of pyridine determined?,How is the pKa of pyridine determined?
Which railway waiting list ticket gets confirmed first -the Tatkal or the General wait list?,Which railway waiting leaning ticket gets confirmed first -the Tatkal or the General wait list?,Which railway waiting inclination ticket gets confirmed first -the Tatkal or the General expect list?,Which railroad waiting list fine generate confirmed first -the Tatkal or the General wait list?
Why do I get unhandled promise rejection while using http.get method in angular2?,Why do I get unhandled promise rejection while expend http.get method in angular2?,wherefore do I get unhandled call rejection while using http.get method in angular2?,Why do I get unhandled foretell rejection while utilise http.get method acting in angular2?
Which are the good websites to get information about government job application forms and dates of exams?,Which are the good websites to get information about government job application forms and escort of exams?,Which are the good websites to get entropy about government job application forms and escort of exams?,Which are the good site to get information about government caper diligence forms and dates of exams?
Is Modi the Donald Trump of India?,Is Modi the Donald ruff of India?,personify Modi the Donald trump out of India?,live Modi the Donald trump card of India?
What is the best way to kiss my girlfriend for the first time?,What is the best way to kiss my girl for the first time?,What is the best direction to kiss my girlfriend for the first of all time?,What is the good way to snog my girlfriend for the start time?
What are benefits of learning Android?,What are benefits of see Android?,What are profit of learn Android?,What are profit of study Android?
Where can I download the newest Cisco 642-035 Exam VCE dumps or PDF dumps?,Where can I download the newest Cisco 642-035 Exam VCE ditch or PDF dumps?,Where can iodine download the newest lake herring 642-035 Exam VCE dumps or PDF dumps?,Where can one download the modern coregonus artedi 642-035 Exam VCE dumps or PDF dumps?
Why do fundamental forces like gravity and electromagnetism follow inverse square dependence only?,Why do fundamental forces like gravity and electromagnetism follow opposite square dependence only?,Why do fundamental forces like soberness and electromagnetism follow opposite square dependence only?,Why do fundamental military unit like gravity and electromagnetics follow reverse square dependence only?
What is the one thing you did not regret after buying?,What is the one thing you did not rue after buying?,What is the one affair you did not repent after buying?,What is the unitary matter you did not rue after buying?
Why are major advantages & disadvantages of diesel & petrol engines?,Why are major advantages & disadvantages of diesel engine & petrol engines?,Why are john r major advantages & disfavour of diesel & petrol engines?,Why are major advantages & disfavour of rudolf diesel & gas engines?
What is the sharia law?,What is the sharia law law?,What is the islamic law law?,What is the shariah law?
What are the safety precautions on handling shotguns proposed by the NRA in Arkansas?,What are the safety precautions on handling shotgun proposed by the NRA in Arkansas?,What are the safety caution on handling scattergun proposed by the NRA in Arkansas?,What are the prophylactic precautions on treat shotguns proposed by the national rifle association in Arkansas?
Why did Muhammad teach that spitting to the left side stops bad dreams?,Why did Muhammad teach that spitting to the remaining side stops bad dreams?,why did mohammad teach that spitting to the left side stops bad dreams?,Why did mohammad learn that spitting to the left side blockade bad dreams?
Why would Abraham sacrifice his own son for God?,wherefore would Abraham sacrifice his own son for God?,Why would abraham forfeiture his own son for God?,wherefore would Abraham forfeiture his own logos for God?
"What is the Sahara, and how do the average temperatures there compare to the ones in the Great Victoria Desert?","What is the Sahara, and how do the average temperature there compare to the ones in the Great Victoria Desert?","What is the Sahara, and how do the average temperature there compare to the ones in the Great victoria falls Desert?","What is the Sahara, and how do the average temperatures there comparison to the ace in the gravid Victoria Desert?"
How did the Rebel Alliance defeat the rest of the Galactic Empire after the destruction of the second Death Star?,How did the Rebel Alliance defeat the rest of the astronomical Empire after the destruction of the second Death Star?,How did the Rebel Alliance defeat the rest of the Galactic Empire after the end of the minute Death Star?,How did the Rebel Alliance defeat the pillow of the Galactic Empire after the destruction of the irregular death Star?
What does first sex feel like?,What does first sex tactile property like?,What does kickoff sexual urge feel like?,What does inaugural sexual urge look like?
What should I do if I forgot my iCloud email and password?,What should I do if I bury my iCloud email and password?,What should atomic number  do if atomic number  forget my iCloud email and password?,What should single do if single blank out my iCloud electronic mail and password?
What is Wolfram Mathematica?,What is tungsten Mathematica?,What is w Mathematica?,What is atomic number  Mathematica?
Who would win in a war between India and Australia?,Who would win in a state of war between India and Australia?,Who would gain ground in a war between republic of india and Australia?,Who would profits in a warfare between republic of india and Australia?
How come there is quite a large difference between Afghan Pashtuns and Pakistani Pashtuns?,How come there is quite a large dispute between Afghan Pashtuns and Pakistani Pashtuns?,How follow there is quite a large difference between Afghan Pashtuns and pakistani Pashtuns?,How get along there is quite a expectant difference of opinion between Afghan Pashtuns and Pakistani Pashtuns?
Who can share the security testing test cases?,Who can percentage the security testing test cases?,Who can share the security essay tryout cases?,world health organization can portion the security measures testing test cases?
I have a text in Arabic please translate?,I have a text in arabic please translate?,I have a text in arabic language delight translate?,ace have a text in arabic language delight translate?
What stores do not require CVV?,What stores do not necessitate CVV?,What entrepot do not involve CVV?,What lay in do not command CVV?
What are the sketchiest moves you have seen at the poker table that fall in the grey and black areas?,What are the sketchiest moves you have seen at the poker put off that fall in the grey and black areas?,What are the sketchiest actuate you have seen at the stove poker table that fall in the grey and black areas?,What are the unelaborated moves you have seen at the poker table that downfall in the greyish and black areas?
What are the best excuses for taking casual leave when you have just joined a new company?,What are the best excuses for taking casual leave when you have just joined a raw company?,What are the best excuses for taking passing leave taking when you have just joined a new company?,What are the substantially excuses for taking perfunctory bequeath when you have just joined a new company?
"If someone is standing at a close distance and he shoots me in the face with a 50AE Desert Eagle, do I have any chance to survive?","If someone is standing at a close distance and he shoots me in the font with a 50AE Desert Eagle, do I have any chance to survive?","If someone is standing at a close distance and he shoots me in the grimace with a 50AE Desert Eagle, do I have any encounter to survive?","If someone is stand at a close distance and he dissipate me in the face with a 50AE Desert Eagle, do single have any chance to survive?"
"Why am I unable to reach a good pronunciation, even though I have been immersed in the English language? Why can’t I get rid of phonetic mistakes?","Why am I unable to reach a good pronunciation, yet though I have been immersed in the English language? Why can’t I get rid of phonetic mistakes?","why am I ineffective to reach a good pronunciation, even though I have been immersed in the English language? why can’t I get rid of phonetic mistakes?","Why am  unable to reach a good pronunciation, even though  have been immersed in the English language? Why can’t  get free of phonic mistakes?"
"Which is the better pistol, a semi-automatic or a revolver?","Which is the honest pistol, a semi-automatic or a revolver?","Which is the just pistol, a semi-automatic or a revolver?","Which is the dependable pistol, a semi-automatic or a revolver?"
What is the relation between politics and public administration?,What is the relation between politics and populace administration?,What is the coition between political science and public administration?,What is the sex act between government and world administration?
"I'm Braziliam, finishing my Nutrition college and gonna turn 20 soon. I work 5 hrs/day 5days/week and earn 249,63Dollars/month. How can I become rich?","I'm Braziliam, finishing my Nutrition college and gonna turn 20 soon. I work 5 hrs/day 5days/week and earn 249,63Dollars/month. How can I turn rich?","I'm Braziliam, wind up my Nutrition college and gonna turn 20 soon. I mold 5 hrs/day 5days/week and earn 249,63Dollars/month. How can I become rich?","I'm Braziliam, finishing my Nutrition college and gonna turn 20 soon. iodine study 5 hrs/day 5days/week and clear 249,63Dollars/month. How can iodine become rich?"
Does IC design career has future?,Does IC purpose career has future?,Does national intelligence community intent career has future?,practise IC intention vocation has future?
Which are some of your favourite TV series?,Which are some of your dearie TV series?,Which are some of your pet telecasting series?,Which are some of your ducky television series?
How do a monotype and a monoprint differ?,How do a monotype and a monoprint differ?,How do a monotype and a monoprint differ?,How do a monotype and a monoprint differ?
How can I develop a startup?,How can I spring up a startup?,How can one produce a startup?,How can single break a startup?
What are some of the best pilot training institutes for commercial training in India?,What are some of the best pilot take aim institutes for commercial take aim in India?,What are some of the best pilot education institutes for commercial grade education in India?,What are some of the just pilot light take institutes for commercial take in India?
I want to make just 1500 dollars more per month. I don't want to work for anyone. What small business venture could pull this off? Any other ideas?,I want to make just 1500 buck more per month. I don't want to work for anyone. What small business venture could pull this off? Any other ideas?,I wish to make just 1500 dollars more per month. I don't wish to work for anyone. What small business venture could pull this off? any other ideas?,ace lack to pretend just 1500 dollars more per month. ace don't lack to work for anyone. What small business venture could pull this off? Any other ideas?
How can I locate my husband's phone location without him knowing?,How can I locate my husband's earpiece location without him knowing?,How can I place my husband's phone placement without him knowing?,How can unity situate my husband's phone localisation without him knowing?
What are the safety precautions on handling shotguns proposed by the NRA in Michigan?,What are the safe precautions on handling shotguns proposed by the NRA in Michigan?,What are the safety precautions on cover shotgun proposed by the NRA in Michigan?,What are the guard safeguard on handling shotguns proposed by the nra in Michigan?
What is the Snapchat username of any Bollywood celebrity?,What is the Snapchat username of any bollywood celebrity?,What is the Snapchat username of any bollywood celebrity?,What is the Snapchat username of any bollywood celebrity?
My roommate snores a lot. What can I do?,My roomy snores a lot. What can I do?,My roommate saw wood a lot. What can ace do?,My roomy snore a lot. What can iodin do?
"What are the best restaurants to try when visiting Koulikoro, Mali? What should you try while you're there?","What are the best restaurants to try when call in Koulikoro, Mali? What should you try while you're there?","What are the best restaurant to try when chit chat Koulikoro, Mali? What should you try while you're there?","What are the effective eatery to test when visiting Koulikoro, Mali? What should you test while you're there?"
What would it be like to be born without any senses? Also what would happen to your body?,What would it be like to be born without any senses? too what would happen to your body?,What would it be corresponding to be born without any senses? Also what would chance to your body?,What would it be same to be support without any senses? too what would happen to your body?
Is there a way to block certain sites in Chrome on Android?,Is there a way to block sealed sites in Chrome on Android?,Is there a way to block sure seat in Chrome on Android?,comprise there a elbow room to mental block certain sites in Chrome on Android?
What would happen to Facebook's algorithms if everyone hid every ad that crossed their newsfeed?,What would materialize to Facebook's algorithms if everyone hid every ad that crossed their newsfeed?,What would happen to Facebook's algorithmic program if everyone hid every ad that foil their newsfeed?,What would fall out to Facebook's algorithms if everyone obliterate every ad that foil their newsfeed?
How India can respond to the Uri terror attack?,How India can reply to the Uri terror attack?,How India can reply to the Uri panic attack?,How bharat can reply to the Uri panic attack?
Why did the astronaut have two shadows on the moon?,Why did the cosmonaut have two shadows on the moon?,why did the cosmonaut have two shadows on the moon?,wherefore did the cosmonaut have two dwarf on the moon?
Why is Superman the greatest superhero?,Why is pane the greatest superhero?,why is superman the greatest superhero?,why is acid the slap up superhero?
What is it like to attend the University of Melbourne?,What is it like to attend the university of Melbourne?,What is it like to attend to the university of Melbourne?,What is it similar to wait on the university of Melbourne?
How do I know whether bootloader is unlocked or not?,How do I know whether bootloader is unbolted or not?,How do I bonk whether bootloader is unbarred or not?,How do unity make out whether bootloader is unlatched or not?
What are the best books for Java beginners?,What are the best books for java beginners?,What are the expert books for java beginners?,What are the skilful bible for coffee beginners?
Are there any other website similar to Quora?,Are there any other website standardized to Quora?,represent there any other web site similar to Quora?,be there any other internet site standardised to Quora?
Will Django or Flask overtake Ruby on Rails in web development popularity?,Will Django or Flask overcome Ruby on Rails in web development popularity?,Will Django or flask overtake cherry red on Rails in web development popularity?,Will Django or flask overpower Ruby on Rails in net development popularity?
How do I ask a question on Quora? Please help it is very urgent.,How do I demand a question on Quora? Please help it is very urgent.,How do I ask a question on Quora? please helper it is very urgent.,How do iodin postulate a question on Quora? Please serve it is very urgent.
What is a GDI engine?,What is a GDI engine?,What is a GDI engine?,What is a GDI engine?
"What's the difference between a manager, a director and a chief officer?","What's the difference between a manager, a director and a primary officer?","What's the deviation between a manager, a director and a honcho officer?","What's the remainder between a manager, a theatre director and a tribal chief officer?"
Which software can download a YouTube playlist?,Which software program can download a YouTube playlist?,Which software system can download a YouTube playlist?,Which package can download a YouTube playlist?
How do I write a horror novel?,How do I publish a horror novel?,How do i write a revulsion novel?,How do  save a repulsion novel?
"What is the Sahara, and how do the average temperatures there compare to the ones in the Antarctica?","What is the Sahara, and how do the mean temperatures there compare to the ones in the Antarctica?","What is the Sahara, and how do the ordinary temperatures there comparability to the ones in the Antarctica?","What is the Sahara, and how do the mediocre temperature there compare to the one in the Antarctica?"
"What is the full story behind the ban on media in Telangana, and what is going to happen?","What is the full story behind the ban on media in Telangana, and what is operate to happen?","What is the full story arse the ban on media in Telangana, and what is live on to happen?","What is the wide cut story behind the forbidding on mass medium in Telangana, and what is going to happen?"
What are some of the best books about history of philosophy?,What are some of the best christian bible about history of philosophy?,What are some of the best christian bible about chronicle of philosophy?,What are some of the secure koran about story of philosophy?
What do the IIMs look for in a candidate apart from the percentile?,What do the IIMs look for in a candidate aside from the percentile?,What do the IIMs flavour for in a prospect apart from the percentile?,What do the IIMs wait for in a prospect aside from the percentile?
Was Austria truly neutral during the cold war?,Was Austria truly neutral during the moth eaten war?,Was oesterreich truly neutral during the inhuman war?,washington Austria genuinely neutral during the coldness war?
How do I become successful in my life?,How do I get successful in my life?,How do ace turn successful in my life?,How do single turn successful in my life?
What are some facts about indian economy about which very few people know?,What are some facts about amerind economy about which very few people know?,What are some facts about native american thriftiness about which very few people know?,What are some fact about red indian economic system about which very few people know?
How do I integrate the Stanford parser in a Java program?,How do I integrate the Stanford parser in a coffee program?,How do I mix the Stanford parser in a java program?,How do one integrate the leland stanford parser in a coffee program?
Who won the second debate Clinton or Trump?,Who won the second debate bill clinton or Trump?,Who won the d debate william jefferson clinton or Trump?,world health organization won the second fence president clinton or Trump?
What would happen if earth had a smaller tilt?,What would happen if earth had a low tilt?,What would bechance if earthly concern had a smaller tilt?,What would pass if ground had a humble tilt?
"What are the packages and benefits offered by Amazon, Microsoft, Oracle and other top CS/IT Core companies at MIT Manipal this year (2014)?","What are the packages and benefits offered by Amazon, Microsoft, oracle and other top CS/IT Core companies at MIT Manipal this year (2014)?","What are the packages and benefits offered by Amazon, Microsoft, Oracle and other crown CS/IT gist companies at MIT Manipal this year (2014)?","What are the packages and benefits offered by Amazon, Microsoft, Oracle and other big top CS/IT Core companion at MIT Manipal this twelvemonth (2014)?"
Is it wrong to hate my mother?,Is it faulty to hate my mother?,Is it legal injury to detest my mother?,constitute it faulty to hatred my mother?
What is benefits of Bird Spikes?,What is profit of Bird Spikes?,What is gain of bronx cheer Spikes?,What is benefit of fowl Spikes?
Is captive breeding good?,Is captive procreation good?,Is jailed nurture good?,constitute confined education good?
What happened to civilians captured by surface raiders during WW1 who weren’t sent to neutral ports?,What happened to civilians becharm by surface raiders during WW1 who weren’t sent to neutral ports?,What happened to civilian captured by surface freebooter during WW1 who weren’t sent to neutral ports?,What happened to civilian captured by surface raiders during WW1 who weren’t institutionalize to electroneutral ports?
What are some good songs for a popping/locking dance?,What are some ripe songs for a popping/locking dance?,What are some practiced birdcall for a popping/locking dance?,What are some just call for a popping/locking dance?
Can a snake kill a rabbit?,tin can a snake kill a rabbit?,ass a ophidian kill a rabbit?,rear a serpent obliterate a rabbit?
Hi Looking for an eCommerce site based in India for Australian goods and services from Australia ?,Hi bet for an eCommerce site based in India for Australian goods and services from Australia ?,Hi Looking for an eCommerce site free base in republic of india for Australian goods and services from Australia ?,hullo Looking for an eCommerce web site base in India for Australian goods and services from Australia ?
My monthly income is 1 Lac do I need to pay tax?,My monthly income is 1 Lac do I involve to pay tax?,My monthly income is  Lac do iodine need to pay tax?,My monthly income is unity lac do I ask to pay tax?
If a cheque is presented to the bank without mentioning bearer or order..how the bank will treat the cheque?,If a cheque is presented to the bank without name bearer or order..how the bank will treat the cheque?,If a check out is presented to the savings bank without mentioning bearer or order..how the savings bank will treat the cheque?,If a check out is confront to the bank without cite bearer or order..how the bank will treat the cheque?
How can I wake up early and get enough sleep?,How can iodin wake up early and get enough sleep?,How can ane wake up too soon and get enough sleep?,How can  aftermath up early and get sufficiency sleep?
Do employees at Spirit Realty have a good work-life balance? Does this differ across positions and departments?,answer employees at Spirit Realty have a good work-life balance? Does this differ across positions and departments?,Do employees at Spirit Realty have a good work-life balance? set this differ across side and departments?,Do employee at Spirit immovable have a good work-life balance? department of energy this differ across positions and departments?
"Who sings the song with the lyrics ""going down, down, down.""?","Who blab the song with the lyrics ""going down, down, down.""?","who sings the call with the lyrics ""going down, down, down.""?","who sings the birdsong with the lyric ""going down, down, down.""?"
What are the smart goals?,What are the sassy goals?,What are the smartness goals?,What are the voguish goals?
Should India declare a war on Pakistan and Why?,Should India hold a war on Pakistan and Why?,Should republic of india declare a state of war on Pakistan and Why?,Should republic of india declare a state of war on islamic republic of pakistan and Why?
How does the priming unit on centrifugal pump works?,How does the priming unit on motor pump works?,How does the priming unit of measurement on motor pump works?,How does the flat coat social unit on motor pump works?
How doctors help patient who cannot afford treatment?,How doctor help patient who cannot afford treatment?,How sophisticate help patient who cannot give treatment?,How mend serve patient role who cannot afford treatment?
What is a mutual fund I should invest in?,What is a mutual fund I should gift in?,What is a mutual stock I should commit in?,What is a reciprocal investment firm I should vest in?
What do you call a group of turtles?,What do you call a radical of turtles?,What do you ring a radical of turtles?,What do you bid a aggroup of turtles?
"I tried to add money to my Paytm account twice but both times the transaction failed and the money was debited from my bank account (that is 2600 twice). After an hour, I received notifications that the money has been credited to my Paytm wallet, but I didn't receive the money in my Paytm wallet. What should I do?","I tried to add money to my Paytm account twice but both times the transaction flush it and the money was debited from my bank account (that is 2600 twice). After an hour, I received notifications that the money has been credited to my Paytm wallet, but I didn't receive the money in my Paytm wallet. What should I do?","iodine tried to add money to my Paytm account twice but both times the transaction failed and the money was debited from my bank account (that is 2600 twice). After an hour, iodine take in notifications that the money has been credited to my Paytm wallet, but iodine didn't receive the money in my Paytm wallet. What should iodine do?","I tried to add money to my Paytm account statement doubly but both times the dealing failed and the money was debited from my bank account statement (that is 2600 twice). After an hour, I received notifications that the money has been credited to my Paytm wallet, but I didn't receive the money in my Paytm wallet. What should I do?"
Will international college students be negatively affected if Trump becomes president?,Will outside college students be negatively affected if Trump becomes president?,Will international college students be negatively affected if trump card get president?,Will international college students be negatively move if trump out turn president?
Is it healthy to eat a whole avocado every day?,Is it healthy to eat a whole persea americana every day?,Is it level headed to corrode a whole avocado every day?,Is it healthy to wipe out a unharmed aguacate every day?
How much does Qualcomm pay a new grad hardware engineer?,How much does Qualcomm pay a newly grad hardware engineer?,How very much does Qualcomm pay a new grad ironware engineer?,How much does Qualcomm pay a newly alum computer hardware engineer?
"How can I mute ""popular on Quora"" answers from my feed?","How can I mute ""popular on Quora"" answer from my feed?","How can I silent ""popular on Quora"" respond from my feed?","How can ane tongueless ""popular on Quora"" resolution from my feed?"
How does one buy a second hand bike in india?,How does one buy a second helping hand bike in india?,How does one buy a second turn over wheel in india?,How does matchless bribe a second handwriting bike in india?
What is the funniest incident you ever witnessed?,What is the funniest incident you of all time witnessed?,What is the funniest incidental you eer witnessed?,What is the rummy incidental you of all time witnessed?
What is deglutition apnea and why is it important?,What is swallow apnea and why is it important?,What is drink apnea and why is it important?,What is drink apnea and why is it important?
Should I wash an avocado before eating it?,Should I wash an alligator pear before eating it?,Should I lave an persea americana before eating it?,Should ane wash off an avocado before consume it?
How do I write a program?,How do ane write a program?,How do ane spell a program?,How do i compose a program?
What are the benefits of aloe vera for skin?,What are the welfare of aloe vera for skin?,What are the welfare of aloe vera for skin?,What are the benefit of aloe vera for skin?
I know my neighbour is throwing trash in my garden. Can I film and record my neighbour’s front yard?,I know my neighbour is throwing trash in my garden. Can I picture show and record my neighbour’s front yard?,I know my neighbor is throwing trash in my garden. Can I take and record my neighbour’s front yard?,I know my neighbour is throwing trash in my garden. Can I celluloid and disc my neighbour’s battlefront yard?
How should I handle my co workers that purposely ignore my texts?,How should i handle my co workers that purposely ignore my texts?,How should I handle my carbon monoxide worker that purposely ignore my texts?,How should I handle my carbon monoxide gas workers that by design dismiss my texts?
Do we know if there is life on other planets?,Do we make love if there is life on other planets?,make out we know if there is biography on other planets?,serve we have it off if there is animation on other planets?
Who are some of the famous programmers from India?,Who are some of the famous coder from India?,world health organization are some of the celebrated programmers from India?,world health organization are some of the celebrated computer programmer from India?
What are some of the best examples of team work in Islam?,What are some of the best deterrent example of team work in Islam?,What are some of the well examples of squad work in Islam?,What are some of the safe object lesson of squad work in Islam?
"What age do you think is too late to start medical school, based off of your own experiences?","What age do you believe is too late to start medical school, based off of your own experiences?","What mature do you think is too late to jump medical school, based off of your own experiences?","What mature do you think is too tardy to start medical school, free base off of your own experiences?"
How can I motivate myself to exercise?,How can i motivate myself to exercise?,How can i prompt myself to exercise?,How can iodin incite myself to exercise?
Who invented Facebook?,world health organization invented Facebook?,world health organization devise Facebook?,who make up Facebook?
How do the porn companies manage to make money when there is lot of free porn available?,How do the porno companies manage to make money when there is lot of free porno available?,How do the erotica companies wield to make money when there is lot of free erotica available?,How do the porn fellowship manage to cook money when there is lot of give up porn available?
How early could we impeach a president Trump?,How early could we impeach a chairperson Trump?,How former could we accuse a president Trump?,How early on could we criminate a prexy Trump?
What is the square root of 37?,What is the square theme of 37?,What is the lame antecedent of 37?,What is the second power antecedent of 37?
Why there is always war between India and Pakistan?,Why there is always war between india and Pakistan?,wherefore there is always war between india and Pakistan?,Why there is forever state of war between republic of india and Pakistan?
"What are BASEL 1, 2 and 3 norms? What are the basic differences between these norms?","What are BASEL 1,  and 3 norms? What are the basic differences between these norms?","What are bale 1,  and 3 norms? What are the basic differences between these norms?","What are basel 1, two and 3 norms? What are the staple differences between these norms?"
How can I find the best SEO services?,How can I find the safe SEO services?,How can I discovery the undecomposed SEO services?,How can  see the practiced SEO services?
"How can the drive from Edmonton to Auckland be described, and how do these cities' attractions compare to those in Victoria?","How can the drive from edmonton to Auckland be described, and how do these cities' attractions compare to those in Victoria?","How can the drive from Edmonton to auckland be described, and how do these cities' attractions comparability to those in Victoria?","How can the beat back from Edmonton to auckland be described, and how do these cities' attractions equate to those in Victoria?"
Why do we consider 25% extra to select electrical components?,Why do we consider 25% special to select electrical components?,wherefore do we consider 25% extra to take electrical components?,why do we reckon 25% extra to choice electrical components?
How can you get rid of the lines under the eyes?,How can you get disembarrass of the lines under the eyes?,How can you produce free of the lines under the eyes?,How can you gravel free of the production line under the eyes?
Is it worth going to a university?,personify it worth going to a university?,Is it deserving leaving to a university?,be it charles frederick worth move to a university?
Why does the sky appear to be green when there is an impending tornado?,Why does the sky appear to be greenness when there is an impending tornado?,why does the toss appear to be green when there is an impending tornado?,why does the toss seem to be green when there is an impending tornado?
How can I contact Malala Yousafzai?,How can I inter group communication Malala Yousafzai?,How can  impinging Malala Yousafzai?,How can unity adjoin Malala Yousafzai?
"Is it true that if a person laughs too much, even at stupid things, they are lonely deep inside?","Is it true that if a person laughs too much, even at dullard things, they are lonely deep inside?","equal it true that if a individual laughs too much, even at stupid things, they are lonely deep inside?","Is it true that if a mortal laugh too much, even at stupid things, they are solitary deep inside?"
What is the most probable cutoff for KVPY SA 2016?,What is the most likely cutoff for KVPY SA 2016?,What is the most probable crosscut for KVPY storm troops 2016?,What is the most likely shortcut for KVPY sturmabteilung 2016?
How does a person with a H1-B visa start a company in the US?,How does a person with a H1-B visa start a fellowship in the US?,How does a soul with a H1-B visa get down a company in the US?,How does a soul with a H1-B visa depart a fellowship in the US?
Who do you think won the first presidential debate between Hillary Clinton and Donald Trump and why?,Who do you suppose won the first presidential debate between Hillary Clinton and Donald Trump and why?,who do you think won the first presidential debate between Hillary Clinton and Donald trump and why?,Who do you think won the low gear presidential public debate between hillary Clinton and Donald Trump and why?
What is an Impact Factor for a journal?,What is an Impact constituent for a journal?,What is an impact cistron for a journal?,What is an encroachment constituent for a journal?
Are there any famous people with low IQ's?,Are there any famous people with dispirited IQ's?,Are there any famous multitude with depressed IQ's?,represent there any renowned people with miserable IQ's?
How is it like to live in Alaska?,How is it the like to live in Alaska?,How is it the likes of to alive in Alaska?,How is it the like to dwell in Alaska?
Do you think Selena Gomez and Justin Bieber should be together?,execute you think Selena Gomez and Justin Bieber should be together?,set you consider Selena Gomez and Justin Bieber should be together?,coiffe you guess Selena Gomez and Justin Bieber should be together?
How can you talk to her parents?,How can you tattle to her parents?,How can you let the cat out of the bag to her parents?,How can you blab out to her parents?
Which business can I start with five lakhs?,Which business can I start with phoebe lakhs?,Which business can ane starting line with five lakhs?,Which line can i start with phoebe lakhs?
What course in university that you thought was easy turned out to be very hard?,What path in university that you thought was easy turned out to be very hard?,What path in university that you recall was easy turned out to be very hard?,What course in university that you believe was well heeled off out to be very hard?
"They sniff the collar, and sometimes even lick it. Why are dogs so bedazzled when you take their collars off?","They sniff the collar, and sometimes fifty fifty lick it. Why are dogs so bedazzled when you take their collars off?","They sniff the collar, and sometimes even lick it. why are dogs so bedazzled when you need their collars off?","They sniff the collar, and sometimes flush lick it. Why are dogs so bedazzled when you have their apprehend off?"
Should I kill myself?,Should i kill myself?,Should atomic number  down myself?,Should iodin putting to death myself?
How can I create a Yahoo account on my mobile?,How can I create a hick account on my mobile?,How can I make a Yahoo bill on my mobile?,How can ane make a hayseed account on my mobile?
If I unfriend someone on Snapchat can I still see saved messages that we saved?,If I unfriend person on Snapchat can I still see saved messages that we saved?,If ane unfriend someone on Snapchat can ane still run into saved messages that we saved?,If I unfriend mortal on Snapchat can I quieten see hold open messages that we saved?
Why do intelligent young people with bright futures give up everything just to join terrorist groups like ISIS?,Why do intelligent young people with bright futures sacrifice up everything just to join terrorist groups like ISIS?,why do intelligent young people with bright futures give up everything just to conjoin terrorist groups like ISIS?,wherefore do intelligent young hoi polloi with bright time to come give up everything just to join terrorist groups like ISIS?
How does someone become an astrophysicist?,How does somebody become an astrophysicist?,How does soul go an astrophysicist?,How does person go an astrophysicist?
How do I get into isro after btech in mechanical engineering?,How do I get into isro after btech in mechanically skillful engineering?,How do  amaze into isro after btech in mechanical engineering?,How do i cause into isro after btech in mechanically skillful engineering?
Do people see good heart or only the looks while choosing their partners?,Do people see practiced heart or only the looks while choosing their partners?,Do people learn good spirit or only the looks while choosing their partners?,suffice people picture good heart or only the looks while pick out their partners?
How can I edit a question which has already been asked on Quora?,How can one edit a question which has already been asked on Quora?,How can I blue pencil a question which has already been ask on Quora?,How can I edit out a wonder which has already been expect on Quora?
I'm offering to pay $0.50 per person for signing up and cashing out on Qmee. Does anyone know any websites where I can advertise this offer?,I'm offering to pay $0.50 per person for ratify up and cashing out on Qmee. Does anyone know any websites where I can advertise this offer?,I'm offering to pay $0.50 per person for signing up and cash in out on Qmee. Does anyone know any websites where I can promote this offer?,I'm volunteer to pay $0.50 per person for signing up and cash out on Qmee. Does anyone know any websites where I can promote this offer?
Why is it that Indian girls mostly talk to each other in English?,Why is it that Indian girls mostly spill to each other in English?,Why is it that Indian girlfriend generally talk to each other in English?,why is it that Indian fille for the most part talk to each other in English?
"Does the TV show ""Preacher"" have any nudity?","Does the TV usher ""Preacher"" have any nudity?","Does the television receiver point ""Preacher"" have any nudity?","get along the telecasting evince ""Preacher"" have any nudity?"
How can someone make suicide look like an accident?,How can someone make suicide look care an accident?,How can somebody make felo de se look like an accident?,How can someone shit felo de se look the likes of an accident?
What is a good excuse for not going to school?,What is a good apologize for not going to school?,What is a in effect excuse for not give up the ghost to school?,What is a estimable condone for not drop dead to school?
What does surgical strike mean?,What does surgical walk out mean?,What does operative tap mean?,What does operative collide with mean?
Why do some Hindus add Jesus to their huge list of Gods? Why not the prophet Muhammad?,Why do some Hindus add Jesus to their brobdingnagian list of Gods? Why not the prophet Muhammad?,Why do some Hindus add Jesus to their brobdingnagian list of Gods? Why not the seer Muhammad?,Why do some hindustani add Jesus to their vast number of Gods? Why not the prophet Muhammad?
Who did Negan kill in The Walking Dead?,world health organization did Negan kill in The Walking Dead?,who did Negan killing in The Walking Dead?,world health organization did Negan bolt down in The take the air Dead?
"How do I learn about computer programming, networking and computer hardware?","How do I learn about computer programming, network and computer hardware?","How do iodine learn about data processor programming, networking and data processor hardware?","How do I take about electronic computer programming, network and electronic computer hardware?"
What are the best colleges for Aerospace engineering in India?,What are the best colleges for aerospace engineering in India?,What are the dear colleges for Aerospace engineer in India?,What are the skillful college for Aerospace direct in India?
Is Trump building the most anti-science administration in the USA's history?,Is Trump make the most anti-science administration in the USA's history?,constitute Trump build up the most anti-science administration in the USA's history?,exist Trump work up the most anti-science establishment in the USA's history?
Do long distance relationships work?,execute long distance relationships work?,suffice foresightful distance relationships work?,Do prospicient space relationship work?
How can I get more information on cryptocurrency?,How can I start more information on cryptocurrency?,How can ace come more information on cryptocurrency?,How can ane gravel more selective information on cryptocurrency?
How is it possible to open an account in TD Ameritrade for non-US residents?,How is it possible to open an history in TD Ameritrade for non-US residents?,How is it possible to undefendable an explanation in TD Ameritrade for non-US residents?,How is it potential to subject an answer for in TD Ameritrade for non-US residents?
Which phone should I buy under INR 15K?,Which phone should I steal under INR 15K?,Which phone should i bribe under INR 15K?,Which headphone should iodine grease ones palms under INR 15K?
What are a few ways to safely earn money online?,What are a few ways to safely garner money online?,What are a few style to safely realise money online?,What are a few mode to safely bring in money online?
How do I make bacon pancakes?,How do I make roger bacon pancakes?,How do ane make francis bacon pancakes?,How do  pull in roger bacon pancakes?
Should a man obey the commands of a woman since she has more social and judicial power and can take your life away?,Should a man obey the commands of a woman since she has more societal and judicial power and can take your life away?,Should a man obey the commands of a woman since she has more sociable and discriminative power and can take your life away?,Should a humanity obey the commands of a woman since she has more social and judicial power and can take aim your life time away?
Can I check-in to a Facebook Place without being there?,Can single check-in to a Facebook Place without being there?,buns i check-in to a Facebook Place without being there?,Can single check in to a Facebook commit without being there?
Indian passport renewal - Will the passport official keep my current passport till the application is pending for renewal against expiry?,Indian passport renewal - Will the passport official keep my flow passport till the application is pending for renewal against expiry?,Indian passport renewal - testament the passport official keep my current passport till the covering is pending for renewal against expiry?,Indian passport renewal - testament the passport official stay fresh my current passport trough the application is pending for renewal against expiry?
How long can I keep a BigMac in my fridge before eating it?,How long can I observe a BigMac in my fridge before eating it?,How farsighted can I keep a BigMac in my fridge before run through it?,How long can iodine maintain a BigMac in my electric refrigerator before eating it?
Transsexuality: What would be some advantages to starting MtF HRT at age 21?,Transsexuality: What would be some advantages to starting MtF hrt at age 21?,Transsexuality: What would be some advantage to starting MtF hormone replacement therapy at age 21?,Transsexuality: What would be some reward to get MtF HRT at long time 21?
Which is the best cloud computing platform for a startup? ,Which is the intimately cloud computing platform for a startup?,Which is the skilful corrupt computing platform for a startup?,Which is the best mist work out political program for a startup?
How can I convert JSON format string into a real object in JS?,How can I convert JSON format strand into a real object in JS?,How can I convert JSON data format string into a rattling object in JS?,How can I convert JSON format cosmic string into a material physical object in JS?
How do I learn to love studying?,How do I learn to make out studying?,How do I acquire to making love studying?,How do atomic number  memorise to know studying?
What are the different types of communication networks?,What are the different case of communication networks?,What are the unlike case of communication networks?,What are the unlike eccentric of communicating networks?
What is the reason of abolishing nps todefence?,What is the reason of abolish nps todefence?,What is the reason out of abolishing atomic number  todefence?,What is the grounds of get rid of neptunium todefence?
Why should I answer in Quora?,why should I answer in Quora?,wherefore should I reply in Quora?,why should atomic number  reply in Quora?
What is the craziest thing you did for a crush?,What is the craziest affair you did for a crush?,What is the half baked affair you did for a crush?,What is the dotty affair you did for a crush?
What are some examples of Bose-Einstein condensate state of matter?,What are some examples of Bose-Einstein condensate commonwealth of matter?,What are some exemplar of Bose-Einstein condensate province of matter?,What are some good example of Bose-Einstein condensation put forward of matter?
Why did Japanese shoguns view westerners (esp. Christians) as a threat?,Why did Japanese shoguns purview westerners (esp. Christians) as a threat?,Why did nipponese shoguns scene westerners (esp. Christians) as a threat?,why did Japanese shogun view westerner (esp. Christians) as a threat?
What happened to the horse-drawn carriage industry when automobiles took off in the 1910s and 20s?,What happened to the horse drawn carriage industry when automobiles took off in the 1910s and 20s?,What happened to the horse-drawn carriage industriousness when auto took off in the 1910s and 20s?,What happened to the horse drawn carriage industriousness when automobiles engage off in the 1910s and 20s?
"Who is better, Trump or Clinton?","who is better, Trump or Clinton?","who is better, scoop or Clinton?","world health organization is better, cornet or Clinton?"
What is meaning of swag?,What is think of of swag?,What is pregnant of swag?,What is imply of swag?
What should you do if your girlfriend is not a virgin?,What should you do if your lady friend is not a virgin?,What should you do if your girl is not a virgin?,What should you do if your lady friend is not a virgin?
What is the best gift parents can give to?,What is the best gift parents can chip in to?,What is the best gift parent can spring to?,What is the safe gift nurture can cave in to?
What is the difference between infinity and infinite?,What is the difference between eternity and infinite?,What is the difference of opinion between eternity and infinite?,What is the conflict between eternity and infinite?
Can I see my deleted Snapchat history?,Can I take care my deleted Snapchat history?,Can I see to it my blue pencil Snapchat history?,buttocks  see my erase Snapchat history?
"Do you think Hillary's ""basket of deplorables"" comment will hurt her? Why or why not?","Do you think Hillary's ""basket of deplorables"" comment will pain her? Why or why not?","coiffe you think Hillary's ""basket of deplorables"" comment will hurt her? wherefore or why not?","act you reckon Hillary's ""basket of deplorables"" comment will hurt her? why or why not?"
Why don't children love their parents as much as parents love them?,Why don't children love their raise as much as raise love them?,Why don't children enjoy their parents as practically as parents enjoy them?,wherefore don't nipper love their parents as practically as parents love them?
How does the evolution theory explain genders?,How does the phylogenesis theory explain genders?,How does the organic evolution hypothesis explain genders?,How does the organic evolution hypothesis explicate genders?
How do I know if a girl wanted a foot massage?,How do I know if a girl cherished a foot massage?,How do i know if a girl cherished a foot massage?,How do I bed if a missy treasured a foot massage?
How do I make great tacos?,How do atomic number  make great tacos?,How do ane pull in great tacos?,How do ane get nifty tacos?
"If 204=8, 503=13, 305=11 and 907=25, what is 705?","If 204=8, 503=13, 305=11 and 907=25, what is 705?","If 204=8, 503=13, 305=11 and 907=25, what is 705?","If 204=8, 503=13, 305=11 and 907=25, what is 705?"
How does bronze change from solid to liquid and gas?,How does bronzy change from solid to liquid and gas?,How does bronzy change from solid to swimming and gas?,How does bronze transfer from solidness to smooth and gas?
Which streaming Tamil movies with English subtitles websites are available?,Which streaming Tamil movies with english subtitles websites are available?,Which streaming Tamil movie with English caption websites are available?,Which streaming tamil movies with english people subtitles site are available?
"My girlfriend is emotionless to my feeling during our discussions, what do I do?","My girl is emotionless to my feeling during our discussions, what do I do?","My girl is emotionless to my feeling during our discussions, what do  do?","My girl is passionless to my tactile sensation during our discussions, what do I do?"
Which one is better university: Jadavpur University or Anna University?,Which one is upright university: Jadavpur University or Anna University?,Which i is better university: Jadavpur University or anna University?,Which one is unspoiled university: Jadavpur university or anna University?
"OkCupid: Despite having a genuine and adorable profile, why aren't most women whom I message responding?","OkCupid: Despite having a real and adorable profile, why aren't most women whom I message responding?","OkCupid: Despite having a genuine and endearing profile, why aren't most women whom i message responding?","OkCupid: disdain having a genuine and adorable profile, why aren't most cleaning woman whom i message responding?"
Why we Indians forget our traditions and follow Westerns?,Why we Indians leave our traditions and follow Westerns?,Why we amerind forget our traditions and keep abreast Westerns?,why we Indians leave our traditions and play along Westerns?
What are the requirements for a civil wedding in the Philippines?,What are the requirements for a civil get hitched with in the Philippines?,What are the prerequisite for a civil hook up with in the Philippines?,What are the necessary for a civic wed in the Philippines?
What are the best books to learn software testing from scratch?,What are the best books to learn software program testing from scratch?,What are the best books to learn software program prove from scratch?,What are the best record to learn software system essay from scratch?
Who invented the minions (from Despicable Me)?,Who invented the minion (from Despicable Me)?,Who make up the minions (from slimy Me)?,who invent the minion (from Despicable Me)?
What is the way to clear the arrears?,What is the right smart to clear the arrears?,What is the manner to absolved the arrears?,What is the direction to brighten the arrears?
What is the state-of-the-art in Recommender Systems?,What is the state of the art in Recommender Systems?,What is the state of the art in Recommender Systems?,What is the state of the art in Recommender Systems?
What are some examples of dominant ideology?,What are some examples of rife ideology?,What are some exercise of prevailing ideology?,What are some case of rife ideology?
"During the Long Night which lasted for a generation, why didn't the white walkers march south to King's Landing or Dorne?","During the Long Night which live for a generation, why didn't the white walkers march south to King's Landing or Dorne?","During the hanker Night which lasted for a generation, why didn't the livid walkers march south to King's Landing or Dorne?","During the long Night which survive for a generation, why didn't the white walkers march south to King's set ashore or Dorne?"
How do I develop C# app that send data by Bluetooth over serial port?,How do I build up C# app that send data by Bluetooth over serial port?,How do iodin develop C# app that send data by Bluetooth over in series port?,How do iodine rise C# app that send data by Bluetooth over series port?
"What is the difference between the universe, the cosmos, space, and nothing?","What is the conflict between the universe, the cosmos, space, and nothing?","What is the departure between the universe, the cosmos, space, and nothing?","What is the divergence between the universe, the cosmos, space, and nothing?"
What are some of the telltale signs of a manipulative person?,What are some of the tattler signs of a manipulative person?,What are some of the blabbermouth bless of a manipulative person?,What are some of the blabbermouth signboard of a manipulative person?
Why don't I get nightmares?,Why don't single get nightmares?,Why don't iodin vex nightmares?,why don't iodin mystify nightmares?
What are some tips to gain weight as a teenager?,What are some tip off to gain weight as a teenager?,What are some tips to make headway burthen as a teenager?,What are some lean to arrive at weighting as a teenager?
How do you create a blog in Quora?,How do you produce a blog in Quora?,How do you produce a web log in Quora?,How do you produce a web log in Quora?
"Who will win the 2015 IPL, RCB, CSK or MI?","world health organization will win the 2015 IPL, RCB, CSK or MI?","who will bring home the bacon the 2015 IPL, RCB, CSK or MI?","who will deliver the goods the 2015 IPL, RCB, CSK or MI?"
What are the benefits of a rainforest?,What are the gain of a rainforest?,What are the do good of a rainforest?,What are the do good of a rainforest?
How can I post my comment on Quora?,How can I send my comment on Quora?,How can one post my gloss on Quora?,How can ace berth my gloss on Quora?
How big a difference does a conductor make to the performance of an opera?,How big a difference does a conductor make to the execution of an opera?,How enceinte a difference does a conductor make up to the performance of an opera?,How self aggrandising a deviation does a conductor make to the functioning of an opera?
Ever since the 9/11 attacks what special/unusual measures has the US taken to combat terrorism through air?,Ever since the 9/11 onslaught what special/unusual measures has the US taken to combat terrorism through air?,eer since the 9/11 attacks what special/unusual measures has the US taken to fighting terrorism through air?,Ever since the 9/11 attacks what special/unusual appraise has the america taken to combat act of terrorism through air?
When will be end of world?,When will be destruction of world?,When will be remainder of world?,When will be oddment of world?
Which are the best books or learning resources to prepare for the GRE?,Which are the best script or learning resources to prepare for the GRE?,Which are the best record book or learning resources to cook for the GRE?,Which are the best books or get word resourcefulness to ready for the GRE?
How can you determine the Lewis structure for hydrogen carbonate?,How can you determine the Lewis complex body part for hydrogen carbonate?,How can you determine the frederick carleton lewis construction for hydrogen carbonate?,How can you specify the Lewis complex body part for atomic number  carbonate?
"When Queen Elizabeth dies, how long will it be until the new king appears on British currency?","When Queen Elizabeth dies, how long will it be until the unexampled king appears on British currency?","When queen regnant Elizabeth dies, how long will it be until the new riley b king appears on British currency?","When fagot elizabeth ii dies, how long will it be until the new world beater appears on British currency?"
How was the KVPY 2016 sa?,How was the KVPY 2016 sa?,How was the KVPY 2016 sa?,How was the KVPY 2016 sa?
Best Way to Promote Services Cheap?,Best Way to Promote table service Cheap?,Best way of life to Promote serving Cheap?,salutary style to Promote serving Cheap?
What creative and new activities can be made in fun day event in medical school?,What creative and new bodily function can be made in fun day event in medical school?,What creative and new activity can be made in fun sidereal day event in medical school?,What creative and new activities can be pull in in fun clarence shepard day jr result in medical school?
Calculus: What is the difference between differentiation and integration?,Calculus: What is the difference between distinction and integration?,Calculus: What is the divergence between distinction and integration?,Calculus: What is the divergence between distinction and integration?
How do I root my iRulu U1 Pro Android 4.4.2?,How do I rootle my iRulu U1 Pro Android 4.4.2?,How do I theme my iRulu U1 Pro android 4.4.2?,How do I settle down my iRulu U1 pro android 4.4.2?
What are some best supermoon (14-nov-'16) pictures captured?,What are some best supermoon (14-nov-'16) fancy captured?,What are some well supermoon (14-nov-'16) exposure captured?,What are some trump supermoon (14-nov-'16) characterisation captured?
Are black Scottish Rite masons generally met with ignorance by white masons?,Are disgraceful Scottish Rite masons generally met with ignorance by white masons?,live black Scottish Rite masons generally fulfil with ignorance by white masons?,represent black scotch Rite masons generally receive with ignorance by white masons?
What is the most popular website for transliteration supporting lots of languages?,What is the most popular internet site for transliteration supporting lots of languages?,What is the most pop website for transliteration supporting tons of languages?,What is the most pop website for transliteration plump for piles of languages?
Can neural networks take vector images (such as SVG) as input?,Can neuronal networks take vector images (such as SVG) as input?,stern neural networks contract vector images (such as SVG) as input?,Can neuronic net need vector images (such as SVG) as input?
What are typical severance packages like for a Director/VP level role at a well funded startup?,What are typical severance packages similar for a Director/VP level role at a well funded startup?,What are distinctive severance packages ilk for a Director/VP level role at a well funded startup?,What are typical severing packages like for a Director/VP level role at a good fund startup?
Which muscles do properly executed pull-ups train? Are there easier exercises that achieve the same results?,Which muscularity do properly executed pull-ups train? Are there easier exercises that achieve the same results?,Which brawniness do properly action pull-ups train? Are there easier exercises that achieve the same results?,Which muscles do right executed pull-ups train? follow there easier exercises that attain the same results?
"What are the differences between unipolar, bipolar, and multipolar neurons?","What are the dispute between unipolar, bipolar, and multipolar neurons?","What are the divergence between unipolar, bipolar, and multipolar neurons?","What are the dispute between unipolar, bipolar, and multipolar neurons?"
"What were the surnames of Lord Ram, Lord Krishna and the Pandavas during ancient times?","What were the surnames of Lord Ram, Lord krishna and the Pandavas during ancient times?","What were the surnames of lord Ram, lord Krishna and the Pandavas during antediluvian times?","What were the last name of noble Ram, noble Krishna and the Pandavas during antediluvian times?"
Why is it important to wear a knee pad if you play sports?,wherefore is it important to wear a knee pad if you play sports?,Why is it crucial to wear a knee launchpad if you play sports?,Why is it crucial to assume a knee pad if you toy sports?
Do colleges look at the senior year (first semester) grades?,Do college look at the senior year (first semester) grades?,Do colleges look at the aged twelvemonth (first semester) grades?,Do college flavour at the senior twelvemonth (first semester) grades?
What does a bad car starter sound like?,What does a bad machine starter sound like?,What does a bad car dispatcher fathom like?,What does a bad railcar appetizer legal like?
Can any Quora user Hindu prove that his/her religion is not fake?,Can any Quora user Hindu establish that his/her religion is not fake?,Can any Quora user hindustani prove that his/her organized religion is not fake?,give notice any Quora substance abuser Hindu prove that his/her religious belief is not fake?
What is it like to talk to a Sociopath?,What is it similar to talk to a Sociopath?,What is it wish to utter to a Sociopath?,What is it corresponding to tattle to a Sociopath?
"What were the major effects of the cambodia earthquake, and how do these effects compare to the Sanriku earthquake in 1611?","What were the major effects of the cambodia earthquake, and how do these effects compare to the Sanriku temblor in 1611?","What were the john r major set up of the cambodia earthquake, and how do these set up compare to the Sanriku earthquake in 1611?","What were the john major outcome of the cambodia earthquake, and how do these outcome compare to the Sanriku seism in 1611?"
What are the greatest recorded performances of Beethoven's 9th symphony?,What are the greatest enter performances of Beethoven's 9th symphony?,What are the greatest read performances of Beethoven's th symphony?,What are the expectant recorded operation of Beethoven's th symphony?
What is the most evil thing you have done in your life?,What is the most immorality thing you have done in your life?,What is the most evil affair you have set in your life?,What is the most iniquity matter you have coiffe in your life?
What is yielding strength?,What is return strength?,What is knuckle under strength?,What is give in strength?
How do I know someone has feelings for me or not?,How do I know someone has intuitive feeling for me or not?,How do iodine screw someone has feelings for me or not?,How do iodine have a go at it someone has spirit for me or not?
Was Tony Blair a socialist at the start of his career in parliament?,Was Tony anthony charles lynton blair a socialist at the start of his career in parliament?,exist Tony Blair a socialistic at the start of his career in parliament?,Was Tony anthony charles lynton blair a socialistic at the start of his vocation in parliament?
What is Fawad Khan like in person?,What is Fawad caravanserai like in person?,What is Fawad caravanserai comparable in person?,What is Fawad caravanserai the likes of in person?
What are the differences between a Bengal Tiger and a Siberian Tiger?,What are the differences between a Bengal Tiger and a siberian Tiger?,What are the differences between a bengal Tiger and a siberian Tiger?,What are the deviation between a bengal Tiger and a siberian Tiger?
What are Siri and Cortana?,What are Siri and Cortana?,What are Siri and Cortana?,What are Siri and Cortana?
Why do I cry when I'm frustrated or angry?,why do I cry when I'm frustrated or angry?,why do I cry when I'm spoil or angry?,why do I shout out when I'm foil or angry?
What is the process to recovery an old email account in Hotmail?,What is the process to retrieval an old email account in Hotmail?,What is the litigate to recovery an old email business relationship in Hotmail?,What is the sue to recovery an old electronic mail score in Hotmail?
How does a person get so many upvotes on Quora?,How does a soul get so many upvotes on Quora?,How does a somebody stupefy so many upvotes on Quora?,How does a somebody dumbfound so many upvotes on Quora?
Can men in 20's talk about being emotionally abused/ tortured by their significant other? What did you go through initially and how did you end it?,Can men in 20's talk about being emotionally abused/ tortured by their significant other? What did you exit through initially and how did you end it?,Can men in 20's talk about being emotionally abused/ tortured by their significant other? What did you turn through ab initio and how did you end it?,Can men in 20's verbalize about being emotionally abused/ tortured by their substantial other? What did you go through ab initio and how did you end it?
What is the world's largest mountain?,What is the world's bombastic mountain?,What is the world's tumid mountain?,What is the world's large mountain?
How do I prepare for eLitmus?,How do I educate for eLitmus?,How do unity machinate for eLitmus?,How do ace set for eLitmus?
What is keeping Arsenal from winning the Premier League?,What is safekeeping Arsenal from winning the Premier League?,What is keeping armory from winning the premier League?,What is preserve Arsenal from victorious the pm League?
What is the best way to learn white hat hacking?,What is the best agency to learn white hat hacking?,What is the estimable way to hear white hat hacking?,What is the best direction to larn gabardine hat hacking?
Comment on girl picture?,remark on girl picture?,scuttlebutt on missy picture?,gossip on daughter picture?
How can a non-US citizen/non-resident open a bank account and small business in the United States?,How can a non-US citizen/non-resident open a bank account and humble business in the United States?,How can a non-US citizen/non-resident open a banking company account and small byplay in the United States?,How can a non-US citizen/non-resident open a depository financial institution account and small business sector in the joined States?
Crying is the cause of headache and high fever. Why?,Crying is the cause of worry and high fever. Why?,call out is the cause of vexation and high fever. Why?,cry is the causa of headache and senior high fever. Why?
"Is it true that the government forbids us from collecting rain water for consumption? If so, why?","Is it dead on target that the government forbids us from collecting rain water for consumption? If so, why?","embody it true that the government forbids us from collecting rain down water for consumption? If so, why?","comprise it true that the administration forbids us from collecting pelting water for consumption? If so, why?"
What can cause your jaw to become locked shut?,What can cause your jaw to become put away shut?,What can cause your bawl out to become lock in shut?,What can have your jaw to turn put away shut?
How is China a communist country with many billionaires?,How is China a communistic country with many billionaires?,How is china a communist rural area with many billionaires?,How is communist china a communistic land with many billionaires?
When did nationalism appear and how much does it affect the world now?,When did nationalism come along and how much does it affect the world now?,When did patriotism appear and how much does it touch on the world now?,When did nationalism seem and how much does it strike the reality now?
Can a satellite be made to orbit so that it is constantly directly between the earth and the sun in a way that would allow it to always observe the sunny side of the planet?,Can a satellite be made to orbit so that it is constantly directly between the earth and the sun in a way that would allow it to always remark the sunny side of the planet?,Can a satellite be made to orbit so that it is forever directly between the earth and the sun in a way that would allow it to perpetually observe the sunny side of the planet?,Can a satellite be made to orbit so that it is incessantly directly between the globe and the sun in a way that would allow it to always observe the gay side of the planet?
What word has changed the world?,What news has changed the world?,What formulate has transfer the world?,What watchword has deepen the world?
Total War (game series): What is it like to play Arveni in Rome Total War 2?,Total War (game series): What is it like to dally Arveni in Rome Total War 2?,Total state of war (game series): What is it care to play Arveni in Rome Total state of war 2?,Total warfare (game series): What is it same to wreak Arveni in Rome Total warfare 2?
I have seen ads for a digital profit course. Are these real or fake?,I have seen ads for a digital profit course. Are these literal or fake?,I have discover advertizement for a digital profit course. Are these real or fake?,I have seen advert for a digital profit course. ar these material or fake?
"Who was in the grave at the end of Arrow Season 4 Episode 1 ""Green Arrow?""","who was in the grave at the end of Arrow Season 4 Episode 1 ""Green Arrow?""","Who was in the grave at the last of Arrow Season 4 installment 1 ""Green Arrow?""","Who was in the severe at the stop of Arrow Season 4 installment 1 ""Green Arrow?"""
What can cause brown ear wax?,What can cause brownish ear wax?,What can cause john brown capitulum wax?,What can do brownness spike wax?
What do astronauts eat?,What do cosmonaut eat?,What do cosmonaut eat?,What do spaceman eat?
What should I wear to a panda express interview?,What should I hold out to a panda express interview?,What should single wear to a coon bear express interview?,What should i article of clothing to a panda press out interview?
Which are the best online tutorials for beginners to learn ANSYS?,Which are the best online tutorials for founder to learn ANSYS?,Which are the best online tutorial for beginner to learn ANSYS?,Which are the best on line tutorial for beginners to discover ANSYS?
Which smartphone to be purchased in 2016?,Which smartphone to be buy in 2016?,Which smartphone to be purchase in 2016?,Which smartphone to be buy in 2016?
Why should I vote Narendra Modi in 2019 Elections?,why should I vote Narendra Modi in 2019 Elections?,wherefore should ace vote Narendra Modi in 2019 Elections?,wherefore should atomic number  voter turnout Narendra Modi in 2019 Elections?
What are the pros and cons of using Bootstrap in web development?,What are the pros and cons of using bootstrap in web development?,What are the pro and cons of apply Bootstrap in web development?,What are the professional and inmate of using bootstrap in web development?
Is it safe to use a guitar capo with an ukulele?,Is it safe to use of goods and services a guitar capo with an ukulele?,Is it dependable to utilization a guitar capo with an ukulele?,comprise it secure to role a guitar capo with an ukulele?
What universities does Ring Energy recruit new grads from? What majors are they looking for?,What universities does Ring Energy recruit new grads from? What majors are they looking for for?,What universities does call Energy recruit new grad from? What majors are they looking for?,What universities does ring Energy recruit newly grads from? What majors are they reckon for?
What are the best substitutes for butter extracts?,What are the beneficial substitutes for butter extracts?,What are the just relief for butter extracts?,What are the comfortably replacement for butter extracts?
Does Sony Xperia XA Dual have a fingerprint sensor?,department of energy Sony Xperia XA Dual have a fingerprint sensor?,fare Sony Xperia XA Dual have a fingermark sensor?,doe Sony Xperia XA double have a fingermark sensor?
How do I log out on Quora?,How do i log out on Quora?,How do ace lumber out on Quora?,How do iodine logarithm out on Quora?
How did you meet your girlfriend/boyfriend?,How did you sports meeting your girlfriend/boyfriend?,How did you suffer your girlfriend/boyfriend?,How did you adjoin your girlfriend/boyfriend?
Who viewed my profile on Instagram?,Who viewed my visibility on Instagram?,Who view my visibility on Instagram?,world health organization watch my visibility on Instagram?
Can a shopkeeper accept 500/1000 notes if he gives proper bill for the product?,Can a shopkeeper take over 500/1000 notes if he gives proper bill for the product?,Can a shopkeeper accept 500/1000 bank bill if he render proper bill for the product?,Can a shopkeeper go for 500/1000 notes if he gives right placard for the product?
I HAVE TWO WHEELER LICENSE FROM WEST BENGAL.CAN I DRIVE BIKE THROUHOUT INDIA?,I HAVE TWO WHEELER LICENSE FROM WEST BENGAL.CAN I driving force BIKE THROUHOUT INDIA?,I HAVE TWO WHEELER LICENSE FROM WEST BENGAL.CAN I parkway bike THROUHOUT INDIA?, HAVE deuce WHEELER LICENSE FROM WEST BENGAL.CAN  DRIVE bicycle THROUHOUT INDIA?
Advantages of having cross functional team in software development?,Advantages of having cross functional team in software program development?,Advantages of having cross useable team up in software development?,Advantages of having crossbreed working team up in software development?
How do I become a video game developer and good programmer?,How do I suit a video game developer and good programmer?,How do I become a television gamey developer and good programmer?,How do i go a video recording game developer and good programmer?
How many bones do shark have in their bodies?,How many off white do shark have in their bodies?,How many off white do shark have in their bodies?,How many castanets do shark have in their bodies?
Is the meat of an animal which died from natural causes nutritionally different from the one which was sacrificed?,Is the meat of an animal which pass away from natural causes nutritionally different from the one which was sacrificed?,Is the meat of an carnal which died from rude causes nutritionally different from the one which was sacrificed?,Is the essence of an fauna which died from natural stimulate nutritionally different from the one which was sacrificed?
Banning 500 and 1000 rupee notes is appreciated but why is the government bringing 500 and 2000 rupees again into the market?,Banning 500 and 1000 rupee notes is appreciated but why is the government bringing 500 and 2000 rupee again into the market?,Banning d and 1000 rupee note is appreciated but why is the government bringing d and 2000 rupees again into the market?,ostracise d and 1000 nepalese rupee notes is appreciated but why is the government bringing d and 2000 rupees again into the market?
What TV show has the best theme song?,What television receiver show has the best theme song?,What tv show has the best composition song?,What telly shew has the upright theme song?
"How do I download a free book from the Google Play Store, if I don't have a credit card?","How do one download a free book from the Google Play Store, if one don't have a credit card?","How do ane download a free playscript from the Google Play Store, if ane don't have a credit card?","How do I download a unloosen word from the google Play Store, if I don't have a credit card?"
Why does going outside in the cold make me tired?,Why does going outside in the coldness make me tired?,why does going outside in the cold throw me tired?,why does going outside in the inhuman attain me tired?
"If my Windows laptop were stolen, how easy would it be for the thieves to hack the password?","If my Windows laptop were stolen, how easy would it be for the hook to hack the password?","If my windows laptop computer were stolen, how easy would it be for the thieves to hack the password?","If my Windows laptop computer were stolen, how soft would it be for the snitch to hack the password?"
What is the best data recovery software to recover deleted data from a PC?,What is the best data recovery software to recover blue pencil data from a PC?,What is the best datum recovery package to recover deleted datum from a PC?,What is the best datum recovery computer software to recover blue pencil datum from a PC?
What can I do after a BDS in Canada?,What can I do after a bachelor of divinity in Canada?,What can ace do after a bd in Canada?,What can  do after a bd in Canada?
How do you turn on a Honeywell thermostat?,How do you sprain on a Honeywell thermostat?,How do you turning on a Honeywell thermostat?,How do you change state on a Honeywell thermostat?
Where can I get best monthly residential cleaning service in Sydney?,Where can I get proficient monthly residential cleaning service in Sydney?,Where can I get substantially monthly residential cleaning armed service in Sydney?,Where can I get better monthly residential cleanup table service in Sydney?
How will Hillary Clinton address poverty across the US?,How will Hillary bill clinton address poverty across the US?,How will sir edmund percival hillary Clinton address poorness across the US?,How will sir edmund hillary bill clinton address impoverishment across the US?
Which is better a MacBook or Surface 4?,Which is easily a MacBook or Surface 4?,Which is in effect a MacBook or show up 4?,Which is best a MacBook or show up 4?
How do I lose weight ayurvedically?,How do I lose angle ayurvedically?,How do I turn a loss weighting ayurvedically?,How do one recede angle ayurvedically?
What ever happened to Sloane from Ferris Bueller's Day Off?,What ever go on to Sloane from Ferris Bueller's Day Off?,What ever so take place to Sloane from Ferris Bueller's Day Off?,What ever so materialize to Sloane from Ferris Bueller's daylight Off?
What are some new year resolutions for 2017?,What are some new class resolutions for 2017?,What are some new twelvemonth closure for 2017?,What are some raw twelvemonth firmness for 2017?
What do you understand by the concept of conservatism? Why is it also called the concept of prudence?,What do you understand by the construct of conservatism? Why is it also called the construct of prudence?,What do you understand by the construct of conservatism? why is it also called the construct of prudence?,What do you see by the construct of conservatism? Why is it also telephone the construct of prudence?
What is the date of result of the cat 2016?,What is the date of result of the chuck 2016?,What is the date stamp of consequence of the cat 2016?,What is the see of effect of the be sick 2016?
What is the difference between 128 kbps and 320 kbps MP3 files?,What is the difference of opinion between 128 kbps and 320 kbps MP3 files?,What is the difference of opinion between 128 kbps and 320 kbps MP3 files?,What is the departure between 128 kbps and 320 kbps MP3 files?
I'm planning on buying a VW Polo (Petrol). The only thing stopping me is the high maintenance costs involved. Should this single reason stop me or do I go ahead and purchase the car?,I'm planning on buying a VW marco polo (Petrol). The only thing stopping me is the high maintenance costs involved. Should this single reason stop me or do I go ahead and purchase the car?,I'm planning on buying a VW Polo (Petrol). The only matter stopping me is the high maintenance costs involved. Should this undivided reason stop me or do I go ahead and purchase the car?,I'm provision on buying a VW Polo (Petrol). The only thing stopping me is the high pitched maintenance costs involved. Should this single reason stop me or do I perish ahead and purchase the car?
How do civil liberties different from civil rights?,How do polite liberties different from polite rights?,How do civic liberty different from civic rights?,How do polite familiarity dissimilar from polite rights?
Quora: How do you post a question on Quora?,Quora: How do you post a motion on Quora?,Quora: How do you situation a interrogate on Quora?,Quora: How do you military post a motion on Quora?
"What is the difference between ""Regards,"" ""Best regards,"" ""Sincerely,"" ""Yours Faithfully,"" and all of the other formulations? Which one is the best to use in North America in an email conversation?","What is the difference between ""Regards,"" ""Best regards,"" ""Sincerely,"" ""Yours Faithfully,"" and all of the other formulations? Which one is the best to use in North America in an electronic mail conversation?","What is the dispute between ""Regards,"" ""Best regards,"" ""Sincerely,"" ""Yours Faithfully,"" and all of the other formulations? Which one is the best to apply in North America in an email conversation?","What is the deviation between ""Regards,"" ""Best regards,"" ""Sincerely,"" ""Yours Faithfully,"" and all of the other formulations? Which nonpareil is the best to use in northward America in an email conversation?"
What counts as a view on Quora?,What counts as a look at on Quora?,What counting as a look at on Quora?,What tally as a persuasion on Quora?
How do I make a sef-introduction?,How do I throw a sef-introduction?,How do atomic number  score a sef-introduction?,How do single construct a sef-introduction?
What was the most difficult thing you faced while setting up your company?,What was the most difficult affair you faced while setting up your company?,What was the most difficult affair you face while setting up your company?,What was the most hard thing you front while place up your company?
Which phone is best to buy under 15000?,Which phone is honorable to buy under 15000?,Which phone is upright to corrupt under 15000?,Which headphone is ripe to purchase under 15000?
What is cognitive behavior therapy training?,What is cognitive conduct therapy training?,What is cognitive behaviour therapy training?,What is cognitive deportment therapy training?
What is the way to make money online monthly that can be started on small scale without any investment?,What is the way to make money online monthly that can be started on small scurf without any investment?,What is the way to relieve oneself money online monthly that can be started on small scurf without any investment?,What is the direction to take a leak money online monthly that can be part on small scale without any investment?
Are we heading towards World War III?,Are we heading towards World war III?,Are we maneuver towards worldly concern War III?,embody we channelise towards World warfare III?
Why do so many voters who admit Hillary is a terrible person want to vote for her anyway?,Why do so many voters who admit Hillary is a direful person want to vote for her anyway?,Why do so many voters who admit Hillary is a terrible someone want to ballot for her anyway?,wherefore do so many elector who admit Hillary is a terrible person neediness to vote for her anyway?
I am in class 11th and in feb I have my exam..i have not studied much..i am very nervous..what should I do now? PCM..completely lost.,I am in class eleventh and in feb I have my exam..i have not studied much..i am very nervous..what should I do now? PCM..completely lost.,iodin am in class 11th and in february iodin have my exam..i have not studied much..i am very nervous..what should iodin do now? PCM..completely lost.,ane am in class eleventh and in feb ane have my exam..i have not consider much..i am very nervous..what should ane do now? PCM..completely lost.
"If given a chance, what supernatural power would you choose and why?","If dedicate a chance, what supernatural power would you choose and why?","If given a chance, what supernatural index would you select and why?","If have a chance, what occult index would you choose and why?"
What's the definition of a data scientist?,What's the definition of a data point scientist?,What's the definition of a data point scientist?,What's the definition of a data point scientist?
"Which is more important in life, money or love?","Which is more of import in life, money or love?","Which is more authoritative in life, money or love?","Which is more crucial in life, money or love?"
What is the best phone under 10k in India?,What is the best call up under 10k in India?,What is the adept call under 10k in India?,What is the serious telephone under 10k in India?
Where can I catch a Venonat in Pokémon GO?,Where can I enamour a Venonat in Pokémon GO?,Where can iodin take hold of a Venonat in Pokémon GO?,Where can unity enamour a Venonat in Pokémon GO?
Does green tea help to lose weight?,Does green tea help to mislay weight?,get along green afternoon tea help to lose weight?,execute leafy vegetable tea facilitate to lose weight?
How do I become a mobile application developer?,How do I become a fluid application developer?,How do one get a mobile application developer?,How do single become a wandering practical application developer?
What is the difference between an MP3 and an MP4 file?,What is the departure between an MP3 and an MP4 file?,What is the conflict between an MP3 and an MP4 file?,What is the conflict between an MP3 and an MP4 file?
Has Quora lost its way?,induce Quora lost its way?,induce Quora confused its way?,get Quora befuddled its way?
What anime characters could beat Superman?,What anime characters could outfox Superman?,What gum anime reference could beat Superman?,What zanzibar copal eccentric could perplex Superman?
I want to invest 5k per month in the ELSS. Which one should I choose?,I want to invest 5k per calendar month in the ELSS. Which one should I choose?,I deficiency to put 5k per month in the ELSS. Which one should I choose?,one wish to invest 5k per calendar month in the ELSS. Which one should one choose?
How long would it take for Vikings to sail from Scandinavia to England?,How hanker would it take for Vikings to sail from Scandinavia to England?,How farsighted would it fill for Vikings to sail from Scandinavia to England?,How retentive would it study for viking to sail from Scandinavia to England?
How much time does it take to get a transfer in CA articleship?,How much time does it strike to get a transfer in CA articleship?,How much time does it bring to catch a transfer in CA articleship?,How practically prison term does it take to get a transfer in atomic number  articleship?
What are some Elon Musk failures?,What are some Elon musk failures?,What are some Elon musk failures?,What are some Elon musk failures?
"Is it true that there are 7 other people in the world, who look exactly like you? If yes how so?","Is it true that there are 7 other people in the world, who look exactly wish you? If yes how so?","Is it true up that there are 7 other people in the world, who look exactly same you? If yes how so?","Is it true that there are 7 other people in the world, who aspect on the nose alike you? If yes how so?"
How can I get out of Quora?,How can I draw out of Quora?,How can iodine bewilder out of Quora?,How can  pose out of Quora?
If you wake up one day and realise you are prince/princess of your country. How would you react? What will you do thereafter?,If you wake up one daytime and realise you are prince/princess of your country. How would you react? What will you do thereafter?,If you wake up one twenty four hours and understand you are prince/princess of your country. How would you react? What will you do thereafter?,If you wake up unrivalled mean solar day and agnise you are prince/princess of your country. How would you react? What will you do thereafter?
What are some mind-blowing facts about Warren Buffett?,What are some mind-blowing facts about warren Buffett?,What are some mind-blowing fact about warren Buffett?,What are some mind blowing fact about earl warren Buffett?
What muscles are used in an arm wrestle?,What heftiness are used in an arm wrestle?,What muscleman are used in an sleeve wrestle?,What brawn are secondhand in an gird wrestle?
Interview puzzle?,interview puzzle?,question puzzle?,audience puzzle?
How can I get rid of my acne?,How can I get free of my acne?,How can I commence free of my acne?,How can i fetch free of my acne?
What are some of the best schools to learn plastic surgery?,What are some of the best schools to learn pliant surgery?,What are some of the full schools to ascertain plastic surgery?,What are some of the adept schools to take formative surgery?
What are the best american apparel blank t-shirts to print on?,What are the best american apparel blank jersey to print on?,What are the proficient american apparel blank t shirt to print on?,What are the best american garment dummy tee shirt to print on?
Why won't Google autocomplete swear words?,Why won't google autocomplete swear words?,Why won't google autocomplete depose words?,why won't google autocomplete swan words?
How do I calculate equivalent weight of potassium dichromate?,How do I estimate equivalent weight of potassium dichromate?,How do I account equivalent weight of atomic number  dichromate?,How do I account eq system of weights of potassium dichromate?
Is a stealth JF-17 under development?,Is a stealing JF-17 under development?,personify a stealing JF-17 under development?,comprise a stealing JF-17 under development?
How can I manage my anger?,How can I care my anger?,How can  contend my anger?,How can atomic number  wield my anger?
Is Southwest Airlines blocking foreign reservations?,Is southwesterly Airlines blocking foreign reservations?,personify Southwest air hose blocking foreign reservations?,Is south west airway lug foreign reservations?
Can we fill nitrogen in our normal car tyres?,Can we fill nitrogen in our convention car tyres?,tail end we fill nitrogen in our rule car tyres?,Can we satiate n in our normal railroad car tyres?
What is difference between test strategy and test plan?,What is difference between try out strategy and try out plan?,What is remainder between test scheme and test plan?,What is dispute between try out scheme and try out plan?
"Is it possible to get 3-4 months of leave/vacation in a banks (RBI, NABARD or any other nationalized bank)?","Is it possible to get 3-4 calendar month of leave/vacation in a banks (RBI, NABARD or any other nationalized bank)?","be it possible to get 3-4 month of leave/vacation in a banks (RBI, NABARD or any other nationalized bank)?","personify it potential to get 3-4 months of leave/vacation in a camber (RBI, NABARD or any other nationalized bank)?"
"Is it true that Spanish people don't say ""Te amo"" like in Latin America?","Is it honest that Spanish people don't say ""Te amo"" like in Latin America?","equal it true that Spanish people don't say ""Te amo"" like in latin America?","Is it true that spanish hoi polloi don't say ""Te amo"" like in romance America?"
"What is the best Google employee perk, and why?","What is the beneficial Google employee perk, and why?","What is the serious google employee perk, and why?","What is the in effect google employee perk, and why?"
How do I start writing on Quora?,How do I start committal to writing on Quora?,How do ace pop out writing on Quora?,How do single originate publish on Quora?
What is the difference between low context and high context marketing?,What is the remainder between low context and high context marketing?,What is the dispute between low spirited context and high context marketing?,What is the conflict between scummy linguistic context and high linguistic context marketing?
What should we do before exams?,What should we do before exams?,What should we do before exams?,What should we do before exams?
What are the benefits of an e-Aadhar card?,What are the welfare of an e-Aadhar card?,What are the welfare of an e-Aadhar card?,What are the profit of an e-Aadhar card?
How do I download test cases with design steps to excel from HP ALM?,How do I download test cases with purpose steps to excel from HP ALM?,How do I download test cases with aim stairs to excel from HP ALM?,How do single download test cases with conception steps to surpass from HP ALM?
How can you get a suspected cheating boyfriend to confess?,How can you get a mistrust cheating boyfriend to confess?,How can you get a distrust jockey boyfriend to confess?,How can you get a distrust unsporting beau to confess?
"I feel really depressed, can someone talk to me?","I smell really depressed, can someone talk to me?","I tone really depressed, can person talk to me?","unity finger really depressed, can somebody talk to me?"
What's the name of lord Shankar's father?,What's the constitute of lord Shankar's father?,What's the constitute of divine Shankar's father?,What's the refer of almighty Shankar's father?
What is the basic meaning of Quora?,What is the introductory meaning of Quora?,What is the staple significance of Quora?,What is the canonical think of Quora?
What are the most significant revelations from the emails in the Podesta (Secretary Clinton's campaign manager) leaks by Wikileaks?,What are the most significant divine revelation from the emails in the Podesta (Secretary Clinton's campaign manager) leaks by Wikileaks?,What are the most important revelations from the emails in the Podesta (Secretary Clinton's campaign manager) making water by Wikileaks?,What are the most pregnant divine revelation from the emails in the Podesta (Secretary Clinton's run manager) leaks by Wikileaks?
Why are human beings so intelligent compared to all the other kinds of animals?,Why are human beings so intelligent compared to all the other form of animals?,Why are human beings so intelligent liken to all the other variety of animals?,wherefore are homo beings so intelligent liken to all the other kinds of animals?
How do I reduce my weight?,How do I concentrate my weight?,How do one come down my weight?,How do unity cut down my weight?
"When making responsive websites, is it best to use measurement unit 'em' or can you still do it with 'px'?","When making responsive websites, is it right to use measurement unit 'em' or can you still do it with 'px'?","When making responsive websites, is it best to purpose measure unit 'em' or can you still do it with 'px'?","When pee antiphonal websites, is it upright to use measurement unit 'em' or can you still do it with 'px'?"
What were the qualities in King Ravana which made him the great king of Lanka?,What were the qualities in King Ravana which made him the great b b king of Lanka?,What were the caliber in male monarch Ravana which made him the great king of Lanka?,What were the lineament in King Ravana which take in him the not bad king of Lanka?
What is the business model of fresh.land?,What is the business organisation model of fresh.land?,What is the business concern pattern of fresh.land?,What is the line of work simulation of fresh.land?
How do I lose weight ayurvedically?,How do I lose system of weights ayurvedically?,How do  lose angle ayurvedically?,How do i miss system of weights ayurvedically?
"Which hob is good for Indian cooking, Elica or Faber?","Which hob is salutary for Indian cooking, Elica or Faber?","Which gremlin is goodness for Indian cooking, Elica or Faber?","Which imp is respectable for amerind cooking, Elica or Faber?"
Where is prostitution legal?,Where is harlotry legal?,Where is whoredom legal?,Where is whoredom legal?
What is most embrassing moment of your life?,What is most embrassing mo of your life?,What is most embrassing mo of your life?,What is most embrassing consequence of your life?
How should I dress for my brother's wedding?,How should I preen for my brother's wedding?,How should iodin habilitate for my brother's wedding?,How should one prune for my brother's wedding?
"If a very good looking man/woman has a resting bitch face, are people less likely to approach them?","If a very good looking man/woman has a resting bitch face, are mass less likely to approach them?","If a very good looking man/woman has a resting bitch face, are people less probably to go up them?","If a very good depend man/woman has a resting holler face, are people less belike to approach them?"
What do you think of the Interstate Highway System?,What do you think of the interstate Highway System?,What do you suppose of the interstate highway Highway System?,What do you intend of the interstate highway main road System?
Why do ladies often go to the bathroom together?,Why do ladies often xtc to the bathroom together?,Why do ladies much cristal to the bathroom together?,wherefore do maam often die to the bathroom together?
What is market risk (beta) in securities market?,What is market risk (beta) in surety market?,What is market hazard (beta) in security system market?,What is market place risk of infection (beta) in security market?
What are your views on Modi governments decision to demonetize 500 and 1000 rupee notes? How will this affect economy?,What are your views on Modi governments decision to demonetise 500 and 1000 rupee notes? How will this affect economy?,What are your take in on Modi governments decision to demonetize 500 and k rupee notes? How will this affect economy?,What are your scene on Modi governments conclusion to demonetise 500 and 1000 rupee notes? How will this affect economy?
"Do you have a tattoo you regret? If so, what is it and why do you regret it?","make you have a tattoo you regret? If so, what is it and why do you regret it?","set you have a tattoo you regret? If so, what is it and why do you ruefulness it?","arrange you have a tattoo you regret? If so, what is it and why do you sorrow it?"
What is Klinefelter Syndrome?,What is harry fitch kleinfelter Syndrome?,What is harry fitch kleinfelter Syndrome?,What is klinefelter Syndrome?
"How do I get rid of old post on my Facebook page, with deleting each one?","How do iodine get rid of old post on my Facebook page, with deleting each one?","How do I arrest rid of sometime post on my Facebook page, with deleting each one?","How do i get disembarrass of old post on my Facebook page, with cancel each one?"
"Why is Detroit in such ruin, and is it really that bad to live there, or is it just media hype?","why is Detroit in such ruin, and is it really that bad to live there, or is it just media hype?","Why is Detroit in such ruin, and is it really that speculative to live there, or is it just spiritualist hype?","why is Detroit in such ruin, and is it really that badness to hold up there, or is it just media hype?"
"I have an idea for an app, how would I go about patenting it?","I have an melodic theme for an app, how would I go about patenting it?","I have an melodic theme for an app, how would I go about patent it?","unity have an musical theme for an app, how would unity go about patent it?"
What job profiles in SSC-CGL provide enough time to prepare for civil services?,What job profiles in SSC-CGL provide enough time to get up for civil services?,What business profiles in SSC-CGL provide decent time to prepare for civil services?,What job visibility in SSC-CGL put up enough time to prepare for polite services?
What does MMR in startup business exactly stand for?,What does MMR in startup business exactly standpoint for?,What does MMR in startup business concern incisively stand for?,What does MMR in inauguration business concern on the nose stand for?
Is infosys a service based company?,Is infosys a service ground company?,equal infosys a service found company?,be infosys a inspection and repair free base company?
Is there a Drug and Alcohol Rehab Center in Dillingham County AK?,Is there a Drug and alcohol Rehab Center in Dillingham County AK?,Is there a Drug and alcoholic drink Rehab inwardness in Dillingham County AK?,Is there a drug and Alcohol Rehab marrow in Dillingham county AK?
Are there any Amazon scraping tools for Mac? Tools that can help track prices and copy of products over time.,Are there any Amazon scratch up tools for Mac? Tools that can help track prices and copy of products over time.,Are there any Amazon scraping tools for Mac? dick that can help track prices and copy of merchandise over time.,Are there any amazon river scraping tools for Mac? prick that can help oneself track prices and copy of products over time.
Can a 13 year old girl fall inlove with a 25 year old guy?,Can a 13 year honest to god girl fall inlove with a 25 year honest to god guy?,Can a 13 twelvemonth old girl fall inlove with a  twelvemonth old guy?,Can a bakers dozen twelvemonth old girl fall inlove with a  twelvemonth old guy?
Is there a website where you can post videos of your golf swing for advice/feedback in EU?,Is there a web site where you can post videos of your golf swing for advice/feedback in EU?,equal there a website where you can mail videos of your golf swing for advice/feedback in EU?,Is there a web site where you can spot videos of your golf game swing for advice/feedback in EU?
How do I find investors for my medical startup?,How do I find investors for my medical checkup startup?,How do atomic number  find investors for my medical checkup startup?,How do i find investor for my checkup startup?
Is NET (National Exam for lecturer post) exam more tougher than SET (Karnataka State Exam for lecturer post)?,Is NET (National Exam for lecturer post) exam more tougher than localise (Karnataka State Exam for lecturer post)?,exist NET (National Exam for lecturer post) exam more tougher than rig (Karnataka State Exam for lecturer post)?,personify NET (National Exam for lecturer post) examination more tougher than SET (Karnataka state Exam for lecturer post)?
Is this WWIII?,be this WWIII?,comprise this WWIII?,equal this WWIII?
How should I approach the situation with a guy I like?,How should unity approach the situation with a guy unity like?,How should I feeler the place with a guy I like?,How should atomic number  approach path the billet with a guy atomic number  like?
I was born in Malaysia. My natural parents are both from Taiwan and my status in Malaysia is stateless. Can I apply for Taiwanese citizenship?,I was born in Malaysia. My natural parents are both from Taiwan and my status in malaysia is stateless. Can I apply for Taiwanese citizenship?,I was deliver in Malaysia. My natural nurture are both from Taiwan and my status in Malaysia is stateless. Can I apply for Taiwanese citizenship?,I was born in Malaysia. My natural bring up are both from Taiwan and my position in Malaysia is stateless. lavatory I apply for Taiwanese citizenship?
What is the best way to promote a Kindle book?,What is the best way to promote a elicit book?,What is the best way of life to promote a provoke book?,What is the intimately way of life to encourage a Kindle book?
Does blocking someone from Instagram cause them to be deleted from your follow/unfollow after unblocking?,perform blocking someone from Instagram cause them to be deleted from your follow/unfollow after unblocking?,Does blocking soul from Instagram causal agency them to be deleted from your follow/unfollow after unblocking?,Does jam soul from Instagram induce them to be deleted from your follow/unfollow after unblocking?
When I tell a girl I liked her?,When I secernate a girl I liked her?,When iodine william tell a girl iodine liked her?,When  tell a miss  like her?
"A girl was going to college and a boy asked her name. The girl said: ""20 years 6 months"". What could the girl's name be?","vitamin a girl was going to college and a boy asked her name. The girl said: ""20 years 6 months"". What could the girl's name be?","A girl was endure to college and a boy asked her name. The girl said: ""20 years 6 months"". What could the girl's distinguish be?","A girlfriend was going to college and a boy enquire her name. The girlfriend said: ""20 years vi months"". What could the girl's name be?"
How does oxygen help plants and animals?,How does oxygen help constitute and animals?,How does o supporter plants and animals?,How does atomic number  facilitate plant and animals?
What do you do about a fear of driving?,What do you do about a care of driving?,What do you do about a venerate of driving?,What do you do about a revere of driving?
What's the best way to sell a software product/service to movie theaters?,What's the skilful way to sell a software product/service to movie theaters?,What's the best way to trade a software product/service to pic theaters?,What's the practiced way to betray a computer software product/service to movie theaters?
Is it possible to not be a citizen of any country?,Is it potential to not be a citizen of any country?,live it potential to not be a citizen of any country?,live it potential to not be a citizen of any country?
What can someone do if they've lost the wireless USB connector to their Logitech keyboard and mouse?,What can someone do if they've bemused the wireless USB connector to their Logitech keyboard and mouse?,What can soul do if they've lost the wireless USB connecter to their Logitech keyboard and mouse?,What can individual do if they've fall behind the radio set USB connector to their Logitech keyboard and mouse?
What should I wear for my brother's engagement?,What should atomic number  wear for my brother's engagement?,What should single vesture for my brother's engagement?,What should i article of clothing for my brother's engagement?
What is the difference between 例如 (lìrú) and 比如 (bǐrú)?,What is the departure between 例如 (lìrú) and 比如 (bǐrú)?,What is the remainder between 例如 (lìrú) and 比如 (bǐrú)?,What is the deviation between 例如 (lìrú) and 比如 (bǐrú)?
What would Voldemort have done if he survived and escaped at the end of the 7th book instead of dying?,What would Voldemort have done if he survived and escape at the end of the 7th book instead of dying?,What would Voldemort have fare if he survived and break away at the end of the 7th book instead of dying?,What would Voldemort have coiffe if he survived and escape at the end of the 7th ledger instead of dying?
How did you become social?,How did you go social?,How did you get social?,How did you turn social?
What should I have to do to make my english and communication skills perfect?,What should I have to do to make my english and communication attainment perfect?,What should I have to do to prepare my english and communicating skills perfect?,What should single have to do to make my english language and communicating skills perfect?
What are some things new employees should know going into their first day at Seacoast Banking?,What are some things new employees should know going into their beginning day at Seacoast Banking?,What are some things unexampled employee should know going into their first day at Seacoast Banking?,What are some matter new employees should know proceed into their first daylight at Seacoast Banking?
Will earth's crust ever cool down?,Will earth's insolence ever cool down?,Will earth's incrustation ever cool off down?,bequeath earth's crust always aplomb down?
Who are some lesser known important historical figures of Cyprus and what should people know about them?,Who are some lesser known important historical figures of Cyprus and what should people recognize about them?,Who are some lesser known of import historical figures of cyprus and what should people know about them?,world health organization are some lesser recognise of import historical figures of Cyprus and what should people know about them?
What is the mystery behind holy grail?,What is the closed book behind holy grail?,What is the secret behind sanctum grail?,What is the enigma hindquarters holy place grail?
What percentage of people in the US believe the Apollo moon landing was a hoax?,What percentage of masses in the US believe the Apollo moon landing was a hoax?,What percentage of people in the US consider the phoebus moon landing was a hoax?,What part of people in the US believe the phoebus moon down was a hoax?
What can cause a woman's period to be late?,What can cause a woman's geological period to be late?,What can causal agency a woman's menses to be late?,What can drive a woman's point to be late?
What are the best car technology gadgets?,What are the well car technology gadgets?,What are the sound cable car technology gadgets?,What are the upright elevator car engineering science gadgets?
Why does Allah of Islam favor his sons but discriminate against his daughters?,Why does allah of Islam favor his sons but discriminate against his daughters?,why does Allah of muhammadanism favor his sons but discriminate against his daughters?,Why does Allah of Islam party favour his boy but separate against his daughters?
"What is the difference between sand, silt, clay, loam and humus?","What is the departure between sand, silt, clay, loam and humus?","What is the difference of opinion between sand, silt, clay, loam and humus?","What is the dispute between sand, silt, clay, loam and humus?"
What are some of your favourite social networking sites?,What are some of your favourite societal networking sites?,What are some of your ducky social network sites?,What are some of your favorite mixer network sites?
What are the programming languages that will be used in the future?,What are the programming languages that will be ill used in the future?,What are the program languages that will be expend in the future?,What are the computer programming oral communication that will be employ in the future?
How would I possibly make kitsch art?,How would I perchance make kitsch art?,How would single mayhap make kitsch art?,How would i maybe clear kitsch art?
How hard is it to practice water polo compared to boating?,How hard is it to practice urine polo compared to boating?,How intemperately is it to practice weewee polo compared to boating?,How hard is it to commit water marco polo equate to boating?
If I go to sprint and ask for a free iPhone if I switch will they do it?,If I go to sprint and ask for a justify iPhone if I switch will they do it?,If unity run low to sprint and ask for a free iPhone if unity switch will they do it?,If I go to dash and take for a free iPhone if I switching will they do it?
What are some things new employees should know going into their first day at Kimball Electronics?,What are some things new employees should screw going into their first day at Kimball Electronics?,What are some things new employees should have intercourse depart into their first day at Kimball Electronics?,What are some things new employee should know hold up into their first solar day at Kimball Electronics?
What is distributed computing? Can u explain with an example?,What is distributed computing? fanny u explain with an example?,What is dish out computing? Can uranium explain with an example?,What is distributed computing? canful uracil excuse with an example?
Do we need pay long term gain tax over equality?,Do we need pay long term gain taxation over equality?,Do we motivation pay long term win tax over equality?,Do we need devote foresighted term gain taxation over equality?
What are the most interesting facts about Antarctica?,What are the most interesting fact about Antarctica?,What are the most concern fact about Antarctica?,What are the most worry fact about Antarctica?
What song plays over the end credits to the 2002 movie Summer Things?,What song plays over the end credits to the 2002 movie summer Things?,What song plays over the end credits to the 2002 moving picture show summertime Things?,What song frolic over the closing credits to the 2002 movie summertime Things?
What should I do to last longer in bed?,What should ane do to last longer in bed?,What should  do to last thirster in bed?,What should  do to concluding prospicient in bed?
What is the reason why the systolic pressure is higher than the diastolic pressure?,What is the reason why the systolic pressure is gamy than the diastolic pressure?,What is the reason why the systolic pressure sensation is high pitched than the diastolic pressure?,What is the grounds why the systolic imperativeness is high pitched than the diastolic pressure?
I am a high school student and I want to work at NASA. What should I do?,I am a high school student and I wishing to work at NASA. What should I do?,I am a senior high school school student and I want to study at NASA. What should I do?,i am a gamy school student and i need to work at NASA. What should i do?
Which are the top venture capital firms in Switzerland?,Which are the top venture capital firm in Switzerland?,Which are the big top venture upper case letter firms in Switzerland?,Which are the crest venture upper case letter business firm in Switzerland?
Are these two sentences grammatically correct?,Are these deuce sentences grammatically correct?,Are these deuce condemn grammatically correct?,ar these deuce condemn grammatically correct?
What black and white photo effect is this?,What black and white picture effect is this?,What shirley temple and white photo impression is this?,What mordant and white photograph upshot is this?
Is it allowed for a dependent of UK Tier2 General category visa to work in the UK? Is any additional visa/paperwork needed to be eligible to work in the UK?,Is it allowed for a dependent of UK Tier2 general category visa to work in the UK? Is any additional visa/paperwork needed to be eligible to work in the UK?,Is it allowed for a dependent of UK Tier2 cosmopolitan category visa to work in the UK? Is any additional visa/paperwork required to be eligible to work in the UK?,Is it allowed for a dependant of britain Tier2 General category visa to cultivate in the UK? Is any additional visa/paperwork needed to be eligible to cultivate in the UK?
"On a date, what should I do to make a girl fall for me?","along a date, what should I do to make a girl fall for me?","On a date, what should I do to do a girl pass for me?","On a date, what should atomic number  do to pretend a missy fall for me?"
How do I improve my programming skills from scratch on my own?,How do atomic number  improve my programming skills from scratch on my own?,How do I improve my program accomplishment from scratch on my own?,How do atomic number  improve my computer programing skills from rub on my own?
Is self training of martial arts possible?,Is self preparation of martial arts possible?,Is self take aim of martial artwork possible?,make up ego school of martial arts possible?
What are some good rap songs to dance to?,What are some good rap songs to trip the light fantastic toe to?,What are some good knap sung dynasty to dance to?,What are some goodness belt song dynasty to dance to?
What are the interivew questions generally they ask in UES?,What are the interivew questions broadly speaking they ask in UES?,What are the interivew motion generally they expect in UES?,What are the interivew interrogative loosely they expect in UES?
What is life like after clearing SSC CGL?,What is life the likes of after clearing SSC CGL?,What is lifespan like after crystalize SSC CGL?,What is biography the likes of after crystalize SSC CGL?
How does one become confident?,How does nonpareil become confident?,How does  turn confident?,How does unmatchable go confident?
What is the toughest math problem?,What is the hard math problem?,What is the problematical mathematics problem?,What is the problematical mathematics problem?
"Although labeled a terrorist & does not support freedom of speech, why the living standards of Muslim country is better than non-Muslim countries?","Although labeled a terrorist & does not support freedom of speech, why the living standards of Muslim country is advantageously than non-Muslim countries?","Although labeled a terrorist & does not support exemption of speech, why the living standards of muslim country is better than non-Muslim countries?","Although labeled a terrorist & does not support exemption of speech, why the last standards of Muslim country is honorable than non-Muslim countries?"
How do I start a start-up in India?,How do i start a start-up in India?,How do iodine starting signal a start-up in India?,How do i starting line a start-up in India?
How do I hate a good person?,How do atomic number  hate a good person?,How do iodine hate a just person?,How do ace detest a upright person?
How do you write 15 December 2016 without using numbers?,How do you compose 15 December 2016 without using numbers?,How do you write 15 december 2016 without practice numbers?,How do you drop a line  dec 2016 without using numbers?
What happens in proto-diastolic phase in cardiac cycle?,What bechance in proto-diastolic phase in cardiac cycle?,What go on in proto-diastolic stage in cardiac cycle?,What materialise in proto-diastolic stage in cardiac cycle?
"After 2 years of physical relationships, my boyfriend tells me he can't make commitments about a future together. Should I break up with him?","After 2 years of physical relationships, my boyfriend tells me he can't make commitments about a future together. Should single break up with him?","After two years of physical relationships, my boyfriend tells me he can't make commitments about a future together. Should iodin break up with him?","After two years of physical relationships, my boyfriend tells me he can't make commitments about a next together. Should one break up with him?"
How do I get omegle bots?,How do unity get omegle bots?,How do unity scram omegle bots?,How do i generate omegle bots?
Are there any Hindu rituals to summon a Demon?,Are there any Hindu rituals to come up a Demon?,Are there any hindi rituals to muster up a Demon?,live there any Hindu rite to muster a Demon?
"Which is better for BTech freshers, the AMCAT or Elitmus for ECE(2017–18) students who wants to pursue career as a software developer?","Which is better for BTech freshers, the AMCAT or Elitmus for ECE(2017–18) students who lack to pursue career as a software developer?","Which is better for BTech freshers, the AMCAT or Elitmus for ECE(2017–18) students who wants to act on career as a computer software developer?","Which is better for BTech freshers, the AMCAT or Elitmus for ECE(2017–18) scholarly person who deprivation to pursue career as a software package developer?"
What would you do if today is last day of earth?,What would you do if today is last clarence shepard day jr of earth?,What would you do if nowadays is last solar day of earth?,What would you do if now is finis sidereal day of earth?
Is co-living popular in Singapore?,Is co-living pop in Singapore?,live co-living democratic in Singapore?,cost co-living pop in Singapore?
Which is the best school in Bangalore?,Which is the practiced school in Bangalore?,Which is the outdo schooltime in Bangalore?,Which is the full civilize in Bangalore?
Does it hurt to die of a sleeping pill overdose?,Does it hurt to die of a sleeping contraceptive pill overdose?,Does it hurt to die of a dormancy oral contraceptive overdose?,Does it distress to become flat of a kip pill overdose?
How can I use the Facebook Messenger without a phone number?,How can iodine use the Facebook Messenger without a phone number?,How can ace use the Facebook courier without a phone number?,How can  use the Facebook messenger without a sound number?
Where can I get all the background music without the voice (of the singer)?,Where can I get all the background euphony without the voice (of the singer)?,Where can I bring all the background medicine without the voice (of the singer)?,Where can I aim all the setting euphony without the voice (of the singer)?
What is Navy SEALs salary?,What is Navy stamp salary?,What is us navy navy seal salary?,What is navy blue seal off salary?
What are the most upvoted answers on Quora?,What are the most upvoted solvent on Quora?,What are the most upvoted solution on Quora?,What are the most upvoted respond on Quora?
What is the salary of CMA US in India if we do CMA US outside India?,What is the salary of CMA US in bharat if we do CMA US outside India?,What is the wage of CMA united states in India if we do CMA united states outside India?,What is the earnings of CMA united states in India if we do CMA united states external India?
Can I upload part of anime videos on YouTube and monetize it without copyright issue?,Can I upload division of anime videos on YouTube and monetize it without copyright issue?,Can single upload part of anime videos on YouTube and monetize it without right of first publication issue?,Can iodine upload part of zanzibar copal videos on YouTube and monetize it without right of first publication issue?
I feel really sleepy for about 40 minutes after having lunch. What should I do to tackle this problem when at work?,I feel really sleepyheaded for about 40 minutes after having lunch. What should I do to tackle this problem when at work?,I feel really sleepy eyed for about 40 minutes after having lunch. What should I do to undertake this problem when at work?,one feel really sleepyheaded for about 40 minutes after having lunch. What should one do to tackle this trouble when at work?
"What does ""place of issue"" mean on a U.S. Passport?","What does ""place of issue"" mean on a united states of america Passport?","What does ""place of issue"" beggarly on a us Passport?","What does ""place of issue"" base on a united states government Passport?"
What are some unusual aspects about politics and government in São Tomé and Príncipe?,What are some unusual scene about politics and government in São Tomé and Príncipe?,What are some unusual look about politics and authorities in São Tomé and Príncipe?,What are some strange view about political science and government in São Tomé and Príncipe?
How long will .01 shot of meth be detectable with a mouthswab test?,How foresightful will .01 shot of meth be detectable with a mouthswab test?,How long will .01 guesswork of meth be perceptible with a mouthswab test?,How foresightful will .01 hit of meth be perceptible with a mouthswab test?
"I want to learn Machine Learning, from where I should start so that I can learn ML (and mathematics) in 3 months?","ace want to learn Machine Learning, from where ace should start so that ace can learn ML (and mathematics) in 3 months?","I deficiency to learn political machine Learning, from where I should start so that I can learn ML (and mathematics) in 3 months?","I neediness to instruct automobile Learning, from where I should start so that I can instruct ML (and mathematics) in 3 months?"
What are some of the worst design trends in 2016?,What are some of the sorry design trends in 2016?,What are some of the worst project curve in 2016?,What are some of the spoiled intent curve in 2016?
Do you believe in God? Why or why not?,practise you believe in God? Why or why not?,coiffure you believe in God? wherefore or why not?,brawl you consider in God? why or why not?
What are the best places one must visit in Pune at weekends?,What are the best seat one must visit in Pune at weekends?,What are the best position one mustiness visit in Pune at weekends?,What are the best places one and only mustiness travel to in Pune at weekends?
How do I go to university in Germany?,How do unity go to university in Germany?,How do atomic number  conk to university in Germany?,How do atomic number  expire to university in Germany?
How can I make tomato sauce for a chili recipe?,How can I lay down tomato sauce for a chili recipe?,How can I score tomato plant sauce for a chili recipe?,How can I puddle love apple sauce for a chilli recipe?
"If I held a rod that is 1 foot long in length and spun around in a circle at the speed of light, would the far end of the rod be travelling faster since it is covering a larger distance in the same time?","If unity held a rod that is 1 foot long in length and spun around in a circle at the speed of light, would the far end of the rod be travelling faster since it is covering a larger distance in the same time?","If I held a rod that is 1 foot long in distance and spun around in a circle at the speed of light, would the far end of the rod be travelling faster since it is cross a larger distance in the same time?","If I held a rod that is 1 foot long in length and spun around in a round at the rush of light, would the far end of the rod be travelling immobile since it is covering a larger distance in the same time?"
Why was there a perfect spy system in the Mauryan army?,Why was there a perfect spy scheme in the Mauryan army?,Why was there a perfect tense spot system in the Mauryan army?,why was there a unadulterated spy arrangement in the Mauryan army?
Are children usually smarter than their parents?,Are small fry usually smarter than their parents?,be fry usually smarter than their parents?,live youngster ordinarily smarter than their parents?
Why has the Tata Sons Board voted to remove Cyrus Mistry as chairman?,Why has the Tata logos Board voted to remove Cyrus Mistry as chairman?,Why has the Tata Sons Board voted to take cyrus Mistry as chairman?,wherefore has the Tata Sons Board voted to withdraw cyrus Mistry as chairman?
How helpful is doing digital marketing course?,How helpful is doing digital commercialise course?,How helpful is doing digital commercialise course?,How helpful is doing digital commercialise course?
Is golf a sport?,cost golf a sport?,embody golf game a sport?,be golf game a sport?
What are some of the best offline iOS apps?,What are some of the best offline io apps?,What are some of the intimately offline io apps?,What are some of the skillful offline io apps?
What is the secret behind the immense success of Quora?,What is the mystic behind the immense success of Quora?,What is the underground behind the brobdingnagian success of Quora?,What is the closed book behind the huge winner of Quora?
How does one organize/curate their own TEDx event?,How does unmatched organize/curate their own TEDx event?,How does matchless organize/curate their own TEDx event?,How does one and only organize/curate their own TEDx event?
Which are the best job consultant in pune for mechanical engineers?,Which are the best problem consultant in pune for mechanical engineers?,Which are the best chore adviser in pune for mechanical engineers?,Which are the honest speculate advisor in pune for mechanical engineers?
What are the causes of boredom and the best practice to get rid of it psychologically?,What are the causes of boredom and the best praxis to get rid of it psychologically?,What are the causes of ennui and the best apply to get rid of it psychologically?,What are the lawsuit of tedium and the best practice to get free of it psychologically?
"I am not able to solve JEE questions in my first try but as soon as I see the solution I get it, where am I going wrong?","I am not able to solve JEE questions in my first try but as shortly as I see the solution I get it, where am I going wrong?","I am not able to solve JEE interrogative in my first try but as soon as I construe the solution I get it, where am I going wrong?","I am not able to solve JEE questions in my first prove but as soon as I see to it the solution I get it, where am I fail wrong?"
How much weight can I lose in a month if I cycle for 8kms everyday for 31 days?,How much weight can I lose in a month if I cycle for 8kms mundane for 31 days?,How much weighting can unity lose in a month if unity cycle for 8kms everyday for 31 days?,How much weight can iodin lose in a calendar month if iodin motorbike for 8kms everyday for 31 days?
What is the most shocking thing you saw your sister do?,What is the most shocking matter you saw your sister do?,What is the most traumatize thing you proverb your sister do?,What is the most scandalize matter you ensure your sister do?
Where did Joseph Goebbels live in his younger years? Did he live with his parents?,Where did Joseph Goebbels bouncy in his younger years? Did he bouncy with his parents?,Where did Joseph Goebbels live in his unseasoned years? answer he live with his parents?,Where did joseph Goebbels go in his younger years? manage he go with his parents?
How do you delete all retweets from your Twitter account in a specified range of dates?,How do you delete all retweets from your Twitter account in a specified graze of dates?,How do you delete all retweets from your twitter account in a specified stove of dates?,How do you edit all retweets from your Twitter story in a specialize range of dates?
Does phone color matter?,Does earphone color matter?,make out phone tinge matter?,fare speech sound coloring matter?
"The active cell can only be changed by entering a new cell reference in the name box, true or false?","The active cadre can only be changed by entering a new cadre reference in the name box, true or false?","The participating cell can only be changed by entering a new cell reference in the name box, admittedly or false?","The active cell can only be changed by entering a modern cell point of reference in the key out box, true or false?"
"What's the difference between social democracy, welfare capitalism, and welfarism?","What's the difference between social democracy, upbeat capitalism, and welfarism?","What's the difference between mixer democracy, wellbeing capitalism, and welfarism?","What's the conflict between societal democracy, well being capitalism, and welfarism?"
Is it safe to carry hash from Kasol to home? How to get away with police and security?,Is it safe to carry hash from Kasol to home? How to take away with police and security?,Is it prophylactic to carry hash from Kasol to home? How to get away with patrol and security?,equal it safe to convey hash from Kasol to home? How to get away with constabulary and security?
"There are a lot of ideas I want to realize, however, I'm not so good with creating things. What courses should I take in college to help me with this?","There are a lot of ideas I want to realize, however, I'm not so good with produce things. What courses should I take in college to help me with this?","There are a lot of musical theme I want to realize, however, I'm not so good with creating things. What courses should I fill in college to help me with this?","in that respect are a slew of ideas I want to realize, however, I'm not so good with creating things. What courses should I take in college to supporter me with this?"
How do I become a star health insurance agent?,How do I suit a star health insurance agent?,How do I become a whiz wellness insurance agent?,How do atomic number  suit a genius health insurance agent?
How do you find out if there are free 24 hour legal advice hotlines?,How do you find out if there are free 24 time of day legal advice hotlines?,How do you notice out if there are disembarrass 24 hour legal advice hotlines?,How do you find out if there are relieve twenty four hour sound advice hotlines?
How do I write a test scenario for a mobile?,How do I write a essay scenario for a mobile?,How do I pen a screen scenario for a mobile?,How do i compose a tryout scenario for a mobile?
How can I get a job in core electronics?,How can I get a book of job in core electronics?,How can I get a task in meat electronics?,How can atomic number  get a speculate in center electronics?
How will I know if a girl is virgin?,How will I know if a lady friend is virgin?,How will I recognize if a daughter is virgin?,How will iodin bed if a young woman is virgin?
Why has the Philippine President Rodrigo Duterte refused to participate in ASEAN-India meeting in Laos?,Why has the filipino President Rodrigo Duterte refused to participate in ASEAN-India meeting in Laos?,Why has the filipino President Rodrigo Duterte decline to participate in ASEAN-India meeting in Laos?,Why has the Philippine president Rodrigo Duterte turn down to take part in ASEAN-India meeting in Laos?
Where are Peugeots made?,Where are Peugeots made?,Where are Peugeots made?,Where are Peugeots made?
I have just completed a BSc in biotechnology. Can I study public health for a master's?,I have just fill in a BSc in biotechnology. Can I study public health for a master's?,I have just dispatch a BSc in biotechnology. terminate I study public health for a master's?,ace have just completed a BSc in biotechnology. Can ace contemplate public wellness for a master's?
Do analytical philosophers take Hegel's logic seriously?,Do analytical philosopher take Hegel's logic seriously?,Do analytical philosopher take Hegel's logical system seriously?,Do analytic philosophers engage Hegel's logical system seriously?
What is highest package for EEE students of NIT calicut?,What is highest package for EEE students of nit calicut?,What is high software for EEE students of NIT calicut?,What is highest packet for EEE student of nit calicut?
"Relationship wise, what are some reasons why a person doesn't reply after an argument?","Relationship wise, what are some reasons why a mortal doesn't reply after an argument?","Relationship wise, what are some intellect why a person doesn't answer after an argument?","relationship wise, what are some understanding why a person doesn't answer after an argument?"
How do you pronounce 'villareal'?,How do you say 'villareal'?,How do you sound out 'villareal'?,How do you enounce 'villareal'?
Why do women chose bad men?,Why do women chose spoiled men?,why do women select bad men?,why do cleaning lady select bad men?
What are the different types of SIM cards?,What are the different typecast of SIM cards?,What are the dissimilar case of SIM cards?,What are the unlike eccentric of SIM cards?
How many engineering college are there in India?,How many engine room college are there in India?,How many engine room college are there in India?,How many engineering science college are there in India?
What are the best ways to cook steak in an oven?,What are the best ways to fudge steak in an oven?,What are the intimately ways to james cook steak in an oven?,What are the estimable shipway to captain cook steak in an oven?
How do you restore a deleted Plenty of Fish profile?,How do you restore a deleted great deal of Fish profile?,How do you bushel a deleted Plenty of angle profile?,How do you rejuvenate a erase Plenty of fish profile?
"I scored CGPA 9 in SA1, can I get overall 10 CGPA?","I scored CGPA 9 in SA1, can I baffle overall 10 CGPA?","atomic number  scored CGPA 9 in SA1, can atomic number  get boilers suit 10 CGPA?","I scored CGPA nina from carolina in SA1, can I get boilersuit  CGPA?"
Will Khan return in the upcoming Star Trek movies?,leave Khan return in the upcoming Star Trek movies?,Will Khan coming back in the upcoming whiz Trek movies?,testament caravansary tax return in the upcoming Star Trek movies?
How did you get money to start your startup and then how did you make it popular?,How did you buzz off money to start your startup and then how did you make it popular?,How did you mother money to bulge out your startup and then how did you make it popular?,How did you stick money to start your inauguration and then how did you stool it popular?
What are the best online sites to prepare for gate(EE)?,What are the best online sites to educate for gate(EE)?,What are the best on line model to prepare for gate(EE)?,What are the best on line sit down to cook for gate(EE)?
What are the best books for preparation of Civil Services examination?,What are the skillful books for preparation of Civil Services examination?,What are the best books for planning of polite Services examination?,What are the charles herbert best good book for preparation of polite Services examination?
How might I improve my answers on Quora to become a Top Writer?,How might I better my answers on Quora to become a Top Writer?,How power I amend my answers on Quora to become a Top Writer?,How power I amend my answers on Quora to become a pass Writer?
What type of restrictions was set by AppNexus in 2015?,What type of confinement was set by AppNexus in 2015?,What typecast of restriction was set by AppNexus in 2015?,What typewrite of restriction was hardened by AppNexus in 2015?
How true is the idea that a normal 9-5 worker cannot buy a Lamborghini?,How avowedly is the idea that a normal 9-5 worker cannot buy a Lamborghini?,How truthful is the idea that a normal 9-5 worker cannot bargain a Lamborghini?,How straight is the idea that a pattern 9-5 doer cannot buy a Lamborghini?
Is it possible that Elon Musk is a sociopath?,make up it possible that Elon Musk is a sociopath?,Is it potential that Elon musk is a sociopath?,equal it potential that Elon musk is a sociopath?
Will Donald Trump or Hillary Clinton win the 2016 US presidential election?,Will Donald outdo or Hillary Clinton win the 2016 US presidential election?,Will Donald ruff or Hillary Clinton pull ahead the 2016 US presidential election?,Will Donald best or edmund hillary president clinton win the 2016 US presidential election?
Where do the Indian forces (Army/Navy/Air Force) have bases outside of India?,Where do the Indian personnel (Army/Navy/Air Force) have bases outside of India?,Where do the Indian personnel (Army/Navy/Air Force) have bases exterior of India?,Where do the american indian force out (Army/Navy/Air Force) have bases exterior of India?
Who is the sexiest naked woman in the world?,who is the sexiest naked woman in the world?,world health organization is the aphrodisiac naked woman in the world?,who is the sexy nude woman in the world?
How can I overcome a desperation towards a girl and How can I have her? Situation is on details.,How can I have the best a desperation towards a girl and How can I have her? Situation is on details.,How can ace get the better of a desperation towards a girl and How can ace have her? Situation is on details.,How can I subdue a despair towards a girl and How can I have her? berth is on details.
Where can I get a database of Canadian family offices?,Where can I get a database of Canadian crime syndicate offices?,Where can I get a database of canadian kin offices?,Where can i beat a database of Canadian crime syndicate offices?
How are careers in botany changing and what's necessary to stay current?,How are careers in botany changing and what's necessity to stay current?,How are life history in botany changing and what's necessary to bide current?,How are life history in botany changing and what's requisite to abide current?
What do you mean by chemistry?,What do you meanspirited by chemistry?,What do you meanspirited by chemistry?,What do you intend by chemistry?
Who are Palantir's competitors?,world health organization are Palantir's competitors?,world health organization are Palantir's competitors?,world health organization are Palantir's competitors?
Why does Donald Trump refer to himself in third person like a child?,Why does Donald Trump refer to himself in third individual like a child?,Why does Donald Trump refer to himself in tierce individual like a child?,Why does Donald trump refer to himself in tertiary mortal like a child?
Which football club has the biggest fanbase?,Which football baseball club has the biggest fanbase?,Which football game club has the great fanbase?,Which football game cabaret has the cock a hoop fanbase?
"Who is your role model, and why?","Who is your office model, and why?","who is your purpose model, and why?","who is your part model, and why?"
What type of girlfriend/boyfriend you are?,What case of girlfriend/boyfriend you are?,What character of girlfriend/boyfriend you are?,What typecast of girlfriend/boyfriend you are?
How do postal codes in Canada differ from postal codes in the US?,How do postal codes in Canada dissent from postal codes in the US?,How do postal encipher in Canada disagree from postal encipher in the US?,How do postal tantalize in canada take issue from postal tantalize in the US?
Can we connect Sony Bravia TV with my iPad?,Can we connect Sony Bravia television set with my iPad?,nates we link Sony Bravia TV with my iPad?,lav we colligate Sony Bravia television with my iPad?
Which is a suitable inpatient drug and alcohol rehab center near Montgomery County GA?,Which is a suited inpatient drug and alcohol rehab center near Montgomery County GA?,Which is a suitable inpatient dose and alcohol rehab heart near Montgomery County GA?,Which is a desirable inpatient drug and alcohol rehab center come near lucy maud montgomery County GA?
How can we know that the Illuminati is real?,How can we screw that the Illuminati is real?,How can we make out that the Illuminati is real?,How can we hump that the Illuminati is real?
What are some major day-to-day problems that needs to be solved?,What are some john major day-to-day problems that needs to be solved?,What are some john r major day-to-day trouble that needs to be solved?,What are some john major day by day problem that needs to be solved?
"If I join Uber in 2015 as a software engineer with 0.3% equity stake, will I get at least a million when the company IPOs within 4 years at a $50B valuation?","If I join Uber in 2015 as a software package engineer with 0.3% equity stake, will I get at least a million when the company IPOs within 4 years at a $50B valuation?","If I join Uber in 2015 as a software engineer with 0.3% fairness stake, will I get at least a million when the company IPOs inside 4 years at a $50B valuation?","If I join Uber in 2015 as a software engineer with 0.3% equity stake, will I get at least a million when the accompany initial offering inside 4 years at a $50B valuation?"
"If I fire a gun vertically up to the sky, could somebody get hit by the returning bullet and die? Or would the bullet be destroyed by the friction on its downward journey?","If I fire a gun vertically up to the sky, could somebody get hit by the returning bullet train and die? Or would the bullet train be destroyed by the friction on its downward journey?","If I fire a gun vertically up to the sky, could somebody amaze hit by the returning bullet and die? or would the bullet be destroyed by the friction on its downward journey?","If I blast a gas vertically up to the sky, could somebody get hit by the returning bullet and die? Or would the bullet be destroyed by the clash on its downward journey?"
Does anyone want to brainstorm business ideas with me?,cause anyone want to brainstorm business ideas with me?,Does anyone desire to brainwave business ideas with me?,Does anyone require to insight business estimate with me?
"If you could change one thing about yourself, what would it be and why?","If you could modification one thing about yourself, what would it be and why?","If you could deepen unmatchable thing about yourself, what would it be and why?","If you could commute peerless affair about yourself, what would it be and why?"
Why is my period four days late?,Why is my period four  hour interval late?,Why is my menses four clarence shepard day jr late?,wherefore is my point quaternary days late?
What are the best websites a programmer should visit?,What are the best websites a software engineer should visit?,What are the best internet site a software engineer should visit?,What are the just web site a software engineer should visit?
Do you think scientists who are open enough to do a science AMA on Reddit would prefer answering questions on Quora instead if only they knew about Quora?,exercise you think scientists who are open enough to do a science AMA on Reddit would prefer answering questions on Quora instead if only they knew about Quora?,Do you think scientists who are open enough to do a science AMA on Reddit would prefer serve questions on Quora instead if only they eff about Quora?,Do you think scientist who are open enough to do a science AMA on Reddit would prefer respond questions on Quora instead if only they make love about Quora?
How can dogs understand human language?,How can dogs empathise human language?,How can go after empathize human language?,How can domestic dog infer human being language?
What does it feel like to date a needy girl or woman?,What does it feel wish to date a needy girl or woman?,What does it experience the like to date a needy girl or woman?,What does it feel same to go out a indigent girl or woman?
Which best and cheap badminton racket should I buy?,Which honest and cheap badminton racket should I buy?,Which best and cheap badminton noise should iodine buy?,Which scoop and cheap badminton illegitimate enterprise should atomic number  buy?
Why do people ask questions here in Quora instead of just googling?,Why do people ask questions here in Quora alternatively of just googling?,wherefore do citizenry ask questions here in Quora instead of just googling?,Why do hoi polloi expect questions here in Quora alternatively of just googling?
Is there any question which is never asked on any website or Quora?,Is there any inquiry which is never asked on any website or Quora?,Is there any question which is never involve on any internet site or Quora?,Is there any motion which is neer necessitate on any website or Quora?
World famous business astrologer in india?,World famous occupation astrologer in india?,universe renowned business astrologer in india?,earthly concern illustrious business astrologist in india?
What is the first programming language you learn?,What is the first program language you learn?,What is the low gear programming oral communication you learn?,What is the number  programme lyric you learn?
Is it possible for a hacker to gain access to a computers webcam and microphone?,Is it possible for a hacker to take in access to a computers webcam and microphone?,Is it possible for a hacker to win access to a calculator webcam and microphone?,Is it possible for a drudge to bring in access code to a computers webcam and microphone?
What causes your hands to shake?,What drive your hands to shake?,What do your pass to shake?,What have your workforce to shake?
What was the best day of your life? (Excluding family things like births),What was the good day of your life? (Excluding family things like births),What was the adept day of your life? (Excluding crime syndicate things like births),What was the adept day of your life? (Excluding house matter like births)
"How do I go from $0 to $1,000,000?","How do I tour from $0 to $1,000,000?","How do i operate from $0 to $1,000,000?","How do single blend in from $0 to $1,000,000?"
What is something that can never be new?,What is something that can neer be new?,What is something that can neer be new?,What is something that can neer be new?
How should I study chess openings?,How should I study bromus secalinus openings?,How should I report chess game openings?,How should unity report cheat openings?
How does MasterCard determine the fines imposed for BRAM content compliance issues?,How does MasterCard determine the fines imposed for BRAM contented compliance issues?,How does MasterCard fix the fines imposed for BRAM mental object compliance issues?,How does MasterCard specify the fines bring down for BRAM subject compliance issues?
Is it possible to completely change your personality?,Is it possible to whole change your personality?,Is it possible to whole commute your personality?,comprise it potential to completely deepen your personality?
Can I ever find true love?,Can ane ever find true love?,crapper  ever find true love?,Can I eer uncovering lawful love?
Which is better: C or C++?,Which is better: c or C++?,Which is better: speed of light or C++?,Which is better: nose candy or C++?
What is the best way to teach a child to read?,What is the best means to teach a child to read?,What is the best right smart to edward thatch a child to read?,What is the considerably manner to teach a baby to read?
What individuals and events in history are a source of pride for Estonia?,What individuals and events in story are a source of pride for Estonia?,What individuals and event in history are a root of pride for Estonia?,What somebody and events in account are a rootage of pride for Estonia?
How many members of the Navy SEAL team that killed Osama Bin Laden are still alive?,How many members of the Navy SEAL squad that killed Osama Bin Laden are still alive?,How many members of the Navy seal of approval team that wipe out Osama Bin Laden are still alive?,How many appendage of the usn SEAL squad that killed Osama Bin Laden are still alive?
Did you instantly know you were going to marry the person you did when you met them?,Did you instantly know you were going to marry the individual you did when you met them?,act you instantly know you were going to marry the someone you did when you met them?,Did you instantly hump you were going to conjoin the person you did when you fill them?
Does dissolving vitamins in hot water increase their effectiveness?,Does dissolving vitamins in spicy water increase their effectiveness?,department of energy dissolving vitamins in hot weewee increase their effectiveness?,Does dissolving vitamins in red hot water supply addition their effectiveness?
How is the presidency of Donald Trump going to affect India's IT industry?,How is the presidency of Donald Trump going to affect India's it industry?,How is the presidentship of Donald Trump going to strike India's IT industry?,How is the administration of Donald trump loss to affect India's IT industry?
Why would a westerner convert to Islam?,why would a westerner convert to Islam?,why would a western convert to Islam?,wherefore would a westerly convince to Islam?
In what ways do developed countries help developing countries economically?,indium what ways do developed countries help developing countries economically?,In what agency do uprise countries help developing countries economically?,inwards what ways do build up countries help germinate countries economically?
Do you believe that Christopher Columbus was a Jew?,Do you conceive that Christopher Columbus was a Jew?,Do you believe that christopher columbus was a Jew?,fare you believe that st christopher cristobal colon was a Jew?
What is the difference between Shure SE215-k and SE215-CL?,What is the conflict between Shure SE215-k and SE215-CL?,What is the remainder between Shure SE215-k and SE215-CL?,What is the difference of opinion between Shure SE215-k and SE215-CL?
How do you see who is following you on Quora?,How do you come across who is following you on Quora?,How do you consider who is watch you on Quora?,How do you view who is postdate you on Quora?
What are the must visit places in Greece?,What are the moldiness visit places in Greece?,What are the mustiness visit rate in Greece?,What are the mustiness bring down stead in Greece?
What should I put in the subject line of an email while applying for a job?,What should I put in the subject line of an email while use for a job?,What should I frame in the subject credit line of an email while applying for a job?,What should I put in the capable personal credit line of an email while lend oneself for a job?
"What are some practical alternatives to monoculture, and how should they be promoted?","What are some pragmatic alternatives to monoculture, and how should they be promoted?","What are some virtual choice to monoculture, and how should they be promoted?","What are some hard nosed choice to monoculture, and how should they be promoted?"
What developed countries are vegetarian friendly?,What developed area are vegetarian friendly?,What make grow state are vegetarian friendly?,What break rural area are vegetarian friendly?
Do you really believe in God? And why?,Do you really consider in God? And why?,answer you in truth believe in God? And why?,set you real conceive in God? And why?
Where can I find best rat control service in Sydney?,Where can I notice best rat control service in Sydney?,Where can single find practiced rat control service in Sydney?,Where can I notice comfortably fink control service in Sydney?
Does a transition matrix have to be square?,act a transition matrix have to be square?,get along a transition ground substance have to be square?,get along a modulation intercellular substance have to be square?
What is the soul satisfying thing you have ever experienced in your life?,What is the soul satisfying thing you have ever live in your life?,What is the soul comforting thing you have ever have in your life?,What is the individual satisfying thing you have always have in your life?
What ideas does Donald Trump have with him to make America great again?,What ideas does Donald Trump have with him to make America neat again?,What ideas does Donald scoop have with him to make America smashing again?,What estimate does Donald Trump have with him to make united states of america corking again?
What are the advantages to applying REA to Stanford?,What are the vantage to applying REA to Stanford?,What are the advantage to go for REA to Stanford?,What are the vantage to hold REA to Stanford?
How can I stop feeling guilty about something that happened a very long time ago?,How can I stop feeling shamefaced about something that happened a very long time ago?,How can I stop feeling guilty about something that happen a very long clock ago?,How can I stop consonant feeling shamefaced about something that happened a very long prison term ago?
How do I self prepare for the JEE advanced?,How do I ego prepare for the JEE advanced?,How do I ego gear up for the JEE advanced?,How do iodine ego make for the JEE advanced?
Why am I here?,wherefore am I here?,why am one here?,wherefore am ace here?
How many sleeping pills can cause death?,How many catch some zs pills can cause death?,How many catch some zs oral contraceptive pill can cause death?,How many dormancy birth control pill can movement death?
Is there a tougher entrance exam than IIT JEE at the pre university college level in india?,Is there a tougher becharm exam than IIT JEE at the pre university college level in india?,equal there a tougher catch exam than IIT JEE at the pre university college level in india?,Is there a sturdy entrance examination than IIT JEE at the pre university college plane in india?
Which team deserves to win IPL 2014? Why?,Which squad deserves to win IPL 2014? Why?,Which squad deserve to win IPL 2014? Why?,Which squad merit to pull ahead IPL 2014? Why?
How do I get rid of over thinking?,How do  get rid of over thinking?,How do I start out free of over thinking?,How do i mother free of over thinking?
How do cells know?,How do jail cell know?,How do cellphone know?,How do electric cell know?
Why do you find so many snakes at night compared to the amount of snakes found in the morning?,Why do you find so many snakes at dark compared to the amount of snakes found in the morning?,Why do you regain so many snakes at night compared to the amount of snakes set up in the morning?,wherefore do you notice so many snakes at night equate to the amount of snakes found in the morning?
What is courier agregator?,What is messenger agregator?,What is messenger agregator?,What is messenger agregator?
How can I understand machine learning?,How can I understand car learning?,How can atomic number  understand motorcar learning?,How can ace realise auto learning?
How do I become a runner?,How do  become a runner?,How do iodine get a runner?,How do ane suit a runner?
Do planet X exist?,Do planet go exist?,dress major planet X exist?,dress satellite adam exist?
What are the signs that you shouldn't do engineering?,What are the subscribe that you shouldn't do engineering?,What are the preindication that you shouldn't do engineering?,What are the sign that you shouldn't do engineering?
What is the best event management college in india?,What is the best case management college in india?,What is the good event direction college in india?,What is the considerably consequence direction college in india?
What should I do to get a job ?,What should single do to get a job ?,What should I do to set out a subcontract ?,What should iodin do to sire a farm out ?
Which is the best book for Python beginners to advance?,Which is the dear book for Python beginners to advance?,Which is the best ledger for python beginners to advance?,Which is the skilful book for python beginner to advance?
Does the Bible say Jesus is God?,Does the Bible enounce Jesus is God?,arrange the good book say Jesus is God?,energy the christian bible say redeemer is God?
What exactly is the Ratan Tata Cyrus mistry fiasco?,What exactly is the Ratan Tata cyrus the younger mistry fiasco?,What precisely is the ratan Tata Cyrus mistry fiasco?,What on the button is the ratan Tata cyrus the younger mistry fiasco?
How can I make a counting up number effect in power point?,How can I defecate a counting up number effect in power point?,How can one make a counting up number effect in ability point?,How can I take a shit a counting up number set up in major power point?
I am a IIT JEE repeater and I dont get time for revision of previous chapters taught in coaching because of lot of homework. What should I do?,I am a IIT JEE repeater and I dont get clock time for revision of previous chapters taught in coaching because of lot of homework. What should I do?,I am a IIT JEE habitual criminal and I dont get time for revision of previous chapters taught in coaching job because of lot of homework. What should I do?,I am a IIT JEE repeater and I dont get sentence for revision of late chapter taught in coaching because of lot of homework. What should I do?
Who owns the most AMOLED patents as of October 2014?,Who owns the most AMOLED patent as of October 2014?,Who possess the most AMOLED letters patent as of October 2014?,world health organization own the most AMOLED patents as of october 2014?
How does a cigarette lighter work?,How does a coffin nail lighter work?,How does a cigaret loose work?,How does a butt abstemious work?
Does Richard A. Muller know Richard S. Muller?,do Richard A. Muller know Richard S. Muller?,make out Richard A. Muller make out Richard S. Muller?,cause Richard A. johannes peter muller roll in the hay Richard S. Muller?
What types of crimes does the FBI have subject matter jurisdiction?,What types of crimes does the fbi have subject matter jurisdiction?,What types of crimes does the fbi have subject issue jurisdiction?,What type of crimes does the fbi have subject topic jurisdiction?
What are some interesting tactics which freedom fighters used against the English government before independence?,What are some interesting tactics which freedom fighters secondhand against the English government before independence?,What are some worry tactic which freedom fighters used against the English government before independence?,What are some concern tactics which freedom fighters habituate against the english language government before independence?
Why should people read biographies?,Why should masses read biographies?,wherefore should people scan biographies?,why should masses scan biographies?
Would 12 board exam marks matter for medical admission?,Would 12 board exam marks matter for aesculapian admission?,Would 12 display board exam marks matter for medical checkup admission?,Would 12 board test simon marks issue for medical admission?
How is discontinuing 500 and 1000 rupee note going to put a hold on black money in India?,How is lay off 500 and 1000 rupee note going to put a hold on black money in India?,How is give up 500 and 1000 rupee observe going to put a hold on black money in India?,How is give up 500 and 1000 rupee note going to arrange a have on black money in India?
Gillian Anderson: Is there anything you cook really well?,Gillian Anderson: follow there anything you cook really well?,Gillian Anderson: Is there anything you fix rattling well?,Gillian Anderson: be there anything you captain cook in truth well?
What is the healthiest diet in the world?,What is the healthiest dieting in the world?,What is the tidy dieting in the world?,What is the good for you dieting in the world?
What are the best business apps?,What are the best business concern apps?,What are the unspoilt patronage apps?,What are the topper line apps?
How did the British colonize India?,How did the British colonise India?,How did the british colonise India?,How did the brits colonise India?
Which is the best phone in today's market and why?,Which is the best phone in today's mart and why?,Which is the safe phone in today's mart and why?,Which is the unspoiled earpiece in today's securities industry and why?
What are some interesting social psychology experiments to try?,What are some interesting social psychology experimentation to try?,What are some interesting sociable psychological science experiments to try?,What are some interest mixer psychological science experiments to try?
Is it impossible for two persons to have exactly the same fingerprints?,Is it unacceptable for two persons to have exactly the same fingerprints?,embody it impossible for  persons to have exactly the same fingerprints?,live it insufferable for  persons to have exactly the same fingerprints?
How do I get more customers on board for data devices like dongles?,How do I stimulate more customers on board for data devices like dongles?,How do I get more customer on board for data devices corresponding dongles?,How do ace get more customers on get on for data devices care dongles?
How should I get rid off loneliness?,How should  get rid off loneliness?,How should one receive rid off loneliness?,How should iodine start disembarrass off loneliness?
What's the difference between an Indian millionaire and an US millionaire?,What's the difference between an red indian millionaire and an US millionaire?,What's the difference between an amerind millionaire and an united states millionaire?,What's the dispute between an red indian millionaire and an united states of america millionaire?
What is the correct usage of its versus it's?,What is the correct custom of its versus it's?,What is the discipline exercise of its versus it's?,What is the discipline custom of its versus it's?
Why do girls wear bra?,wherefore do girls wear bra?,wherefore do girlfriend wear bra?,why do lady friend wear off bra?
How can you remove permanent marker from plastic?,How can you remove permanent wave marker from plastic?,How can you bump off lasting marker from plastic?,How can you off permanent wave marking from plastic?
What is it like to do a PhD in experimental physics?,What is it same to do a PhD in experimental physics?,What is it like to do a phd in data based physics?,What is it same to do a phd in observational physics?
Dating and Relationships: How can I find out what social media my husband is on for free?,Dating and Relationships: How can one find out what social media my husband is on for free?,dating and Relationships: How can I find out what social mass medium my husband is on for free?,dating and Relationships: How can I find out what social metier my hubby is on for free?
How can I make money online for job?,How can I pee money online for job?,How can I puddle money on line for job?,How can i nominate money on line for job?
How can one track a mobile number location?,How can one cut across a mobile number location?,How can one get over a mobile come location?,How can  cover a mobile numeral location?
How much can an Uber driver earn in Kitchener?,How much can an Uber driver garner in Kitchener?,How much can an Uber number one wood realise in Kitchener?,How lots can an Uber number one wood bring in in Kitchener?
Is an AWS certification worth it?,cost an AWS certification worth it?,be an AWS certification deserving it?,be an AWS documentation charles frederick worth it?
Why do Bangladesh people hate India?,Why do Bangladesh people detest India?,wherefore do Bangladesh people hatred India?,why do bangladesh masses hate India?
What is Cerberus’ habitat?,What is Cerberus’ habitat?,What is Cerberus’ habitat?,What is Cerberus’ habitat?
What are the onsite salaries in Indian IT companies?,What are the onsite remuneration in Indian IT companies?,What are the onsite salary in Indian information technology companies?,What are the onsite salary in indian it companies?
What is your opinion on demonetization?,What is your view on demonetization?,What is your legal opinion on demonetization?,What is your notion on demonetization?
How do I buy Facebook likes?,How do I grease ones palms Facebook likes?,How do iodine grease ones palms Facebook likes?,How do ane corrupt Facebook likes?
Why does it seem like CNN is always slamming Trump?,Why does it appear like CNN is always slamming Trump?,Why does it seem the like CNN is always mosh Trump?,Why does it appear the like CNN is always mosh Trump?
What is chronons? How do you get chronons?,What is chronons? How do you develop chronons?,What is chronons? How do you gravel chronons?,What is chronons? How do you generate chronons?
How can I destroy my ego?,How can ane destroy my ego?,How can single destruct my ego?,How can unity destruct my ego?
What are some sad and happy face tattoo designs?,What are some sad and happy facial expression tattoo designs?,What are some sorry and well chosen face tattoo designs?,What are some lamentable and well chosen expression tattoo designs?
What comes first chicken or an egg?,What comes inaugural chicken or an egg?,What cum first wimp or an egg?,What ejaculate starting time gallus gallus or an egg?
Which are the best universities in the USA for doing a MS in Computer Science?,Which are the best universities in the USA for doing a m in Computer Science?,Which are the best university in the USA for doing a MS in computing device Science?,Which are the best university in the us army for doing a megabyte in Computer Science?
What is the difference between 2 tier and 3 tier AC?,What is the difference between deuce tier and 3 tier AC?,What is the difference between  tier and three tier AC?,What is the difference between deuce level and leash level AC?
How brilliant people study for exams?,How brilliant multitude study for exams?,How brilliant masses written report for exams?,How bright the great unwashed canvass for exams?
What is something that I don't know but you do?,What is something that iodin don't know but you do?,What is something that i don't bonk but you do?,What is something that ane don't sleep together but you do?
How do freight brokers find shippers?,How do freight brokers find out shippers?,How do load brokers breakthrough shippers?,How do cargo factor notice shippers?
What does litmus paper do and how is it made?,What does litmus newspaper do and how is it made?,What does litmus test theme do and how is it made?,What does litmus test newspaper do and how is it made?
How can I tell if I'm poor in America?,How can I tell if I'm poor people in America?,How can iodin order if I'm poor in America?,How can single say if I'm pathetic in America?
What is lobism?,What is lobism?,What is lobism?,What is lobism?
Why should I vote for Hillary Clinton and not Trump?,Why should I vote for sir edmund hillary Clinton and not Trump?,Why should i vote for Hillary hilary rodham clinton and not Trump?,wherefore should I ballot for hillary Clinton and not Trump?
What do you wish you knew before becoming a leader?,What do you care you knew before becoming a leader?,What do you wish you have a go at it before decorous a leader?,What do you want you do it before decorous a leader?
Does India need a dictatorship?,do India need a dictatorship?,practice India penury a dictatorship?,come india involve a dictatorship?
How much do you earn via your Android app [paid or free]?,How lots do you earn via your Android app [paid or free]?,How a lot do you clear via your Android app [paid or free]?,How a lot do you realise via your humanoid app [paid or free]?
"How do you survive a losing war, as a civilian?","How do you survive a fall behind war, as a civilian?","How do you live a turn a loss war, as a civilian?","How do you live a suffer war, as a civilian?"
How can I speak English more fluently?,How can I speak english more fluently?,How can ace verbalize English more fluently?,How can unity mouth side more fluently?
What is the best open source application for LANDSAT image analysis & land classification?,What is the best open rootage application for LANDSAT image analysis & land classification?,What is the best open up source application for LANDSAT figure analysis & land classification?,What is the practiced open source coating for LANDSAT image depth psychology & land classification?
How long would humans survive without the sun?,How long would human being survive without the sun?,How retentive would homo survive without the sun?,How tenacious would humankind subsist without the sun?
"What is a suitable solar panel installation provider near Los Angeles, California CA?","What is a suited solar panel installation provider near Los Angeles, California CA?","What is a suitable solar instrument panel installation provider approach Los Angeles, California CA?","What is a worthy solar panel installation provider come on Los Angeles, california CA?"
I have a (relatively gross) fetish and this is embarassing. How can I get rid of it?,i have a (relatively gross) fetish and this is embarassing. How can i get rid of it?,I have a (relatively gross) juju and this is embarassing. How can I arrive rid of it?,single have a (relatively gross) voodoo and this is embarassing. How can single stupefy rid of it?
What are the skills required to be a successful entrepreneur?,What are the accomplishment required to be a successful entrepreneur?,What are the attainment need to be a successful entrepreneur?,What are the science demand to be a successful entrepreneur?
Are fleshlights any good?,be fleshlights any good?,live fleshlights any good?,personify fleshlights any good?
Who was the worst president in U.S. history and why?,Who was the worst president in U.S. story and why?,world health organization was the worst chairman in U.S. history and why?,Who was the spoiled united states president in U.S. chronicle and why?
What is importance of Ruby gemstone?,What is importance of cherry red gemstone?,What is grandness of ruby red gemstone?,What is grandness of crimson gemstone?
Why can't I find my true love?,wherefore can't I find my true love?,Why can't atomic number  find my reliable love?,why can't unity come up my true love?
Will the current tension between India and Pakistan result in a war?,Will the stream tension between India and Pakistan result in a war?,bequeath the current tension between India and Pakistan resultant role in a war?,leave the stream tension between India and Pakistan effect in a war?
Why did Tiger Kill Kabali at the end of the movie?,Why did tiger Kill Kabali at the end of the movie?,Why did Tiger vote down Kabali at the closing of the movie?,why did tiger Kill Kabali at the destruction of the movie?
How do I hide Instagram followers?,How do I cover Instagram followers?,How do iodine cover Instagram followers?,How do one pelt Instagram followers?
"How much money per hour do Uber drivers make in Windsor, ON? What's the most a person can reasonably make per month?","How lots money per hour do Uber drivers make in Windsor, ON? What's the most a person can reasonably make per month?","How much money per hour do Uber number one wood make in Windsor, ON? What's the most a individual can reasonably make per month?","How a lot money per time of day do Uber drivers take a shit in Windsor, ON? What's the most a person can reasonably take a shit per month?"
"What are the provisions of section 35 of the Income-tax Act, 1961?","What are the commissariat of section 35 of the Income-tax Act, 1961?","What are the supply of section  of the Income-tax Act, 1961?","What are the proviso of department  of the Income-tax Act, 1961?"
What is the best gift you received from your Ex?,What is the best endow you received from your Ex?,What is the expert gift you standard from your Ex?,What is the substantially natural endowment you standard from your Ex?
What are the best books for power system?,What are the best record for power system?,What are the best bible for might system?,What are the undecomposed al quran for powerfulness system?
I want to do SAS analytics course. I am supposed to appear for entrance test for admission to SAS Academy. What are the typical questions in the exam?,I want to do SAS analytics course. I am supposed to seem for entrance test for admission to SAS Academy. What are the typical questions in the exam?,atomic number  want to do SAS analytics course. atomic number  am supposed to seem for entrance test for admission to SAS Academy. What are the typical questions in the exam?,I want to do SAS analytics course. I am supposed to seem for entrance tryout for price of admission to SAS Academy. What are the typical questions in the exam?
How do I learn quickly?,How do ane learn quickly?,How do atomic number  memorise quickly?,How do one con quickly?
How do I prepare for Net JRF in English literature?,How do I prepare for profit JRF in English literature?,How do unity set up for Net JRF in English literature?,How do ace organise for internet JRF in English literature?
Why is Quora so slow to refresh?,why is Quora so slow to refresh?,why is Quora so retard to refresh?,why is Quora so slow down to refresh?
Do you think scrapping of 500 and 1000 rupee denominations is going to eradicate corruption?,make out you think scrapping of 500 and 1000 rupee denominations is going to eradicate corruption?,Do you retrieve scrapping of 500 and thou rupee denominations is going to eradicate corruption?,Do you think quarrel of d and 1000 rupee appellation is going to eradicate corruption?
What is the affordable Removalists service provider in Australia?,What is the affordable Removalists robert william service provider in Australia?,What is the low priced Removalists service supplier in Australia?,What is the low cost Removalists robert william service supplier in Australia?
How can I better organize my thoughts before speaking?,How can unity better organize my thoughts before speaking?,How can I skillful organize my opinion before speaking?,How can single comfortably organize my sentiment before speaking?
How does H C Verma teach at IIT Kanpur?,How does h C Verma teach at IIT Kanpur?,How does atomic number  nose candy Verma teach at IIT Kanpur?,How does henry vitamin c Verma instruct at IIT Kanpur?
What are the safety precautions on handling shotguns proposed by the NRA in Minnesota?,What are the safety precautions on handling shotgun proposed by the NRA in Minnesota?,What are the safety precautions on cover shotguns proposed by the nra in Minnesota?,What are the guard precautions on handling shotgun purport by the NRA in Minnesota?
"What is the origin of the phrase, ""the world is your oyster""?","What is the origin of the phrase, ""the cosmos is your oyster""?","What is the inception of the phrase, ""the cosmos is your oyster""?","What is the root of the phrase, ""the earthly concern is your oyster""?"
What was Eugene Goldstein's major contributions in atoms?,What was Eugene Goldstein's major share in atoms?,What was Eugene Goldstein's john major part in atoms?,What was eugene Goldstein's john roy major share in atoms?
"What are some examples of endangered species in the tropical rainforest, and how do these differ from those in semi arid deserts?","What are some examples of endangered species in the tropical rainforest, and how do these dissent from those in semi arid deserts?","What are some examples of endangered coinage in the tropic rainforest, and how do these differ from those in semi arid deserts?","What are some examples of scupper coinage in the tropic rainforest, and how do these differ from those in semi arid deserts?"
Is demonetization a failure?,comprise demonetization a failure?,be demonetisation a failure?,constitute demonetisation a failure?
"What are the rules in the ""bro code""?","What are the dominion in the ""bro code""?","What are the ruler in the ""bro code""?","What are the ruler in the ""bro code""?"
How will Donald Trump becoming a president affect the Indian students who are trying to pursue their masters in America?,How will Donald Trump becoming a president affect the Indian students who are trying to pursue their master in America?,How will Donald Trump becoming a chairman affect the Indian students who are trying to engage their masters in America?,How will Donald Trump becoming a chairman affect the american indian language students who are strain to pursue their masters in America?
What are some TL;DRs of each of the most important governors of California?,What are some TL;DRs of each of the most of import governors of California?,What are some TL;DRs of each of the most crucial governor of California?,What are some TL;DRs of each of the most crucial regulator of California?
What are kinner/hijra?,What are kinner/hijra?,What are kinner/hijra?,What are kinner/hijra?
What was your childhood memories like in the 2000s?,What was your childhood memories similar in the 2000s?,What was your puerility memory like in the 2000s?,What was your puerility memory board the like in the 2000s?
How much is 1 lakh Indian Rupees in US Dollars?,How much is 1 lakh Indian indian rupee in US Dollars?,How a good deal is 1  Indian Rupees in US Dollars?,How much is i  amerind Rupees in US Dollars?
What is a good diet to lose weight?,What is a good diet to drop off weight?,What is a undecomposed dieting to lose weight?,What is a unspoiled dieting to drop off weight?
What is the typical cost break down of a mid rise building?,What is the distinctive cost break down of a mid rise building?,What is the distinctive be break down of a mid rise building?,What is the distinctive price pause down of a mid rise building?
What should people do about skill development while they are in school?,What should mass do about skill development while they are in school?,What should mass do about acquisition development while they are in school?,What should masses do about acquisition ontogenesis while they are in school?
How Do I become a product manager?,How Do I become a mathematical product manager?,How cause I suit a product manager?,How Do iodin get a ware manager?
How can I make money from casinos?,How can iodin make money from casinos?,How can unity pretend money from casinos?,How can  puddle money from casinos?
"What are the differences between a compiler, an interpreter and an assembler?","What are the divergence between a compiler, an interpreter and an assembler?","What are the divergence between a compiler, an translator and an assembler?","What are the deviation between a compiler, an spokesperson and an assembler?"
Is World War 3 on the way with the US Elections?,Is World state of war 3 on the way with the US Elections?,be mankind War 3 on the way with the US Elections?,Is public War threesome on the right smart with the US Elections?
How do I get into my Facebook if I can't remember passwords and I can't access email account?,How do I get into my Facebook if I can't remember parole and I can't access email account?,How do I beget into my Facebook if I can't remember passwords and I can't admittance email account?,How do ace get into my Facebook if ace can't remember countersign and ace can't admittance email account?
How does an ECU increase the torque and BHP?,How does an ECU increase the torsion and BHP?,How does an ECU growth the torsion and BHP?,How does an ECU step up the torsion and BHP?
What are the real numbers application?,What are the tangible numbers application?,What are the genuine identification number application?,What are the really numerate application?
Are YouTube partners who upload copyrighted video more likely to get their videos taken down than normal YouTube users?,Are YouTube partners who upload copyrighted video more probable to get their videos taken down than normal YouTube users?,Are YouTube pardner who upload copyrighted video more belike to get their videos taken down than normal YouTube users?,Are YouTube partners who upload copyrighted video more likely to get under ones skin their picture guide down than normal YouTube users?
Which is the best book for core Java?,Which is the considerably book for core Java?,Which is the upright script for core Java?,Which is the in force ledger for nucleus Java?
Does Germany have coconut trees?,Does Germany have coco palm trees?,cause germany have coconut trees?,execute federal republic of germany have coconut palm trees?
What is the Turing Test?,What is the turing Test?,What is the turing Test?,What is the alan mathison turing Test?
"Which option is better to reduce weight, swimming or gym?","Which option is better to keep down weight, swimming or gym?","Which option is upright to reduce weight, swim or gym?","Which option is easily to slenderize weight, swim or gym?"
What is the difference between compost and Farm Yard Manure (FYM)?,What is the difference between compost and Farm railway yard Manure (FYM)?,What is the difference between compost and grow Yard muck (FYM)?,What is the difference between compost and produce m muck (FYM)?
"If I delete my old Facebook account and create a new one, will I still be blocked by those who blocked my old account?","If I delete my old Facebook account and create a new one, will I hush be blocked by those who blocked my old account?","If I delete my old Facebook news report and create a new one, will I still be choke up by those who choke up my old account?","If single delete my old Facebook account statement and create a novel one, will single still be blocked by those who blocked my old account?"
How good is new delhi institute of management for MBA?,How good is new old delhi institute of management for MBA?,How goodness is modern delhi institute of management for MBA?,How sound is new old delhi constitute of management for MBA?
How do I make a homemade vape pen?,How do I take a shit a homemade vape pen?,How do ace throw a homemade vape pen?,How do i defecate a homemade vape pen?
What is the gross margin for stationery items?,What is the gross margin for letter paper items?,What is the gross allowance for letter paper items?,What is the pure gross profit margin for letter paper items?
How does PayU Money earn money despite offering payment discounts?,How does PayU Money clear money despite offering payment discounts?,How does PayU money earn money despite offer payment discounts?,How does PayU money bring in money disdain offering payment discounts?
"Is global warming now called climate change? If yes, why did they change the name?","Is world warming now called climate change? If yes, why did they change the name?","exist spherical warming now called climate change? If yes, why did they change the name?","make up spheric thawing now called climate change? If yes, why did they change the name?"
What is the cranial nerve for taste?,What is the cranial mettle for taste?,What is the cranial boldness for taste?,What is the cranial cheek for taste?
Why is Dark Souls 2 considered the weakest of the series by so many players?,Why is Dark Souls 2 considered the weakly of the series by so many players?,Why is nighttime Souls 2 considered the fallible of the series by so many players?,Why is Dark Souls 2 regard the imperfect of the serial by so many players?
What's the relevance of the national development council after the coming of NITI Ayog?,What's the relevancy of the national development council after the coming of NITI Ayog?,What's the relevance of the home development council after the fare of NITI Ayog?,What's the relevancy of the national maturation council after the get of NITI Ayog?
"What was the story between Michael and Diana Ross? Michael seemed to love her all his life, why weren't they together?","What was the chronicle between Michael and Diana Ross? Michael seemed to love her all his life, why weren't they together?","What was the story between Michael and princess of wales Ross? Michael appear to love her all his life, why weren't they together?","What was the story between michael and lady diana frances spencer Ross? michael appear to love her all his life, why weren't they together?"
What SNAP score is required to get a call from SIMS?,What breeze score is required to get a call from SIMS?,What SNAP score is command to begin a call from SIMS?,What SNAP account is required to incur a birdsong from SIMS?
"If I went back in time, and was killed, would I create a time loop?","If I went back in time, and was killed, would I create a prison term loop?","If unity went back in time, and was killed, would unity create a fourth dimension loop?","If I went book binding in time, and was killed, would I make a prison term loop?"
I completed civil engineering and I am interested in doing an MS. Which country is the best choice for me?,I completed civil engineering and I am matter to in doing an MS. Which country is the best choice for me?,I fill in civic engineering and I am interested in doing an MS. Which country is the best choice for me?,I completed civic engineer and I am interested in doing an MS. Which country is the outflank choice for me?
What is the best home loan in?,What is the best dwelling house loan in?,What is the respectable rest home loan in?,What is the near family lend in?
Who will win if war erupts between China & US?,Who will win if war flare between China & US?,Who will succeed if war erupts between chinaware & US?,world health organization will win if warfare erupts between china & US?
Why are there so many empty seats at the Rio Olympics?,Why are there so many empty tush at the Rio Olympics?,Why are there so many empty can at the rio de janeiro Olympics?,Why are there so many vacate seating at the rio de janeiro Olympics?
What is an average Pakistani's view about India's surgical operation in POK?,What is an average Pakistani's view about India's surgical surgical process in POK?,What is an average Pakistani's view about India's operative mathematical operation in POK?,What is an average Pakistani's look at about India's operative mathematical process in POK?
What is the spirit of Quora?,What is the life of Quora?,What is the sprightliness of Quora?,What is the inspirit of Quora?
How do I export my .csv from Shopify to eBay?,How do I exportation my .csv from Shopify to eBay?,How do atomic number  exportation my .csv from Shopify to eBay?,How do atomic number  exportation my .csv from Shopify to eBay?
Is a 658 credit score ranked as fair or good?,Is a 658 credit score rank as fair or good?,Is a 658 credit score grade as clean or good?,personify a 658 credit grudge rank as fair or good?
How can I treat dimples on my shoulders?,How can I treat dimpled chad on my shoulders?,How can single handle dimples on my shoulders?,How can iodine address dimpled chad on my shoulders?
Can I purchase a Vivo Y55L with smart screen flash online or it’s available in stores only?,Can I purchase a Vivo Y55L with voguish screen flash online or it’s available in stores only?,Can I purchase a Vivo Y55L with smart screen flash on line or it’s available in put in only?,lavatory I buy a Vivo Y55L with smart screen flash on line or it’s available in stores only?
Do employees at Immersion have a good work-life balance? Does this differ across positions and departments?,Do employees at Immersion have a good work-life balance? come this differ across positions and departments?,Do employees at Immersion have a good work-life balance? arrange this take issue across positions and departments?,Do employee at ingress have a good work-life balance? cause this differ across positions and departments?
Does Palantir give its employees raises?,behave Palantir give its employees raises?,exercise Palantir pay its employees raises?,department of energy Palantir fall in its employee raises?
What are the chances that Nifty will go down in the coming week?,What are the encounter that Nifty will go down in the coming week?,What are the chances that neat will blend down in the coming week?,What are the find that Nifty will die down in the hail week?
"Why can't we distribute the exponents over addition? I can prove it with simple problems, but what is the reasoning?","Why can't we distribute the index over addition? I can prove it with simple problems, but what is the reasoning?","Why can't we stagger the exponents over addition? iodin can prove it with simple problems, but what is the reasoning?","Why can't we distribute the exponents over addition? atomic number  can try out it with childlike problems, but what is the reasoning?"
Why was Hillary Clinton not asked if she endorsed Bernie Sanders?,why was Hillary Clinton not asked if she endorsed Bernie Sanders?,why was Hillary Clinton not asked if she endorse Bernie Sanders?,why was Hillary bill clinton not asked if she certify Bernie Sanders?
How can public participation promote integrity in India?,How can public participation encourage integrity in India?,How can public engagement kick upstairs integrity in India?,How can world engagement promote wholeness in India?
What's the best book on Joseph Goebbels?,What's the best book on joseph Goebbels?,What's the honorable book on chief joseph Goebbels?,What's the scoop ledger on joseph Goebbels?
"What is the deepest lake in Europe, and how does this lake's flora and fauna compare to that of Lake Van?","What is the deepest lake in Europe, and how does this lake's plant and fauna compare to that of Lake Van?","What is the deepest lake in Europe, and how does this lake's botany and fauna compare to that of lake Van?","What is the mystifying lake in Europe, and how does this lake's flora and beast equate to that of Lake Van?"
How would you describe gen y parents?,How would you key out gen y parents?,How would you depict gen y parents?,How would you trace gen y parents?
Where and how do silverfish hide?,Where and how do lepisma saccharina hide?,Where and how do lepisma saccharina hide?,Where and how do lepisma saccharina hide?
What's all about life?,What's all about life?,What's all about life?,What's all about life?
"Which type of car is better, Mercedes or BMW?","Which type of gondola is better, Mercedes or BMW?","Which eccentric of auto is better, Mercedes or BMW?","Which character of railcar is better, Mercedes or BMW?"
How can I overcome my fear of dying in my sleep?,How can I overcome my fear of pass in my sleep?,How can unity overcome my fright of dying in my sleep?,How can atomic number  whelm my fear of pop off in my sleep?
